timestamp, index, memory.used [MiB], utilization.gpu [%]
2026/10/03 14:44:32.384, 3, 199 MiB, 0 %
2026/10/03 14:44:33.387, 3, 199 MiB, 0 %
2026/10/03 14:44:34.387, 3, 199 MiB, 0 %
2026/10/03 14:44:35.387, 3, 199 MiB, 0 %
2026/10/03 14:44:36.388, 3, 199 MiB, 0 %
2026/10/03 14:44:37.388, 3, 199 MiB, 0 %
2026/10/03 14:44:38.388, 3, 199 MiB, 0 %
2026/10/03 14:44:39.388, 3, 199 MiB, 0 %
2026/10/03 14:44:40.389, 3, 199 MiB, 0 %
2026/10/03 14:44:41.389, 3, 199 MiB, 0 %
2026/10/03 14:44:42.389, 3, 199 MiB, 0 %
2026/10/03 14:44:43.389, 3, 199 MiB, 0 %
2026/10/03 14:44:44.390, 3, 4046 MiB, 0 %
2026/10/03 14:44:45.390, 3, 17970 MiB, 0 %
2026/10/03 14:44:46.390, 3, 17970 MiB, 23 %
2026/10/03 14:44:47.391, 3, 17970 MiB, 23 %
2026/10/03 14:44:48.391, 3, 17970 MiB, 23 %
2026/10/03 14:44:49.391, 3, 17950 MiB, 0 %
2026/10/03 14:44:50.392, 3, 17950 MiB, 0 %
2026/10/03 14:44:51.392, 3, 21062 MiB, 85 %
2026/10/03 14:44:52.392, 3, 21062 MiB, 95 %
2026/10/03 14:44:53.392, 3, 21064 MiB, 94 %
2026/10/03 14:44:54.393, 3, 43558 MiB, 56 %
2026/10/03 14:44:55.393, 3, 43568 MiB, 0 %
2026/10/03 14:44:56.393, 3, 43568 MiB, 0 %
2026/10/03 14:44:57.394, 3, 43568 MiB, 0 %
2026/10/03 14:44:58.394, 3, 43568 MiB, 0 %
2026/10/03 14:44:59.394, 3, 43824 MiB, 97 %
2026/10/03 14:45:00.394, 3, 43824 MiB, 94 %
2026/10/03 14:45:01.395, 3, 43824 MiB, 97 %
2026/10/03 14:45:02.395, 3, 43824 MiB, 100 %
2026/10/03 14:45:03.395, 3, 43824 MiB, 97 %
2026/10/03 14:45:04.395, 3, 43826 MiB, 97 %
2026/10/03 14:45:05.396, 3, 43826 MiB, 94 %
2026/10/03 14:45:06.396, 3, 43826 MiB, 99 %
2026/10/03 14:45:07.396, 3, 43826 MiB, 97 %
2026/10/03 14:45:08.396, 3, 43826 MiB, 97 %
2026/10/03 14:45:09.397, 3, 43826 MiB, 93 %
2026/10/03 14:45:10.397, 3, 43826 MiB, 0 %
2026/10/03 14:45:11.397, 3, 43826 MiB, 0 %
2026/10/03 14:45:12.398, 3, 43826 MiB, 0 %
2026/10/03 14:45:13.398, 3, 43826 MiB, 0 %
2026/10/03 14:45:14.398, 3, 43826 MiB, 97 %
2026/10/03 14:45:15.398, 3, 43826 MiB, 97 %
2026/10/03 14:45:16.399, 3, 43826 MiB, 97 %
2026/10/03 14:45:17.399, 3, 43826 MiB, 97 %
2026/10/03 14:45:18.399, 3, 43826 MiB, 100 %
2026/10/03 14:45:19.399, 3, 43826 MiB, 100 %
2026/10/03 14:45:20.399, 3, 43826 MiB, 100 %
2026/10/03 14:45:21.400, 3, 43826 MiB, 100 %
2026/10/03 14:45:22.400, 3, 43826 MiB, 100 %
2026/10/03 14:45:23.400, 3, 43826 MiB, 100 %
2026/10/03 14:45:24.401, 3, 43826 MiB, 100 %
2026/10/03 14:45:25.401, 3, 43826 MiB, 100 %
2026/10/03 14:45:26.401, 3, 43826 MiB, 100 %
2026/10/03 14:45:27.401, 3, 43826 MiB, 100 %
2026/10/03 14:45:28.402, 3, 43826 MiB, 100 %
2026/10/03 14:45:29.402, 3, 43826 MiB, 100 %
2026/10/03 14:45:30.402, 3, 43826 MiB, 100 %
2026/10/03 14:45:31.402, 3, 43826 MiB, 100 %
2026/10/03 14:45:32.403, 3, 43826 MiB, 100 %
2026/10/03 14:45:33.403, 3, 43826 MiB, 100 %
2026/10/03 14:45:34.403, 3, 43826 MiB, 100 %
2026/10/03 14:45:35.404, 3, 43826 MiB, 100 %
2026/10/03 14:45:36.404, 3, 43826 MiB, 100 %
2026/10/03 14:45:37.404, 3, 43826 MiB, 100 %
2026/10/03 14:45:38.404, 3, 43826 MiB, 100 %
2026/10/03 14:45:39.405, 3, 43826 MiB, 100 %
2026/10/03 14:45:40.405, 3, 43826 MiB, 100 %
2026/10/03 14:45:41.405, 3, 43826 MiB, 100 %
2026/10/03 14:45:42.405, 3, 43826 MiB, 100 %
2026/10/03 14:45:43.406, 3, 43826 MiB, 100 %
2026/10/03 14:45:44.406, 3, 43826 MiB, 100 %
2026/10/03 14:45:45.406, 3, 43826 MiB, 100 %
2026/10/03 14:45:46.406, 3, 43826 MiB, 100 %
2026/10/03 14:45:47.407, 3, 43826 MiB, 100 %
2026/10/03 14:45:48.407, 3, 43826 MiB, 100 %
2026/10/03 14:45:49.407, 3, 43826 MiB, 100 %
2026/10/03 14:45:50.407, 3, 43826 MiB, 100 %
2026/10/03 14:45:51.408, 3, 43826 MiB, 100 %
2026/10/03 14:45:52.408, 3, 43826 MiB, 100 %
2026/10/03 14:45:53.408, 3, 43826 MiB, 100 %
2026/10/03 14:45:54.408, 3, 43826 MiB, 100 %
2026/10/03 14:45:55.409, 3, 43826 MiB, 100 %
2026/10/03 14:45:56.409, 3, 43826 MiB, 100 %
2026/10/03 14:45:57.409, 3, 43826 MiB, 100 %
2026/10/03 14:45:58.409, 3, 43826 MiB, 100 %
2026/10/03 14:45:59.410, 3, 43826 MiB, 100 %
2026/10/03 14:46:00.410, 3, 43826 MiB, 100 %
2026/10/03 14:46:01.410, 3, 43828 MiB, 100 %
2026/10/03 14:46:02.410, 3, 43828 MiB, 100 %
2026/10/03 14:46:03.411, 3, 43828 MiB, 100 %
2026/10/03 14:46:04.411, 3, 43828 MiB, 100 %
2026/10/03 14:46:05.411, 3, 43828 MiB, 100 %
2026/10/03 14:46:06.411, 3, 43828 MiB, 100 %
2026/10/03 14:46:07.412, 3, 43828 MiB, 100 %
2026/10/03 14:46:08.412, 3, 43828 MiB, 100 %
2026/10/03 14:46:09.412, 3, 43828 MiB, 100 %
2026/10/03 14:46:10.412, 3, 43828 MiB, 100 %
2026/10/03 14:46:11.413, 3, 43828 MiB, 100 %
2026/10/03 14:46:12.413, 3, 43828 MiB, 100 %
2026/10/03 14:46:13.413, 3, 43828 MiB, 100 %
2026/10/03 14:46:14.413, 3, 43828 MiB, 100 %
2026/10/03 14:46:15.414, 3, 43828 MiB, 100 %
2026/10/03 14:46:16.414, 3, 43828 MiB, 100 %
2026/10/03 14:46:17.414, 3, 43828 MiB, 100 %
2026/10/03 14:46:18.414, 3, 43828 MiB, 100 %
2026/10/03 14:46:19.415, 3, 43828 MiB, 100 %
2026/10/03 14:46:20.415, 3, 43828 MiB, 100 %
2026/10/03 14:46:21.415, 3, 43828 MiB, 100 %
2026/10/03 14:46:22.415, 3, 43828 MiB, 100 %
2026/10/03 14:46:23.416, 3, 43828 MiB, 100 %
2026/10/03 14:46:24.416, 3, 43828 MiB, 100 %
2026/10/03 14:46:25.416, 3, 43828 MiB, 100 %
2026/10/03 14:46:26.416, 3, 43828 MiB, 100 %
2026/10/03 14:46:27.417, 3, 43828 MiB, 100 %
2026/10/03 14:46:28.417, 3, 43828 MiB, 100 %
2026/10/03 14:46:29.417, 3, 43828 MiB, 100 %
2026/10/03 14:46:30.417, 3, 43828 MiB, 100 %
2026/10/03 14:46:31.418, 3, 43828 MiB, 100 %
2026/10/03 14:46:32.418, 3, 43828 MiB, 100 %
2026/10/03 14:46:33.418, 3, 43828 MiB, 100 %
2026/10/03 14:46:34.418, 3, 43828 MiB, 100 %
2026/10/03 14:46:35.419, 3, 43828 MiB, 100 %
2026/10/03 14:46:36.419, 3, 43828 MiB, 100 %
2026/10/03 14:46:37.419, 3, 43828 MiB, 100 %
2026/10/03 14:46:38.419, 3, 43828 MiB, 100 %
2026/10/03 14:46:39.420, 3, 43828 MiB, 100 %
2026/10/03 14:46:40.420, 3, 43828 MiB, 100 %
2026/10/03 14:46:41.420, 3, 44272 MiB, 95 %
2026/10/03 14:46:42.420, 3, 44272 MiB, 100 %
2026/10/03 14:46:43.421, 3, 44272 MiB, 100 %
2026/10/03 14:46:44.421, 3, 44272 MiB, 100 %
2026/10/03 14:46:45.421, 3, 44272 MiB, 100 %
2026/10/03 14:46:46.421, 3, 44272 MiB, 100 %
2026/10/03 14:46:47.422, 3, 44272 MiB, 100 %
2026/10/03 14:46:48.422, 3, 44272 MiB, 100 %
2026/10/03 14:46:49.422, 3, 44272 MiB, 100 %
2026/10/03 14:46:50.422, 3, 44272 MiB, 100 %
2026/10/03 14:46:51.423, 3, 44272 MiB, 100 %
2026/10/03 14:46:52.423, 3, 44272 MiB, 100 %
2026/10/03 14:46:53.423, 3, 44272 MiB, 100 %
2026/10/03 14:46:54.424, 3, 44272 MiB, 100 %
2026/10/03 14:46:55.424, 3, 44272 MiB, 100 %
2026/10/03 14:46:56.424, 3, 44272 MiB, 100 %
2026/10/03 14:46:57.424, 3, 44272 MiB, 100 %
2026/10/03 14:46:58.425, 3, 44272 MiB, 100 %
2026/10/03 14:46:59.425, 3, 44272 MiB, 100 %
2026/10/03 14:47:00.425, 3, 44272 MiB, 100 %
2026/10/03 14:47:01.425, 3, 44272 MiB, 100 %
2026/10/03 14:47:02.426, 3, 44272 MiB, 100 %
2026/10/03 14:47:03.426, 3, 44272 MiB, 100 %
2026/10/03 14:47:04.426, 3, 44272 MiB, 100 %
2026/10/03 14:47:05.426, 3, 44272 MiB, 100 %
2026/10/03 14:47:06.427, 3, 44272 MiB, 100 %
2026/10/03 14:47:07.427, 3, 44272 MiB, 100 %
2026/10/03 14:47:08.427, 3, 44272 MiB, 100 %
2026/10/03 14:47:09.427, 3, 44272 MiB, 100 %
2026/10/03 14:47:10.428, 3, 44272 MiB, 100 %
2026/10/03 14:47:11.428, 3, 44272 MiB, 100 %
2026/10/03 14:47:12.428, 3, 44272 MiB, 100 %
2026/10/03 14:47:13.428, 3, 44272 MiB, 100 %
2026/10/03 14:47:14.429, 3, 44272 MiB, 100 %
2026/10/03 14:47:15.429, 3, 44272 MiB, 100 %
2026/10/03 14:47:16.429, 3, 44272 MiB, 100 %
2026/10/03 14:47:17.429, 3, 44272 MiB, 100 %
2026/10/03 14:47:18.430, 3, 44272 MiB, 100 %
2026/10/03 14:47:19.430, 3, 44272 MiB, 100 %
2026/10/03 14:47:20.430, 3, 44272 MiB, 100 %
2026/10/03 14:47:21.430, 3, 44272 MiB, 100 %
2026/10/03 14:47:22.431, 3, 44272 MiB, 100 %
2026/10/03 14:47:23.431, 3, 44272 MiB, 100 %
2026/10/03 14:47:24.431, 3, 44272 MiB, 100 %
2026/10/03 14:47:25.432, 3, 44272 MiB, 100 %
2026/10/03 14:47:26.432, 3, 44272 MiB, 100 %
2026/10/03 14:47:27.432, 3, 44272 MiB, 100 %
2026/10/03 14:47:28.433, 3, 44272 MiB, 100 %
2026/10/03 14:47:29.433, 3, 44272 MiB, 100 %
2026/10/03 14:47:30.433, 3, 44272 MiB, 100 %
2026/10/03 14:47:31.433, 3, 44460 MiB, 97 %
2026/10/03 14:47:32.434, 3, 44460 MiB, 100 %
2026/10/03 14:47:33.434, 3, 44460 MiB, 100 %
2026/10/03 14:47:34.434, 3, 44460 MiB, 100 %
2026/10/03 14:47:35.435, 3, 44460 MiB, 100 %
2026/10/03 14:47:36.435, 3, 44460 MiB, 100 %
2026/10/03 14:47:37.435, 3, 44460 MiB, 100 %
2026/10/03 14:47:38.436, 3, 44460 MiB, 100 %
2026/10/03 14:47:39.436, 3, 44460 MiB, 100 %
2026/10/03 14:47:40.436, 3, 44460 MiB, 100 %
2026/10/03 14:47:41.436, 3, 44460 MiB, 100 %
2026/10/03 14:47:42.437, 3, 44460 MiB, 100 %
2026/10/03 14:47:43.437, 3, 44460 MiB, 100 %
2026/10/03 14:47:44.437, 3, 44460 MiB, 100 %
2026/10/03 14:47:45.437, 3, 44460 MiB, 100 %
2026/10/03 14:47:46.438, 3, 44460 MiB, 100 %
2026/10/03 14:47:47.438, 3, 44460 MiB, 100 %
2026/10/03 14:47:48.438, 3, 44460 MiB, 100 %
2026/10/03 14:47:49.438, 3, 44460 MiB, 100 %
2026/10/03 14:47:50.439, 3, 44460 MiB, 100 %
2026/10/03 14:47:51.439, 3, 44460 MiB, 100 %
2026/10/03 14:47:52.439, 3, 44460 MiB, 100 %
2026/10/03 14:47:53.439, 3, 44460 MiB, 100 %
2026/10/03 14:47:54.440, 3, 44460 MiB, 100 %
2026/10/03 14:47:55.440, 3, 44460 MiB, 100 %
2026/10/03 14:47:56.440, 3, 44460 MiB, 100 %
2026/10/03 14:47:57.440, 3, 44460 MiB, 100 %
2026/10/03 14:47:58.441, 3, 44460 MiB, 100 %
2026/10/03 14:47:59.441, 3, 44460 MiB, 100 %
2026/10/03 14:48:00.441, 3, 44460 MiB, 100 %
2026/10/03 14:48:01.441, 3, 44460 MiB, 100 %
2026/10/03 14:48:02.442, 3, 44460 MiB, 100 %
2026/10/03 14:48:03.442, 3, 44460 MiB, 100 %
2026/10/03 14:48:04.442, 3, 44460 MiB, 100 %
2026/10/03 14:48:05.442, 3, 44460 MiB, 100 %
2026/10/03 14:48:06.443, 3, 44460 MiB, 100 %
2026/10/03 14:48:07.443, 3, 44460 MiB, 100 %
2026/10/03 14:48:08.443, 3, 44460 MiB, 100 %
2026/10/03 14:48:09.443, 3, 44460 MiB, 100 %
2026/10/03 14:48:10.444, 3, 44460 MiB, 100 %
2026/10/03 14:48:11.444, 3, 44460 MiB, 100 %
2026/10/03 14:48:12.444, 3, 44460 MiB, 100 %
2026/10/03 14:48:13.444, 3, 44460 MiB, 100 %
2026/10/03 14:48:14.445, 3, 44460 MiB, 100 %
2026/10/03 14:48:15.445, 3, 44460 MiB, 100 %
2026/10/03 14:48:16.445, 3, 44460 MiB, 100 %
2026/10/03 14:48:17.445, 3, 44460 MiB, 100 %
2026/10/03 14:48:18.446, 3, 44460 MiB, 100 %
2026/10/03 14:48:19.446, 3, 44460 MiB, 100 %
2026/10/03 14:48:20.446, 3, 44460 MiB, 100 %
2026/10/03 14:48:21.446, 3, 44460 MiB, 100 %
2026/10/03 14:48:22.447, 3, 44460 MiB, 100 %
2026/10/03 14:48:23.447, 3, 44460 MiB, 100 %
2026/10/03 14:48:24.447, 3, 44460 MiB, 100 %
2026/10/03 14:48:25.447, 3, 44460 MiB, 100 %
2026/10/03 14:48:26.448, 3, 44460 MiB, 100 %
2026/10/03 14:48:27.448, 3, 44460 MiB, 96 %
2026/10/03 14:48:28.448, 3, 44460 MiB, 100 %
2026/10/03 14:48:29.448, 3, 44460 MiB, 100 %
2026/10/03 14:48:30.449, 3, 44460 MiB, 100 %
2026/10/03 14:48:31.449, 3, 44460 MiB, 100 %
2026/10/03 14:48:32.449, 3, 44460 MiB, 100 %
2026/10/03 14:48:33.449, 3, 44460 MiB, 100 %
2026/10/03 14:48:34.450, 3, 44460 MiB, 100 %
2026/10/03 14:48:35.450, 3, 44460 MiB, 100 %
2026/10/03 14:48:36.450, 3, 44460 MiB, 100 %
2026/10/03 14:48:37.450, 3, 44460 MiB, 100 %
2026/10/03 14:48:38.451, 3, 44460 MiB, 100 %
2026/10/03 14:48:39.451, 3, 44460 MiB, 100 %
2026/10/03 14:48:40.451, 3, 44460 MiB, 100 %
2026/10/03 14:48:41.451, 3, 44460 MiB, 100 %
2026/10/03 14:48:42.452, 3, 44460 MiB, 100 %
2026/10/03 14:48:43.452, 3, 44460 MiB, 100 %
2026/10/03 14:48:44.452, 3, 44460 MiB, 100 %
2026/10/03 14:48:45.452, 3, 44460 MiB, 100 %
2026/10/03 14:48:46.453, 3, 44460 MiB, 100 %
2026/10/03 14:48:47.453, 3, 44460 MiB, 100 %
2026/10/03 14:48:48.454, 3, 44460 MiB, 100 %
2026/10/03 14:48:49.454, 3, 44460 MiB, 100 %
2026/10/03 14:48:50.454, 3, 44460 MiB, 100 %
2026/10/03 14:48:51.455, 3, 44460 MiB, 100 %
2026/10/03 14:48:52.455, 3, 44460 MiB, 100 %
2026/10/03 14:48:53.456, 3, 44460 MiB, 100 %
2026/10/03 14:48:54.456, 3, 44460 MiB, 100 %
2026/10/03 14:48:55.457, 3, 44460 MiB, 100 %
2026/10/03 14:48:56.457, 3, 44460 MiB, 100 %
2026/10/03 14:48:57.457, 3, 44460 MiB, 100 %
2026/10/03 14:48:58.457, 3, 44460 MiB, 100 %
2026/10/03 14:48:59.458, 3, 44460 MiB, 100 %
2026/10/03 14:49:00.458, 3, 44460 MiB, 100 %
2026/10/03 14:49:01.458, 3, 44460 MiB, 100 %
2026/10/03 14:49:02.458, 3, 44460 MiB, 100 %
2026/10/03 14:49:03.460, 3, 44460 MiB, 100 %
2026/10/03 14:49:04.460, 3, 44460 MiB, 100 %
2026/10/03 14:49:05.460, 3, 44460 MiB, 100 %
2026/10/03 14:49:06.460, 3, 44460 MiB, 100 %
2026/10/03 14:49:07.461, 3, 44460 MiB, 100 %
2026/10/03 14:49:08.461, 3, 44460 MiB, 100 %
2026/10/03 14:49:09.461, 3, 44460 MiB, 100 %
2026/10/03 14:49:10.461, 3, 44460 MiB, 100 %
2026/10/03 14:49:11.462, 3, 44460 MiB, 100 %
2026/10/03 14:49:12.462, 3, 44460 MiB, 100 %
2026/10/03 14:49:13.462, 3, 44460 MiB, 100 %
2026/10/03 14:49:14.462, 3, 44460 MiB, 100 %
2026/10/03 14:49:15.463, 3, 44460 MiB, 100 %
2026/10/03 14:49:16.463, 3, 44460 MiB, 100 %
2026/10/03 14:49:17.463, 3, 44460 MiB, 100 %
2026/10/03 14:49:18.463, 3, 44460 MiB, 100 %
2026/10/03 14:49:19.464, 3, 44460 MiB, 100 %
2026/10/03 14:49:20.464, 3, 44460 MiB, 100 %
2026/10/03 14:49:21.464, 3, 44460 MiB, 100 %
2026/10/03 14:49:22.464, 3, 44460 MiB, 100 %
2026/10/03 14:49:23.465, 3, 44460 MiB, 100 %
2026/10/03 14:49:24.465, 3, 44460 MiB, 100 %
2026/10/03 14:49:25.465, 3, 44460 MiB, 100 %
2026/10/03 14:49:26.465, 3, 44460 MiB, 100 %
2026/10/03 14:49:27.466, 3, 44460 MiB, 100 %
2026/10/03 14:49:28.466, 3, 44460 MiB, 100 %
2026/10/03 14:49:29.466, 3, 44460 MiB, 100 %
2026/10/03 14:49:30.466, 3, 44460 MiB, 100 %
2026/10/03 14:49:31.467, 3, 44460 MiB, 100 %
2026/10/03 14:49:32.467, 3, 44460 MiB, 100 %
2026/10/03 14:49:33.467, 3, 44460 MiB, 100 %
2026/10/03 14:49:34.467, 3, 44460 MiB, 100 %
2026/10/03 14:49:35.468, 3, 44460 MiB, 100 %
2026/10/03 14:49:36.468, 3, 44460 MiB, 100 %
2026/10/03 14:49:37.468, 3, 44460 MiB, 100 %
2026/10/03 14:49:38.468, 3, 44460 MiB, 100 %
2026/10/03 14:49:39.469, 3, 44460 MiB, 100 %
2026/10/03 14:49:40.469, 3, 44460 MiB, 100 %
2026/10/03 14:49:41.469, 3, 44460 MiB, 100 %
2026/10/03 14:49:42.469, 3, 44460 MiB, 100 %
2026/10/03 14:49:43.470, 3, 44460 MiB, 100 %
2026/10/03 14:49:44.470, 3, 44460 MiB, 100 %
2026/10/03 14:49:45.470, 3, 44460 MiB, 100 %
2026/10/03 14:49:46.470, 3, 44460 MiB, 100 %
2026/10/03 14:49:47.471, 3, 44460 MiB, 100 %
2026/10/03 14:49:48.471, 3, 44460 MiB, 100 %
2026/10/03 14:49:49.471, 3, 44460 MiB, 100 %
2026/10/03 14:49:50.471, 3, 44460 MiB, 100 %
2026/10/03 14:49:51.472, 3, 44460 MiB, 100 %
2026/10/03 14:49:52.472, 3, 44460 MiB, 100 %
2026/10/03 14:49:53.472, 3, 44460 MiB, 100 %
2026/10/03 14:49:54.472, 3, 44460 MiB, 100 %
2026/10/03 14:49:55.473, 3, 44460 MiB, 100 %
2026/10/03 14:49:56.473, 3, 44460 MiB, 100 %
2026/10/03 14:49:57.473, 3, 44460 MiB, 100 %
2026/10/03 14:49:58.473, 3, 44460 MiB, 100 %
2026/10/03 14:49:59.474, 3, 44460 MiB, 100 %
2026/10/03 14:50:00.474, 3, 44460 MiB, 100 %
2026/10/03 14:50:01.474, 3, 44460 MiB, 100 %
2026/10/03 14:50:02.474, 3, 44460 MiB, 100 %
2026/10/03 14:50:03.475, 3, 44460 MiB, 100 %
2026/10/03 14:50:04.475, 3, 44460 MiB, 100 %
2026/10/03 14:50:05.475, 3, 44460 MiB, 100 %
2026/10/03 14:50:06.475, 3, 44460 MiB, 100 %
2026/10/03 14:50:07.476, 3, 44460 MiB, 100 %
2026/10/03 14:50:08.476, 3, 44460 MiB, 100 %
2026/10/03 14:50:09.476, 3, 44460 MiB, 100 %
2026/10/03 14:50:10.476, 3, 44460 MiB, 100 %
2026/10/03 14:50:11.477, 3, 44460 MiB, 100 %
2026/10/03 14:50:12.477, 3, 44460 MiB, 100 %
2026/10/03 14:50:13.477, 3, 44460 MiB, 100 %
2026/10/03 14:50:14.477, 3, 44460 MiB, 100 %
2026/10/03 14:50:15.478, 3, 44460 MiB, 100 %
2026/10/03 14:50:16.478, 3, 44460 MiB, 100 %
2026/10/03 14:50:17.478, 3, 44460 MiB, 100 %
2026/10/03 14:50:18.478, 3, 44460 MiB, 100 %
2026/10/03 14:50:19.479, 3, 44460 MiB, 100 %
2026/10/03 14:50:20.479, 3, 44460 MiB, 100 %
2026/10/03 14:50:21.480, 3, 44460 MiB, 100 %
2026/10/03 14:50:22.480, 3, 44460 MiB, 100 %
2026/10/03 14:50:23.480, 3, 44460 MiB, 100 %
2026/10/03 14:50:24.481, 3, 44460 MiB, 100 %
2026/10/03 14:50:25.481, 3, 44460 MiB, 100 %
2026/10/03 14:50:26.481, 3, 44460 MiB, 100 %
2026/10/03 14:50:27.481, 3, 44460 MiB, 100 %
2026/10/03 14:50:28.482, 3, 44460 MiB, 100 %
2026/10/03 14:50:29.482, 3, 44460 MiB, 100 %
2026/10/03 14:50:30.482, 3, 44460 MiB, 100 %
2026/10/03 14:50:31.482, 3, 44460 MiB, 100 %
2026/10/03 14:50:32.483, 3, 44460 MiB, 100 %
2026/10/03 14:50:33.483, 3, 44460 MiB, 97 %
2026/10/03 14:50:34.483, 3, 44460 MiB, 100 %
2026/10/03 14:50:35.484, 3, 44460 MiB, 100 %
2026/10/03 14:50:36.484, 3, 44460 MiB, 100 %
2026/10/03 14:50:37.484, 3, 44460 MiB, 100 %
2026/10/03 14:50:38.484, 3, 44460 MiB, 100 %
2026/10/03 14:50:39.485, 3, 44460 MiB, 100 %
2026/10/03 14:50:40.485, 3, 44460 MiB, 100 %
2026/10/03 14:50:41.485, 3, 44460 MiB, 100 %
2026/10/03 14:50:42.485, 3, 44460 MiB, 100 %
2026/10/03 14:50:43.486, 3, 44460 MiB, 100 %
2026/10/03 14:50:44.486, 3, 44460 MiB, 100 %
2026/10/03 14:50:45.486, 3, 44460 MiB, 100 %
2026/10/03 14:50:46.486, 3, 44460 MiB, 100 %
2026/10/03 14:50:47.487, 3, 44460 MiB, 100 %
2026/10/03 14:50:48.487, 3, 44460 MiB, 100 %
2026/10/03 14:50:49.487, 3, 44460 MiB, 100 %
2026/10/03 14:50:50.487, 3, 44460 MiB, 100 %
2026/10/03 14:50:51.488, 3, 44460 MiB, 100 %
2026/10/03 14:50:52.488, 3, 44460 MiB, 100 %
2026/10/03 14:50:53.488, 3, 44460 MiB, 100 %
2026/10/03 14:50:54.488, 3, 44460 MiB, 100 %
2026/10/03 14:50:55.489, 3, 44460 MiB, 100 %
2026/10/03 14:50:56.489, 3, 44460 MiB, 100 %
2026/10/03 14:50:57.489, 3, 44460 MiB, 100 %
2026/10/03 14:50:58.489, 3, 44460 MiB, 100 %
2026/10/03 14:50:59.489, 3, 44460 MiB, 100 %
2026/10/03 14:51:00.490, 3, 44460 MiB, 100 %
2026/10/03 14:51:01.490, 3, 44460 MiB, 100 %
2026/10/03 14:51:02.490, 3, 44460 MiB, 100 %
2026/10/03 14:51:03.491, 3, 44460 MiB, 100 %
2026/10/03 14:51:04.491, 3, 44460 MiB, 100 %
2026/10/03 14:51:05.491, 3, 44460 MiB, 100 %
2026/10/03 14:51:06.491, 3, 44460 MiB, 100 %
2026/10/03 14:51:07.491, 3, 44460 MiB, 100 %
2026/10/03 14:51:08.492, 3, 44460 MiB, 100 %
2026/10/03 14:51:09.492, 3, 44460 MiB, 100 %
2026/10/03 14:51:10.492, 3, 44460 MiB, 100 %
2026/10/03 14:51:11.492, 3, 44460 MiB, 100 %
2026/10/03 14:51:12.493, 3, 44460 MiB, 100 %
2026/10/03 14:51:13.493, 3, 44460 MiB, 100 %
2026/10/03 14:51:14.493, 3, 44460 MiB, 100 %
2026/10/03 14:51:15.493, 3, 44460 MiB, 100 %
2026/10/03 14:51:16.494, 3, 44460 MiB, 100 %
2026/10/03 14:51:17.495, 3, 44460 MiB, 100 %
2026/10/03 14:51:18.495, 3, 44460 MiB, 100 %
2026/10/03 14:51:19.495, 3, 44460 MiB, 100 %
2026/10/03 14:51:20.495, 3, 44460 MiB, 100 %
2026/10/03 14:51:21.496, 3, 44460 MiB, 100 %
2026/10/03 14:51:22.496, 3, 44460 MiB, 100 %
2026/10/03 14:51:23.496, 3, 44460 MiB, 100 %
2026/10/03 14:51:24.496, 3, 44460 MiB, 100 %
2026/10/03 14:51:25.497, 3, 44460 MiB, 100 %
2026/10/03 14:51:26.497, 3, 44460 MiB, 100 %
2026/10/03 14:51:27.497, 3, 44460 MiB, 100 %
2026/10/03 14:51:28.497, 3, 44460 MiB, 100 %
2026/10/03 14:51:29.498, 3, 44460 MiB, 100 %
2026/10/03 14:51:30.498, 3, 44460 MiB, 100 %
2026/10/03 14:51:31.498, 3, 44460 MiB, 100 %
2026/10/03 14:51:32.498, 3, 44460 MiB, 100 %
2026/10/03 14:51:33.499, 3, 44460 MiB, 100 %
2026/10/03 14:51:34.499, 3, 44460 MiB, 100 %
2026/10/03 14:51:35.499, 3, 44460 MiB, 100 %
2026/10/03 14:51:36.499, 3, 44460 MiB, 100 %
2026/10/03 14:51:37.500, 3, 44460 MiB, 100 %
2026/10/03 14:51:38.500, 3, 44460 MiB, 100 %
2026/10/03 14:51:39.500, 3, 44460 MiB, 100 %
2026/10/03 14:51:40.500, 3, 44460 MiB, 100 %
2026/10/03 14:51:41.501, 3, 44460 MiB, 100 %
2026/10/03 14:51:42.501, 3, 44460 MiB, 100 %
2026/10/03 14:51:43.501, 3, 44460 MiB, 100 %
2026/10/03 14:51:44.501, 3, 44460 MiB, 100 %
2026/10/03 14:51:45.502, 3, 44460 MiB, 100 %
2026/10/03 14:51:46.502, 3, 44460 MiB, 100 %
2026/10/03 14:51:47.502, 3, 44460 MiB, 100 %
2026/10/03 14:51:48.503, 3, 44460 MiB, 100 %
2026/10/03 14:51:49.503, 3, 44460 MiB, 100 %
2026/10/03 14:51:50.503, 3, 44460 MiB, 100 %
2026/10/03 14:51:51.503, 3, 44460 MiB, 100 %
2026/10/03 14:51:52.504, 3, 44460 MiB, 100 %
2026/10/03 14:51:53.504, 3, 44460 MiB, 100 %
2026/10/03 14:51:54.504, 3, 44460 MiB, 100 %
2026/10/03 14:51:55.504, 3, 44460 MiB, 100 %
2026/10/03 14:51:56.505, 3, 44460 MiB, 100 %
2026/10/03 14:51:57.505, 3, 44460 MiB, 100 %
2026/10/03 14:51:58.505, 3, 44460 MiB, 100 %
2026/10/03 14:51:59.505, 3, 44460 MiB, 100 %
2026/10/03 14:52:00.506, 3, 44460 MiB, 100 %
2026/10/03 14:52:01.506, 3, 44460 MiB, 100 %
2026/10/03 14:52:02.506, 3, 44460 MiB, 100 %
2026/10/03 14:52:03.506, 3, 44460 MiB, 100 %
2026/10/03 14:52:04.507, 3, 44460 MiB, 100 %
2026/10/03 14:52:05.507, 3, 44460 MiB, 100 %
2026/10/03 14:52:06.507, 3, 44460 MiB, 100 %
2026/10/03 14:52:07.508, 3, 44460 MiB, 100 %
2026/10/03 14:52:08.508, 3, 44460 MiB, 100 %
2026/10/03 14:52:09.508, 3, 44460 MiB, 100 %
2026/10/03 14:52:10.508, 3, 44460 MiB, 100 %
2026/10/03 14:52:11.509, 3, 44460 MiB, 100 %
2026/10/03 14:52:12.509, 3, 44460 MiB, 100 %
2026/10/03 14:52:13.509, 3, 44460 MiB, 100 %
2026/10/03 14:52:14.510, 3, 44460 MiB, 100 %
2026/10/03 14:52:15.510, 3, 44460 MiB, 100 %
2026/10/03 14:52:16.510, 3, 44460 MiB, 100 %
2026/10/03 14:52:17.511, 3, 44460 MiB, 100 %
2026/10/03 14:52:18.511, 3, 44460 MiB, 100 %
2026/10/03 14:52:19.511, 3, 44460 MiB, 100 %
2026/10/03 14:52:20.512, 3, 44460 MiB, 100 %
2026/10/03 14:52:21.512, 3, 44460 MiB, 100 %
2026/10/03 14:52:22.512, 3, 44460 MiB, 100 %
2026/10/03 14:52:23.512, 3, 44460 MiB, 100 %
2026/10/03 14:52:24.513, 3, 44460 MiB, 100 %
2026/10/03 14:52:25.513, 3, 44460 MiB, 100 %
2026/10/03 14:52:26.513, 3, 44460 MiB, 100 %
2026/10/03 14:52:27.514, 3, 44460 MiB, 100 %
2026/10/03 14:52:28.514, 3, 44460 MiB, 100 %
2026/10/03 14:52:29.514, 3, 44460 MiB, 100 %
2026/10/03 14:52:30.514, 3, 44460 MiB, 100 %
2026/10/03 14:52:31.515, 3, 44460 MiB, 100 %
2026/10/03 14:52:32.515, 3, 44460 MiB, 100 %
2026/10/03 14:52:33.515, 3, 44460 MiB, 100 %
2026/10/03 14:52:34.515, 3, 44460 MiB, 100 %
2026/10/03 14:52:35.516, 3, 44460 MiB, 100 %
2026/10/03 14:52:36.516, 3, 44460 MiB, 100 %
2026/10/03 14:52:37.516, 3, 44460 MiB, 100 %
2026/10/03 14:52:38.516, 3, 44460 MiB, 100 %
2026/10/03 14:52:39.517, 3, 44460 MiB, 100 %
2026/10/03 14:52:40.517, 3, 44460 MiB, 100 %
2026/10/03 14:52:41.517, 3, 44460 MiB, 100 %
2026/10/03 14:52:42.517, 3, 44460 MiB, 100 %
2026/10/03 14:52:43.518, 3, 44460 MiB, 100 %
2026/10/03 14:52:44.518, 3, 44460 MiB, 100 %
2026/10/03 14:52:45.518, 3, 44460 MiB, 100 %
2026/10/03 14:52:46.518, 3, 44460 MiB, 100 %
2026/10/03 14:52:47.519, 3, 44460 MiB, 100 %
2026/10/03 14:52:48.519, 3, 44460 MiB, 100 %
2026/10/03 14:52:49.519, 3, 44460 MiB, 100 %
2026/10/03 14:52:50.519, 3, 44460 MiB, 100 %
2026/10/03 14:52:51.520, 3, 44460 MiB, 100 %
2026/10/03 14:52:52.520, 3, 44460 MiB, 100 %
2026/10/03 14:52:53.520, 3, 44460 MiB, 100 %
2026/10/03 14:52:54.520, 3, 44460 MiB, 100 %
2026/10/03 14:52:55.521, 3, 44460 MiB, 100 %
2026/10/03 14:52:56.521, 3, 44460 MiB, 100 %
2026/10/03 14:52:57.521, 3, 44460 MiB, 100 %
2026/10/03 14:52:58.521, 3, 44460 MiB, 100 %
2026/10/03 14:52:59.522, 3, 44460 MiB, 100 %
2026/10/03 14:53:00.522, 3, 44460 MiB, 100 %
2026/10/03 14:53:01.522, 3, 44460 MiB, 100 %
2026/10/03 14:53:02.522, 3, 44460 MiB, 100 %
2026/10/03 14:53:03.523, 3, 44460 MiB, 100 %
2026/10/03 14:53:04.523, 3, 44460 MiB, 100 %
2026/10/03 14:53:05.523, 3, 44460 MiB, 100 %
2026/10/03 14:53:06.523, 3, 44460 MiB, 100 %
2026/10/03 14:53:07.524, 3, 44460 MiB, 100 %
2026/10/03 14:53:08.524, 3, 44460 MiB, 100 %
2026/10/03 14:53:09.524, 3, 44460 MiB, 100 %
2026/10/03 14:53:10.524, 3, 44460 MiB, 100 %
2026/10/03 14:53:11.525, 3, 44460 MiB, 100 %
2026/10/03 14:53:12.525, 3, 44460 MiB, 100 %
2026/10/03 14:53:13.525, 3, 44460 MiB, 100 %
2026/10/03 14:53:14.525, 3, 44460 MiB, 100 %
2026/10/03 14:53:15.526, 3, 44460 MiB, 100 %
2026/10/03 14:53:16.526, 3, 44460 MiB, 100 %
2026/10/03 14:53:17.526, 3, 44460 MiB, 100 %
2026/10/03 14:53:18.526, 3, 44460 MiB, 100 %
2026/10/03 14:53:19.527, 3, 44460 MiB, 100 %
2026/10/03 14:53:20.527, 3, 44460 MiB, 100 %
2026/10/03 14:53:21.527, 3, 44460 MiB, 100 %
2026/10/03 14:53:22.527, 3, 44460 MiB, 100 %
2026/10/03 14:53:23.528, 3, 44460 MiB, 100 %
2026/10/03 14:53:24.528, 3, 44460 MiB, 100 %
2026/10/03 14:53:25.528, 3, 44460 MiB, 100 %
2026/10/03 14:53:26.528, 3, 44460 MiB, 100 %
2026/10/03 14:53:27.529, 3, 44460 MiB, 100 %
2026/10/03 14:53:28.529, 3, 44460 MiB, 100 %
2026/10/03 14:53:29.529, 3, 44460 MiB, 100 %
2026/10/03 14:53:30.529, 3, 44460 MiB, 100 %
2026/10/03 14:53:31.530, 3, 44460 MiB, 100 %
2026/10/03 14:53:32.530, 3, 44460 MiB, 64 %
2026/10/03 14:53:33.530, 3, 44460 MiB, 100 %
2026/10/03 14:53:34.530, 3, 44460 MiB, 100 %
2026/10/03 14:53:35.531, 3, 44460 MiB, 100 %
2026/10/03 14:53:36.531, 3, 44460 MiB, 100 %
2026/10/03 14:53:37.531, 3, 44460 MiB, 100 %
2026/10/03 14:53:38.531, 3, 44460 MiB, 100 %
2026/10/03 14:53:39.532, 3, 44460 MiB, 100 %
2026/10/03 14:53:40.532, 3, 44460 MiB, 100 %
2026/10/03 14:53:41.532, 3, 44460 MiB, 100 %
2026/10/03 14:53:42.532, 3, 44460 MiB, 100 %
2026/10/03 14:53:43.533, 3, 44460 MiB, 100 %
2026/10/03 14:53:44.533, 3, 44460 MiB, 100 %
2026/10/03 14:53:45.533, 3, 44460 MiB, 100 %
2026/10/03 14:53:46.533, 3, 44460 MiB, 100 %
2026/10/03 14:53:47.534, 3, 44460 MiB, 100 %
2026/10/03 14:53:48.534, 3, 44460 MiB, 100 %
2026/10/03 14:53:49.534, 3, 44460 MiB, 100 %
2026/10/03 14:53:50.534, 3, 44460 MiB, 100 %
2026/10/03 14:53:51.535, 3, 44460 MiB, 100 %
2026/10/03 14:53:52.535, 3, 44460 MiB, 100 %
2026/10/03 14:53:53.535, 3, 44460 MiB, 100 %
2026/10/03 14:53:54.535, 3, 44460 MiB, 100 %
2026/10/03 14:53:55.536, 3, 44460 MiB, 100 %
2026/10/03 14:53:56.536, 3, 44460 MiB, 100 %
2026/10/03 14:53:57.536, 3, 44460 MiB, 100 %
2026/10/03 14:53:58.536, 3, 44460 MiB, 100 %
2026/10/03 14:53:59.537, 3, 44460 MiB, 100 %
2026/10/03 14:54:00.537, 3, 44460 MiB, 100 %
2026/10/03 14:54:01.537, 3, 44460 MiB, 100 %
2026/10/03 14:54:02.537, 3, 44460 MiB, 100 %
2026/10/03 14:54:03.538, 3, 44460 MiB, 100 %
2026/10/03 14:54:04.538, 3, 44460 MiB, 100 %
2026/10/03 14:54:05.538, 3, 44460 MiB, 100 %
2026/10/03 14:54:06.538, 3, 44460 MiB, 100 %
2026/10/03 14:54:07.539, 3, 44460 MiB, 100 %
2026/10/03 14:54:08.539, 3, 44460 MiB, 100 %
2026/10/03 14:54:09.539, 3, 44460 MiB, 100 %
2026/10/03 14:54:10.540, 3, 44460 MiB, 100 %
2026/10/03 14:54:11.540, 3, 44460 MiB, 100 %
2026/10/03 14:54:12.540, 3, 44460 MiB, 100 %
2026/10/03 14:54:13.540, 3, 44460 MiB, 100 %
2026/10/03 14:54:14.541, 3, 44460 MiB, 100 %
2026/10/03 14:54:15.541, 3, 44460 MiB, 100 %
2026/10/03 14:54:16.541, 3, 44460 MiB, 100 %
2026/10/03 14:54:17.541, 3, 44460 MiB, 100 %
2026/10/03 14:54:18.542, 3, 44460 MiB, 100 %
2026/10/03 14:54:19.542, 3, 44460 MiB, 100 %
2026/10/03 14:54:20.542, 3, 44460 MiB, 100 %
2026/10/03 14:54:21.542, 3, 44460 MiB, 100 %
2026/10/03 14:54:22.543, 3, 44460 MiB, 100 %
2026/10/03 14:54:23.543, 3, 44460 MiB, 100 %
2026/10/03 14:54:24.543, 3, 44460 MiB, 100 %
2026/10/03 14:54:25.543, 3, 44460 MiB, 100 %
2026/10/03 14:54:26.544, 3, 44460 MiB, 100 %
2026/10/03 14:54:27.544, 3, 44460 MiB, 100 %
2026/10/03 14:54:28.544, 3, 44460 MiB, 100 %
2026/10/03 14:54:29.544, 3, 44460 MiB, 100 %
2026/10/03 14:54:30.545, 3, 44460 MiB, 100 %
2026/10/03 14:54:31.545, 3, 44460 MiB, 100 %
2026/10/03 14:54:32.545, 3, 44460 MiB, 100 %
2026/10/03 14:54:33.545, 3, 44460 MiB, 100 %
2026/10/03 14:54:34.546, 3, 44460 MiB, 100 %
2026/10/03 14:54:35.546, 3, 44460 MiB, 100 %
2026/10/03 14:54:36.546, 3, 44460 MiB, 100 %
2026/10/03 14:54:37.547, 3, 44460 MiB, 100 %
2026/10/03 14:54:38.547, 3, 44460 MiB, 100 %
2026/10/03 14:54:39.547, 3, 44460 MiB, 100 %
2026/10/03 14:54:40.547, 3, 44460 MiB, 100 %
2026/10/03 14:54:41.548, 3, 44460 MiB, 100 %
2026/10/03 14:54:42.548, 3, 44460 MiB, 100 %
2026/10/03 14:54:43.548, 3, 44460 MiB, 100 %
2026/10/03 14:54:44.548, 3, 44460 MiB, 100 %
2026/10/03 14:54:45.549, 3, 44460 MiB, 100 %
2026/10/03 14:54:46.549, 3, 44460 MiB, 100 %
2026/10/03 14:54:47.549, 3, 44460 MiB, 100 %
2026/10/03 14:54:48.549, 3, 44460 MiB, 100 %
2026/10/03 14:54:49.550, 3, 44460 MiB, 100 %
2026/10/03 14:54:50.550, 3, 44460 MiB, 100 %
2026/10/03 14:54:51.550, 3, 44460 MiB, 100 %
2026/10/03 14:54:52.550, 3, 44460 MiB, 100 %
2026/10/03 14:54:53.551, 3, 44460 MiB, 100 %
2026/10/03 14:54:54.551, 3, 44460 MiB, 100 %
2026/10/03 14:54:55.551, 3, 44460 MiB, 100 %
2026/10/03 14:54:56.551, 3, 44460 MiB, 100 %
2026/10/03 14:54:57.552, 3, 44460 MiB, 100 %
2026/10/03 14:54:58.552, 3, 44460 MiB, 100 %
2026/10/03 14:54:59.552, 3, 44460 MiB, 100 %
2026/10/03 14:55:00.552, 3, 44460 MiB, 100 %
2026/10/03 14:55:01.553, 3, 44460 MiB, 100 %
2026/10/03 14:55:02.553, 3, 44460 MiB, 100 %
2026/10/03 14:55:03.553, 3, 44460 MiB, 100 %
2026/10/03 14:55:04.553, 3, 44460 MiB, 100 %
2026/10/03 14:55:05.554, 3, 44460 MiB, 100 %
2026/10/03 14:55:06.554, 3, 44460 MiB, 100 %
2026/10/03 14:55:07.554, 3, 44460 MiB, 100 %
2026/10/03 14:55:08.554, 3, 44460 MiB, 100 %
2026/10/03 14:55:09.555, 3, 44460 MiB, 100 %
2026/10/03 14:55:10.555, 3, 44460 MiB, 100 %
2026/10/03 14:55:11.555, 3, 44460 MiB, 100 %
2026/10/03 14:55:12.555, 3, 44460 MiB, 100 %
2026/10/03 14:55:13.556, 3, 44460 MiB, 100 %
2026/10/03 14:55:14.556, 3, 44460 MiB, 100 %
2026/10/03 14:55:15.556, 3, 44460 MiB, 100 %
2026/10/03 14:55:16.556, 3, 44460 MiB, 100 %
2026/10/03 14:55:17.557, 3, 44460 MiB, 100 %
2026/10/03 14:55:18.557, 3, 44460 MiB, 100 %
2026/10/03 14:55:19.557, 3, 44460 MiB, 100 %
2026/10/03 14:55:20.557, 3, 44460 MiB, 100 %
2026/10/03 14:55:21.558, 3, 44460 MiB, 100 %
2026/10/03 14:55:22.558, 3, 44460 MiB, 100 %
2026/10/03 14:55:23.558, 3, 44460 MiB, 100 %
2026/10/03 14:55:24.558, 3, 44460 MiB, 100 %
2026/10/03 14:55:25.559, 3, 44460 MiB, 100 %
2026/10/03 14:55:26.559, 3, 44460 MiB, 100 %
2026/10/03 14:55:27.559, 3, 44460 MiB, 100 %
2026/10/03 14:55:28.559, 3, 44460 MiB, 100 %
2026/10/03 14:55:29.560, 3, 44460 MiB, 100 %
2026/10/03 14:55:30.560, 3, 44460 MiB, 100 %
2026/10/03 14:55:31.560, 3, 44460 MiB, 100 %
2026/10/03 14:55:32.560, 3, 44460 MiB, 100 %
2026/10/03 14:55:33.561, 3, 44460 MiB, 100 %
2026/10/03 14:55:34.561, 3, 44460 MiB, 100 %
2026/10/03 14:55:35.561, 3, 44460 MiB, 100 %
2026/10/03 14:55:36.561, 3, 44460 MiB, 100 %
2026/10/03 14:55:37.562, 3, 44460 MiB, 100 %
2026/10/03 14:55:38.562, 3, 44460 MiB, 100 %
2026/10/03 14:55:39.562, 3, 44460 MiB, 100 %
2026/10/03 14:55:40.563, 3, 44460 MiB, 100 %
2026/10/03 14:55:41.563, 3, 44460 MiB, 100 %
2026/10/03 14:55:42.563, 3, 44460 MiB, 100 %
2026/10/03 14:55:43.563, 3, 44460 MiB, 100 %
2026/10/03 14:55:44.564, 3, 44460 MiB, 100 %
2026/10/03 14:55:45.564, 3, 44984 MiB, 100 %
2026/10/03 14:55:46.564, 3, 44984 MiB, 100 %
2026/10/03 14:55:47.565, 3, 44984 MiB, 100 %
2026/10/03 14:55:48.565, 3, 44984 MiB, 100 %
2026/10/03 14:55:49.565, 3, 44984 MiB, 100 %
2026/10/03 14:55:50.566, 3, 44984 MiB, 100 %
2026/10/03 14:55:51.566, 3, 44984 MiB, 100 %
2026/10/03 14:55:52.566, 3, 44984 MiB, 100 %
2026/10/03 14:55:53.566, 3, 44984 MiB, 100 %
2026/10/03 14:55:54.567, 3, 44984 MiB, 100 %
2026/10/03 14:55:55.567, 3, 44984 MiB, 100 %
2026/10/03 14:55:56.567, 3, 44984 MiB, 100 %
2026/10/03 14:55:57.567, 3, 44984 MiB, 100 %
2026/10/03 14:55:58.568, 3, 44984 MiB, 100 %
2026/10/03 14:55:59.568, 3, 44984 MiB, 100 %
2026/10/03 14:56:00.568, 3, 44984 MiB, 100 %
2026/10/03 14:56:01.568, 3, 44984 MiB, 100 %
2026/10/03 14:56:02.569, 3, 44984 MiB, 100 %
2026/10/03 14:56:03.569, 3, 44984 MiB, 100 %
2026/10/03 14:56:04.569, 3, 44984 MiB, 100 %
2026/10/03 14:56:05.569, 3, 44984 MiB, 100 %
2026/10/03 14:56:06.570, 3, 44984 MiB, 100 %
2026/10/03 14:56:07.573, 3, 44984 MiB, 100 %
2026/10/03 14:56:08.573, 3, 44984 MiB, 100 %
2026/10/03 14:56:09.574, 3, 44984 MiB, 100 %
2026/10/03 14:56:10.574, 3, 44984 MiB, 100 %
2026/10/03 14:56:11.574, 3, 44984 MiB, 100 %
2026/10/03 14:56:12.574, 3, 44984 MiB, 100 %
2026/10/03 14:56:13.575, 3, 44984 MiB, 100 %
2026/10/03 14:56:14.575, 3, 44984 MiB, 100 %
2026/10/03 14:56:15.575, 3, 44984 MiB, 100 %
2026/10/03 14:56:16.575, 3, 44984 MiB, 100 %
2026/10/03 14:56:17.576, 3, 44984 MiB, 100 %
2026/10/03 14:56:18.576, 3, 44984 MiB, 100 %
2026/10/03 14:56:19.576, 3, 44984 MiB, 100 %
2026/10/03 14:56:20.576, 3, 44984 MiB, 100 %
2026/10/03 14:56:21.577, 3, 44984 MiB, 100 %
2026/10/03 14:56:22.577, 3, 44984 MiB, 100 %
2026/10/03 14:56:23.577, 3, 44984 MiB, 100 %
2026/10/03 14:56:24.577, 3, 44984 MiB, 100 %
2026/10/03 14:56:25.578, 3, 44984 MiB, 100 %
2026/10/03 14:56:26.578, 3, 44984 MiB, 100 %
2026/10/03 14:56:27.578, 3, 44984 MiB, 100 %
2026/10/03 14:56:28.579, 3, 44984 MiB, 100 %
2026/10/03 14:56:29.579, 3, 44984 MiB, 100 %
2026/10/03 14:56:30.579, 3, 44984 MiB, 100 %
2026/10/03 14:56:31.579, 3, 44984 MiB, 100 %
2026/10/03 14:56:32.580, 3, 44984 MiB, 100 %
2026/10/03 14:56:33.580, 3, 44984 MiB, 100 %
2026/10/03 14:56:34.580, 3, 44984 MiB, 100 %
2026/10/03 14:56:35.580, 3, 44984 MiB, 100 %
2026/10/03 14:56:36.581, 3, 44984 MiB, 100 %
2026/10/03 14:56:37.581, 3, 44984 MiB, 100 %
2026/10/03 14:56:38.581, 3, 44984 MiB, 100 %
2026/10/03 14:56:39.581, 3, 44984 MiB, 100 %
2026/10/03 14:56:40.581, 3, 44984 MiB, 100 %
2026/10/03 14:56:41.581, 3, 44984 MiB, 100 %
2026/10/03 14:56:42.582, 3, 44984 MiB, 100 %
2026/10/03 14:56:43.582, 3, 44984 MiB, 100 %
2026/10/03 14:56:44.582, 3, 44984 MiB, 100 %
2026/10/03 14:56:45.582, 3, 44984 MiB, 100 %
2026/10/03 14:56:46.582, 3, 44984 MiB, 100 %
2026/10/03 14:56:47.582, 3, 44984 MiB, 100 %
2026/10/03 14:56:48.582, 3, 44984 MiB, 100 %
2026/10/03 14:56:49.583, 3, 44984 MiB, 100 %
2026/10/03 14:56:50.583, 3, 44984 MiB, 100 %
2026/10/03 14:56:51.583, 3, 44984 MiB, 100 %
2026/10/03 14:56:52.583, 3, 44984 MiB, 100 %
2026/10/03 14:56:53.583, 3, 44984 MiB, 100 %
2026/10/03 14:56:54.583, 3, 44984 MiB, 100 %
2026/10/03 14:56:55.583, 3, 44984 MiB, 100 %
2026/10/03 14:56:56.583, 3, 44984 MiB, 100 %
2026/10/03 14:56:57.583, 3, 44984 MiB, 100 %
2026/10/03 14:56:58.583, 3, 44984 MiB, 100 %
2026/10/03 14:56:59.584, 3, 44984 MiB, 100 %
2026/10/03 14:57:00.584, 3, 44984 MiB, 100 %
2026/10/03 14:57:01.584, 3, 44984 MiB, 100 %
2026/10/03 14:57:02.584, 3, 44984 MiB, 100 %
2026/10/03 14:57:03.584, 3, 44984 MiB, 100 %
2026/10/03 14:57:04.584, 3, 44984 MiB, 100 %
2026/10/03 14:57:05.584, 3, 44984 MiB, 100 %
2026/10/03 14:57:06.584, 3, 44984 MiB, 100 %
2026/10/03 14:57:07.585, 3, 44984 MiB, 100 %
2026/10/03 14:57:08.585, 3, 44984 MiB, 100 %
2026/10/03 14:57:09.585, 3, 44984 MiB, 100 %
2026/10/03 14:57:10.585, 3, 44984 MiB, 100 %
2026/10/03 14:57:11.586, 3, 44984 MiB, 100 %
2026/10/03 14:57:12.586, 3, 44984 MiB, 100 %
2026/10/03 14:57:13.586, 3, 44984 MiB, 100 %
2026/10/03 14:57:14.586, 3, 44984 MiB, 100 %
2026/10/03 14:57:15.587, 3, 44984 MiB, 99 %
2026/10/03 14:57:16.587, 3, 44984 MiB, 100 %
2026/10/03 14:57:17.587, 3, 44984 MiB, 100 %
2026/10/03 14:57:18.587, 3, 44984 MiB, 100 %
2026/10/03 14:57:19.587, 3, 44984 MiB, 100 %
2026/10/03 14:57:20.588, 3, 44984 MiB, 100 %
2026/10/03 14:57:21.588, 3, 44984 MiB, 100 %
2026/10/03 14:57:22.588, 3, 44984 MiB, 100 %
2026/10/03 14:57:23.588, 3, 44984 MiB, 100 %
2026/10/03 14:57:24.589, 3, 44984 MiB, 100 %
2026/10/03 14:57:25.589, 3, 44984 MiB, 100 %
2026/10/03 14:57:26.589, 3, 44984 MiB, 100 %
2026/10/03 14:57:27.589, 3, 44984 MiB, 100 %
2026/10/03 14:57:28.590, 3, 44984 MiB, 100 %
2026/10/03 14:57:29.590, 3, 44984 MiB, 100 %
2026/10/03 14:57:30.590, 3, 44984 MiB, 100 %
2026/10/03 14:57:31.590, 3, 44984 MiB, 100 %
2026/10/03 14:57:32.591, 3, 44984 MiB, 100 %
2026/10/03 14:57:33.591, 3, 44984 MiB, 100 %
2026/10/03 14:57:34.591, 3, 44984 MiB, 100 %
2026/10/03 14:57:35.591, 3, 44984 MiB, 100 %
2026/10/03 14:57:36.592, 3, 44984 MiB, 100 %
2026/10/03 14:57:37.592, 3, 44984 MiB, 100 %
2026/10/03 14:57:38.592, 3, 44984 MiB, 100 %
2026/10/03 14:57:39.592, 3, 44984 MiB, 100 %
2026/10/03 14:57:40.593, 3, 44984 MiB, 100 %
2026/10/03 14:57:41.593, 3, 44984 MiB, 100 %
2026/10/03 14:57:42.593, 3, 44984 MiB, 100 %
2026/10/03 14:57:43.593, 3, 44984 MiB, 100 %
2026/10/03 14:57:44.594, 3, 44984 MiB, 100 %
2026/10/03 14:57:45.594, 3, 44984 MiB, 100 %
2026/10/03 14:57:46.594, 3, 44984 MiB, 100 %
2026/10/03 14:57:47.594, 3, 44984 MiB, 100 %
2026/10/03 14:57:48.595, 3, 44984 MiB, 100 %
2026/10/03 14:57:49.595, 3, 44984 MiB, 100 %
2026/10/03 14:57:50.595, 3, 44984 MiB, 100 %
2026/10/03 14:57:51.595, 3, 44984 MiB, 100 %
2026/10/03 14:57:52.596, 3, 44984 MiB, 100 %
2026/10/03 14:57:53.596, 3, 44984 MiB, 100 %
2026/10/03 14:57:54.596, 3, 44984 MiB, 100 %
2026/10/03 14:57:55.596, 3, 44984 MiB, 100 %
2026/10/03 14:57:56.597, 3, 44984 MiB, 100 %
2026/10/03 14:57:57.597, 3, 44984 MiB, 100 %
2026/10/03 14:57:58.597, 3, 44984 MiB, 100 %
2026/10/03 14:57:59.597, 3, 44984 MiB, 100 %
2026/10/03 14:58:00.598, 3, 44984 MiB, 100 %
2026/10/03 14:58:01.598, 3, 44984 MiB, 100 %
2026/10/03 14:58:02.598, 3, 44984 MiB, 100 %
2026/10/03 14:58:03.598, 3, 44984 MiB, 100 %
2026/10/03 14:58:04.599, 3, 44984 MiB, 100 %
2026/10/03 14:58:05.599, 3, 44984 MiB, 100 %
2026/10/03 14:58:06.599, 3, 44984 MiB, 100 %
2026/10/03 14:58:07.599, 3, 44984 MiB, 100 %
2026/10/03 14:58:08.600, 3, 44984 MiB, 100 %
2026/10/03 14:58:09.600, 3, 44984 MiB, 100 %
2026/10/03 14:58:10.600, 3, 44984 MiB, 100 %
2026/10/03 14:58:11.600, 3, 44984 MiB, 100 %
2026/10/03 14:58:12.601, 3, 44984 MiB, 100 %
2026/10/03 14:58:13.601, 3, 44984 MiB, 100 %
2026/10/03 14:58:14.601, 3, 44984 MiB, 100 %
2026/10/03 14:58:15.601, 3, 44984 MiB, 100 %
2026/10/03 14:58:16.602, 3, 44984 MiB, 100 %
2026/10/03 14:58:17.602, 3, 44984 MiB, 100 %
2026/10/03 14:58:18.602, 3, 44984 MiB, 100 %
2026/10/03 14:58:19.602, 3, 44984 MiB, 100 %
2026/10/03 14:58:20.603, 3, 44984 MiB, 100 %
2026/10/03 14:58:21.603, 3, 44984 MiB, 100 %
2026/10/03 14:58:22.603, 3, 44984 MiB, 100 %
2026/10/03 14:58:23.603, 3, 44984 MiB, 100 %
2026/10/03 14:58:24.603, 3, 44984 MiB, 100 %
2026/10/03 14:58:25.604, 3, 44984 MiB, 100 %
2026/10/03 14:58:26.604, 3, 44984 MiB, 100 %
2026/10/03 14:58:27.604, 3, 44984 MiB, 100 %
2026/10/03 14:58:28.604, 3, 44984 MiB, 100 %
2026/10/03 14:58:29.605, 3, 44984 MiB, 100 %
2026/10/03 14:58:30.605, 3, 44984 MiB, 100 %
2026/10/03 14:58:31.605, 3, 44984 MiB, 100 %
2026/10/03 14:58:32.605, 3, 44984 MiB, 100 %
2026/10/03 14:58:33.606, 3, 44984 MiB, 100 %
2026/10/03 14:58:34.606, 3, 44984 MiB, 100 %
2026/10/03 14:58:35.606, 3, 44984 MiB, 100 %
2026/10/03 14:58:36.606, 3, 44984 MiB, 100 %
2026/10/03 14:58:37.607, 3, 44984 MiB, 100 %
2026/10/03 14:58:38.607, 3, 44984 MiB, 100 %
2026/10/03 14:58:39.607, 3, 44984 MiB, 100 %
2026/10/03 14:58:40.607, 3, 44984 MiB, 100 %
2026/10/03 14:58:41.608, 3, 44984 MiB, 100 %
2026/10/03 14:58:42.608, 3, 44984 MiB, 100 %
2026/10/03 14:58:43.608, 3, 44984 MiB, 100 %
2026/10/03 14:58:44.608, 3, 44984 MiB, 100 %
2026/10/03 14:58:45.609, 3, 44984 MiB, 100 %
2026/10/03 14:58:46.609, 3, 44984 MiB, 100 %
2026/10/03 14:58:47.609, 3, 44984 MiB, 100 %
2026/10/03 14:58:48.609, 3, 44984 MiB, 100 %
2026/10/03 14:58:49.610, 3, 44984 MiB, 100 %
2026/10/03 14:58:50.610, 3, 44984 MiB, 100 %
2026/10/03 14:58:51.610, 3, 44984 MiB, 100 %
2026/10/03 14:58:52.610, 3, 44984 MiB, 100 %
2026/10/03 14:58:53.611, 3, 44984 MiB, 100 %
2026/10/03 14:58:54.611, 3, 44984 MiB, 100 %
2026/10/03 14:58:55.611, 3, 44984 MiB, 100 %
2026/10/03 14:58:56.611, 3, 44984 MiB, 100 %
2026/10/03 14:58:57.612, 3, 44984 MiB, 100 %
2026/10/03 14:58:58.612, 3, 44984 MiB, 100 %
2026/10/03 14:58:59.612, 3, 44984 MiB, 100 %
2026/10/03 14:59:00.612, 3, 44984 MiB, 100 %
2026/10/03 14:59:01.613, 3, 44984 MiB, 100 %
2026/10/03 14:59:02.613, 3, 44984 MiB, 100 %
2026/10/03 14:59:03.613, 3, 44984 MiB, 100 %
2026/10/03 14:59:04.613, 3, 44984 MiB, 100 %
2026/10/03 14:59:05.614, 3, 44984 MiB, 100 %
2026/10/03 14:59:06.614, 3, 44984 MiB, 100 %
2026/10/03 14:59:07.614, 3, 44984 MiB, 100 %
2026/10/03 14:59:08.614, 3, 44984 MiB, 100 %
2026/10/03 14:59:09.615, 3, 44984 MiB, 100 %
2026/10/03 14:59:10.615, 3, 44984 MiB, 100 %
2026/10/03 14:59:11.615, 3, 44984 MiB, 100 %
2026/10/03 14:59:12.615, 3, 44984 MiB, 100 %
2026/10/03 14:59:13.616, 3, 44984 MiB, 100 %
2026/10/03 14:59:14.616, 3, 44984 MiB, 100 %
2026/10/03 14:59:15.616, 3, 44984 MiB, 100 %
2026/10/03 14:59:16.616, 3, 44984 MiB, 100 %
2026/10/03 14:59:17.617, 3, 44984 MiB, 100 %
2026/10/03 14:59:18.617, 3, 44984 MiB, 100 %
2026/10/03 14:59:19.617, 3, 44984 MiB, 100 %
2026/10/03 14:59:20.617, 3, 44984 MiB, 100 %
2026/10/03 14:59:21.618, 3, 44984 MiB, 100 %
2026/10/03 14:59:22.618, 3, 44984 MiB, 100 %
2026/10/03 14:59:23.618, 3, 44984 MiB, 100 %
2026/10/03 14:59:24.618, 3, 44984 MiB, 100 %
2026/10/03 14:59:25.619, 3, 44984 MiB, 100 %
2026/10/03 14:59:26.619, 3, 44984 MiB, 100 %
2026/10/03 14:59:27.619, 3, 44984 MiB, 100 %
2026/10/03 14:59:28.619, 3, 44984 MiB, 100 %
2026/10/03 14:59:29.620, 3, 44984 MiB, 100 %
2026/10/03 14:59:30.620, 3, 44984 MiB, 100 %
2026/10/03 14:59:31.620, 3, 44984 MiB, 100 %
2026/10/03 14:59:32.620, 3, 44984 MiB, 100 %
2026/10/03 14:59:33.621, 3, 44984 MiB, 100 %
2026/10/03 14:59:34.621, 3, 44984 MiB, 100 %
2026/10/03 14:59:35.621, 3, 44984 MiB, 100 %
2026/10/03 14:59:36.622, 3, 44984 MiB, 100 %
2026/10/03 14:59:37.622, 3, 44984 MiB, 100 %
2026/10/03 14:59:38.622, 3, 44984 MiB, 100 %
2026/10/03 14:59:39.622, 3, 44984 MiB, 100 %
2026/10/03 14:59:40.623, 3, 44984 MiB, 100 %
2026/10/03 14:59:41.623, 3, 44984 MiB, 100 %
2026/10/03 14:59:42.623, 3, 44984 MiB, 100 %
2026/10/03 14:59:43.623, 3, 44984 MiB, 100 %
2026/10/03 14:59:44.624, 3, 44984 MiB, 100 %
2026/10/03 14:59:45.624, 3, 44984 MiB, 100 %
2026/10/03 14:59:46.624, 3, 44984 MiB, 100 %
2026/10/03 14:59:47.624, 3, 44984 MiB, 100 %
2026/10/03 14:59:48.625, 3, 44984 MiB, 100 %
2026/10/03 14:59:49.625, 3, 44984 MiB, 100 %
2026/10/03 14:59:50.625, 3, 44984 MiB, 100 %
2026/10/03 14:59:51.625, 3, 44984 MiB, 100 %
2026/10/03 14:59:52.626, 3, 44984 MiB, 100 %
2026/10/03 14:59:53.626, 3, 44984 MiB, 100 %
2026/10/03 14:59:54.626, 3, 44984 MiB, 100 %
2026/10/03 14:59:55.626, 3, 44984 MiB, 100 %
2026/10/03 14:59:56.626, 3, 44984 MiB, 100 %
2026/10/03 14:59:57.627, 3, 44984 MiB, 100 %
2026/10/03 14:59:58.627, 3, 44984 MiB, 100 %
2026/10/03 14:59:59.627, 3, 44984 MiB, 100 %
2026/10/03 15:00:00.628, 3, 44984 MiB, 100 %
2026/10/03 15:00:01.628, 3, 44984 MiB, 100 %
2026/10/03 15:00:02.628, 3, 44984 MiB, 100 %
2026/10/03 15:00:03.628, 3, 44984 MiB, 100 %
2026/10/03 15:00:04.629, 3, 44984 MiB, 100 %
2026/10/03 15:00:05.629, 3, 44984 MiB, 100 %
2026/10/03 15:00:06.629, 3, 44984 MiB, 100 %
2026/10/03 15:00:07.629, 3, 44984 MiB, 100 %
2026/10/03 15:00:08.629, 3, 44984 MiB, 100 %
2026/10/03 15:00:09.630, 3, 44984 MiB, 100 %
2026/10/03 15:00:10.630, 3, 44984 MiB, 100 %
2026/10/03 15:00:11.630, 3, 44984 MiB, 100 %
2026/10/03 15:00:12.630, 3, 44984 MiB, 100 %
2026/10/03 15:00:13.631, 3, 44984 MiB, 100 %
2026/10/03 15:00:14.631, 3, 44984 MiB, 100 %
2026/10/03 15:00:15.631, 3, 44984 MiB, 100 %
2026/10/03 15:00:16.631, 3, 44984 MiB, 100 %
2026/10/03 15:00:17.632, 3, 44984 MiB, 100 %
2026/10/03 15:00:18.632, 3, 44984 MiB, 100 %
2026/10/03 15:00:19.632, 3, 44984 MiB, 100 %
2026/10/03 15:00:20.632, 3, 44984 MiB, 100 %
2026/10/03 15:00:21.633, 3, 44984 MiB, 100 %
2026/10/03 15:00:22.633, 3, 44984 MiB, 100 %
2026/10/03 15:00:23.633, 3, 44984 MiB, 100 %
2026/10/03 15:00:24.633, 3, 44984 MiB, 100 %
2026/10/03 15:00:25.634, 3, 44984 MiB, 100 %
2026/10/03 15:00:26.634, 3, 44984 MiB, 100 %
2026/10/03 15:00:27.634, 3, 44984 MiB, 100 %
2026/10/03 15:00:28.634, 3, 44984 MiB, 100 %
2026/10/03 15:00:29.635, 3, 44984 MiB, 100 %
2026/10/03 15:00:30.635, 3, 44984 MiB, 100 %
2026/10/03 15:00:31.635, 3, 44984 MiB, 100 %
2026/10/03 15:00:32.635, 3, 44984 MiB, 100 %
2026/10/03 15:00:33.636, 3, 44984 MiB, 100 %
2026/10/03 15:00:34.636, 3, 44984 MiB, 100 %
2026/10/03 15:00:35.636, 3, 44984 MiB, 100 %
2026/10/03 15:00:36.636, 3, 44984 MiB, 100 %
2026/10/03 15:00:37.637, 3, 44984 MiB, 100 %
2026/10/03 15:00:38.637, 3, 44984 MiB, 100 %
2026/10/03 15:00:39.637, 3, 44984 MiB, 100 %
2026/10/03 15:00:40.637, 3, 44984 MiB, 100 %
2026/10/03 15:00:41.638, 3, 44984 MiB, 100 %
2026/10/03 15:00:42.638, 3, 44984 MiB, 100 %
2026/10/03 15:00:43.638, 3, 44984 MiB, 100 %
2026/10/03 15:00:44.638, 3, 44984 MiB, 100 %
2026/10/03 15:00:45.639, 3, 44984 MiB, 100 %
2026/10/03 15:00:46.639, 3, 44984 MiB, 100 %
2026/10/03 15:00:47.639, 3, 44984 MiB, 100 %
2026/10/03 15:00:48.639, 3, 44984 MiB, 100 %
2026/10/03 15:00:49.640, 3, 44984 MiB, 100 %
2026/10/03 15:00:50.640, 3, 44984 MiB, 100 %
2026/10/03 15:00:51.640, 3, 44984 MiB, 100 %
2026/10/03 15:00:52.641, 3, 44984 MiB, 100 %
2026/10/03 15:00:53.641, 3, 44984 MiB, 100 %
2026/10/03 15:00:54.641, 3, 44984 MiB, 100 %
2026/10/03 15:00:55.641, 3, 44984 MiB, 100 %
2026/10/03 15:00:56.642, 3, 44984 MiB, 100 %
2026/10/03 15:00:57.642, 3, 44984 MiB, 100 %
2026/10/03 15:00:58.642, 3, 44984 MiB, 100 %
2026/10/03 15:00:59.642, 3, 44984 MiB, 100 %
2026/10/03 15:01:00.643, 3, 44984 MiB, 100 %
2026/10/03 15:01:01.643, 3, 44984 MiB, 100 %
2026/10/03 15:01:02.643, 3, 44984 MiB, 100 %
2026/10/03 15:01:03.643, 3, 44984 MiB, 100 %
2026/10/03 15:01:04.644, 3, 44984 MiB, 100 %
2026/10/03 15:01:05.644, 3, 44984 MiB, 100 %
2026/10/03 15:01:06.644, 3, 44984 MiB, 100 %
2026/10/03 15:01:07.644, 3, 44984 MiB, 100 %
2026/10/03 15:01:08.645, 3, 44984 MiB, 100 %
2026/10/03 15:01:09.645, 3, 44984 MiB, 100 %
2026/10/03 15:01:10.645, 3, 44984 MiB, 100 %
2026/10/03 15:01:11.645, 3, 44984 MiB, 100 %
2026/10/03 15:01:12.646, 3, 44984 MiB, 100 %
2026/10/03 15:01:13.646, 3, 44984 MiB, 100 %
2026/10/03 15:01:14.646, 3, 44984 MiB, 100 %
2026/10/03 15:01:15.646, 3, 44984 MiB, 100 %
2026/10/03 15:01:16.647, 3, 44984 MiB, 100 %
2026/10/03 15:01:17.647, 3, 44984 MiB, 100 %
2026/10/03 15:01:18.647, 3, 44984 MiB, 100 %
2026/10/03 15:01:19.647, 3, 44984 MiB, 100 %
2026/10/03 15:01:20.647, 3, 44984 MiB, 100 %
2026/10/03 15:01:21.648, 3, 44984 MiB, 100 %
2026/10/03 15:01:22.648, 3, 44984 MiB, 100 %
2026/10/03 15:01:23.648, 3, 44984 MiB, 100 %
2026/10/03 15:01:24.649, 3, 44984 MiB, 100 %
2026/10/03 15:01:25.649, 3, 44984 MiB, 100 %
2026/10/03 15:01:26.649, 3, 44984 MiB, 100 %
2026/10/03 15:01:27.649, 3, 44984 MiB, 100 %
2026/10/03 15:01:28.649, 3, 44984 MiB, 100 %
2026/10/03 15:01:29.650, 3, 44984 MiB, 100 %
2026/10/03 15:01:30.650, 3, 44984 MiB, 100 %
2026/10/03 15:01:31.650, 3, 44984 MiB, 100 %
2026/10/03 15:01:32.650, 3, 44984 MiB, 100 %
2026/10/03 15:01:33.651, 3, 44984 MiB, 100 %
2026/10/03 15:01:34.651, 3, 44984 MiB, 100 %
2026/10/03 15:01:35.651, 3, 44984 MiB, 100 %
2026/10/03 15:01:36.651, 3, 44984 MiB, 100 %
2026/10/03 15:01:37.652, 3, 44984 MiB, 100 %
2026/10/03 15:01:38.652, 3, 44984 MiB, 100 %
2026/10/03 15:01:39.652, 3, 44984 MiB, 100 %
2026/10/03 15:01:40.652, 3, 44984 MiB, 100 %
2026/10/03 15:01:41.653, 3, 44984 MiB, 100 %
2026/10/03 15:01:42.653, 3, 44984 MiB, 100 %
2026/10/03 15:01:43.653, 3, 44988 MiB, 100 %
2026/10/03 15:01:44.653, 3, 44988 MiB, 100 %
2026/10/03 15:01:45.654, 3, 44988 MiB, 100 %
2026/10/03 15:01:46.654, 3, 44988 MiB, 100 %
2026/10/03 15:01:47.654, 3, 44988 MiB, 100 %
2026/10/03 15:01:48.654, 3, 44988 MiB, 100 %
2026/10/03 15:01:49.655, 3, 44988 MiB, 100 %
2026/10/03 15:01:50.655, 3, 44988 MiB, 100 %
2026/10/03 15:01:51.655, 3, 44988 MiB, 100 %
2026/10/03 15:01:52.655, 3, 44988 MiB, 100 %
2026/10/03 15:01:53.656, 3, 44988 MiB, 100 %
2026/10/03 15:01:54.656, 3, 44988 MiB, 100 %
2026/10/03 15:01:55.656, 3, 44988 MiB, 100 %
2026/10/03 15:01:56.656, 3, 44988 MiB, 100 %
2026/10/03 15:01:57.657, 3, 44988 MiB, 100 %
2026/10/03 15:01:58.657, 3, 44988 MiB, 100 %
2026/10/03 15:01:59.657, 3, 44988 MiB, 100 %
2026/10/03 15:02:00.657, 3, 44988 MiB, 100 %
2026/10/03 15:02:01.658, 3, 44988 MiB, 100 %
2026/10/03 15:02:02.658, 3, 44988 MiB, 100 %
2026/10/03 15:02:03.658, 3, 44988 MiB, 100 %
2026/10/03 15:02:04.658, 3, 44988 MiB, 70 %
2026/10/03 15:02:05.659, 3, 44988 MiB, 100 %
2026/10/03 15:02:06.659, 3, 44988 MiB, 100 %
2026/10/03 15:02:07.659, 3, 44988 MiB, 100 %
2026/10/03 15:02:08.659, 3, 44988 MiB, 100 %
2026/10/03 15:02:09.660, 3, 44988 MiB, 100 %
2026/10/03 15:02:10.660, 3, 44988 MiB, 100 %
2026/10/03 15:02:11.660, 3, 44988 MiB, 100 %
2026/10/03 15:02:12.660, 3, 44988 MiB, 100 %
2026/10/03 15:02:13.661, 3, 44988 MiB, 100 %
2026/10/03 15:02:14.661, 3, 44988 MiB, 100 %
2026/10/03 15:02:15.661, 3, 44988 MiB, 100 %
2026/10/03 15:02:16.661, 3, 44988 MiB, 100 %
2026/10/03 15:02:17.662, 3, 44988 MiB, 100 %
2026/10/03 15:02:18.662, 3, 44988 MiB, 100 %
2026/10/03 15:02:19.662, 3, 44988 MiB, 100 %
2026/10/03 15:02:20.662, 3, 44988 MiB, 100 %
2026/10/03 15:02:21.663, 3, 44988 MiB, 100 %
2026/10/03 15:02:22.663, 3, 44988 MiB, 100 %
2026/10/03 15:02:23.663, 3, 44988 MiB, 100 %
2026/10/03 15:02:24.663, 3, 44988 MiB, 100 %
2026/10/03 15:02:25.664, 3, 44988 MiB, 100 %
2026/10/03 15:02:26.664, 3, 44988 MiB, 100 %
2026/10/03 15:02:27.664, 3, 44988 MiB, 100 %
2026/10/03 15:02:28.664, 3, 44988 MiB, 100 %
2026/10/03 15:02:29.665, 3, 44988 MiB, 100 %
2026/10/03 15:02:30.665, 3, 44988 MiB, 100 %
2026/10/03 15:02:31.665, 3, 44988 MiB, 100 %
2026/10/03 15:02:32.665, 3, 44988 MiB, 100 %
2026/10/03 15:02:33.666, 3, 44988 MiB, 100 %
2026/10/03 15:02:34.666, 3, 44988 MiB, 100 %
2026/10/03 15:02:35.666, 3, 44988 MiB, 100 %
2026/10/03 15:02:36.667, 3, 44988 MiB, 100 %
2026/10/03 15:02:37.667, 3, 44988 MiB, 100 %
2026/10/03 15:02:38.667, 3, 44988 MiB, 100 %
2026/10/03 15:02:39.667, 3, 44988 MiB, 100 %
2026/10/03 15:02:40.668, 3, 44988 MiB, 100 %
2026/10/03 15:02:41.668, 3, 44988 MiB, 100 %
2026/10/03 15:02:42.668, 3, 44988 MiB, 100 %
2026/10/03 15:02:43.668, 3, 44988 MiB, 100 %
2026/10/03 15:02:44.669, 3, 44988 MiB, 100 %
2026/10/03 15:02:45.669, 3, 44988 MiB, 100 %
2026/10/03 15:02:46.669, 3, 44988 MiB, 100 %
2026/10/03 15:02:47.669, 3, 44988 MiB, 100 %
2026/10/03 15:02:48.670, 3, 44988 MiB, 100 %
2026/10/03 15:02:49.670, 3, 44988 MiB, 100 %
2026/10/03 15:02:50.670, 3, 44988 MiB, 100 %
2026/10/03 15:02:51.670, 3, 44988 MiB, 100 %
2026/10/03 15:02:52.671, 3, 44988 MiB, 100 %
2026/10/03 15:02:53.671, 3, 44988 MiB, 100 %
2026/10/03 15:02:54.671, 3, 44988 MiB, 100 %
2026/10/03 15:02:55.671, 3, 44988 MiB, 100 %
2026/10/03 15:02:56.672, 3, 44988 MiB, 100 %
2026/10/03 15:02:57.672, 3, 44988 MiB, 100 %
2026/10/03 15:02:58.672, 3, 44988 MiB, 100 %
2026/10/03 15:02:59.672, 3, 44988 MiB, 100 %
2026/10/03 15:03:00.673, 3, 44988 MiB, 100 %
2026/10/03 15:03:01.673, 3, 44988 MiB, 100 %
2026/10/03 15:03:02.673, 3, 44988 MiB, 100 %
2026/10/03 15:03:03.673, 3, 44988 MiB, 100 %
2026/10/03 15:03:04.674, 3, 44988 MiB, 100 %
2026/10/03 15:03:05.674, 3, 44988 MiB, 100 %
2026/10/03 15:03:06.674, 3, 44988 MiB, 100 %
2026/10/03 15:03:07.674, 3, 44988 MiB, 100 %
2026/10/03 15:03:08.675, 3, 44988 MiB, 100 %
2026/10/03 15:03:09.675, 3, 44988 MiB, 100 %
2026/10/03 15:03:10.675, 3, 44988 MiB, 100 %
2026/10/03 15:03:11.675, 3, 44988 MiB, 100 %
2026/10/03 15:03:12.676, 3, 44988 MiB, 100 %
2026/10/03 15:03:13.676, 3, 44988 MiB, 100 %
2026/10/03 15:03:14.676, 3, 44988 MiB, 100 %
2026/10/03 15:03:15.676, 3, 44988 MiB, 100 %
2026/10/03 15:03:16.677, 3, 44988 MiB, 100 %
2026/10/03 15:03:17.677, 3, 44988 MiB, 100 %
2026/10/03 15:03:18.677, 3, 44988 MiB, 100 %
2026/10/03 15:03:19.677, 3, 44988 MiB, 100 %
2026/10/03 15:03:20.678, 3, 44988 MiB, 100 %
2026/10/03 15:03:21.678, 3, 44988 MiB, 100 %
2026/10/03 15:03:22.678, 3, 44988 MiB, 100 %
2026/10/03 15:03:23.678, 3, 44988 MiB, 100 %
2026/10/03 15:03:24.679, 3, 44988 MiB, 100 %
2026/10/03 15:03:25.679, 3, 44988 MiB, 100 %
2026/10/03 15:03:26.679, 3, 44988 MiB, 100 %
2026/10/03 15:03:27.679, 3, 44988 MiB, 100 %
2026/10/03 15:03:28.680, 3, 44988 MiB, 100 %
2026/10/03 15:03:29.680, 3, 44988 MiB, 100 %
2026/10/03 15:03:30.680, 3, 44988 MiB, 100 %
2026/10/03 15:03:31.680, 3, 44988 MiB, 92 %
2026/10/03 15:03:32.681, 3, 44988 MiB, 100 %
2026/10/03 15:03:33.681, 3, 44988 MiB, 100 %
2026/10/03 15:03:34.681, 3, 44988 MiB, 100 %
2026/10/03 15:03:35.681, 3, 44988 MiB, 100 %
2026/10/03 15:03:36.682, 3, 44988 MiB, 100 %
2026/10/03 15:03:37.682, 3, 44988 MiB, 100 %
2026/10/03 15:03:38.682, 3, 44988 MiB, 100 %
2026/10/03 15:03:39.682, 3, 44988 MiB, 100 %
2026/10/03 15:03:40.683, 3, 44988 MiB, 100 %
2026/10/03 15:03:41.683, 3, 44988 MiB, 100 %
2026/10/03 15:03:42.683, 3, 44988 MiB, 100 %
2026/10/03 15:03:43.683, 3, 44988 MiB, 100 %
2026/10/03 15:03:44.684, 3, 44988 MiB, 100 %
2026/10/03 15:03:45.684, 3, 44988 MiB, 100 %
2026/10/03 15:03:46.684, 3, 44988 MiB, 100 %
2026/10/03 15:03:47.684, 3, 44988 MiB, 100 %
2026/10/03 15:03:48.685, 3, 44988 MiB, 100 %
2026/10/03 15:03:49.685, 3, 44988 MiB, 100 %
2026/10/03 15:03:50.685, 3, 44988 MiB, 100 %
2026/10/03 15:03:51.685, 3, 44988 MiB, 100 %
2026/10/03 15:03:52.686, 3, 44988 MiB, 100 %
2026/10/03 15:03:53.686, 3, 44988 MiB, 100 %
2026/10/03 15:03:54.686, 3, 44988 MiB, 100 %
2026/10/03 15:03:55.686, 3, 44988 MiB, 97 %
2026/10/03 15:03:56.687, 3, 44988 MiB, 100 %
2026/10/03 15:03:57.687, 3, 44988 MiB, 100 %
2026/10/03 15:03:58.687, 3, 44988 MiB, 100 %
2026/10/03 15:03:59.687, 3, 44988 MiB, 100 %
2026/10/03 15:04:00.688, 3, 44988 MiB, 100 %
2026/10/03 15:04:01.688, 3, 44988 MiB, 100 %
2026/10/03 15:04:02.688, 3, 44988 MiB, 100 %
2026/10/03 15:04:03.688, 3, 44988 MiB, 100 %
2026/10/03 15:04:04.689, 3, 44988 MiB, 100 %
2026/10/03 15:04:05.689, 3, 44988 MiB, 100 %
2026/10/03 15:04:06.689, 3, 44988 MiB, 100 %
2026/10/03 15:04:07.689, 3, 44988 MiB, 100 %
2026/10/03 15:04:08.690, 3, 44988 MiB, 100 %
2026/10/03 15:04:09.690, 3, 44988 MiB, 100 %
2026/10/03 15:04:10.690, 3, 44988 MiB, 100 %
2026/10/03 15:04:11.690, 3, 44988 MiB, 100 %
2026/10/03 15:04:12.691, 3, 44988 MiB, 100 %
2026/10/03 15:04:13.691, 3, 44988 MiB, 100 %
2026/10/03 15:04:14.691, 3, 44988 MiB, 100 %
2026/10/03 15:04:15.692, 3, 44988 MiB, 100 %
2026/10/03 15:04:16.692, 3, 44988 MiB, 100 %
2026/10/03 15:04:17.692, 3, 44988 MiB, 100 %
2026/10/03 15:04:18.692, 3, 44988 MiB, 100 %
2026/10/03 15:04:19.693, 3, 44988 MiB, 100 %
2026/10/03 15:04:20.693, 3, 44988 MiB, 100 %
2026/10/03 15:04:21.693, 3, 44988 MiB, 100 %
2026/10/03 15:04:22.693, 3, 44988 MiB, 100 %
2026/10/03 15:04:23.694, 3, 44988 MiB, 100 %
2026/10/03 15:04:24.694, 3, 44988 MiB, 100 %
2026/10/03 15:04:25.694, 3, 44988 MiB, 100 %
2026/10/03 15:04:26.694, 3, 44988 MiB, 100 %
2026/10/03 15:04:27.695, 3, 44988 MiB, 100 %
2026/10/03 15:04:28.695, 3, 44988 MiB, 100 %
2026/10/03 15:04:29.695, 3, 44988 MiB, 100 %
2026/10/03 15:04:30.695, 3, 44988 MiB, 100 %
2026/10/03 15:04:31.696, 3, 44988 MiB, 100 %
2026/10/03 15:04:32.696, 3, 44988 MiB, 100 %
2026/10/03 15:04:33.696, 3, 44988 MiB, 100 %
2026/10/03 15:04:34.696, 3, 44988 MiB, 100 %
2026/10/03 15:04:35.697, 3, 44988 MiB, 100 %
2026/10/03 15:04:36.697, 3, 44988 MiB, 100 %
2026/10/03 15:04:37.697, 3, 44988 MiB, 100 %
2026/10/03 15:04:38.697, 3, 44988 MiB, 100 %
2026/10/03 15:04:39.698, 3, 44988 MiB, 100 %
2026/10/03 15:04:40.698, 3, 44988 MiB, 100 %
2026/10/03 15:04:41.698, 3, 44988 MiB, 100 %
2026/10/03 15:04:42.698, 3, 44988 MiB, 100 %
2026/10/03 15:04:43.699, 3, 44988 MiB, 100 %
2026/10/03 15:04:44.699, 3, 44988 MiB, 100 %
2026/10/03 15:04:45.699, 3, 44988 MiB, 100 %
2026/10/03 15:04:46.699, 3, 44988 MiB, 100 %
2026/10/03 15:04:47.700, 3, 44988 MiB, 100 %
2026/10/03 15:04:48.700, 3, 44988 MiB, 100 %
2026/10/03 15:04:49.700, 3, 44988 MiB, 100 %
2026/10/03 15:04:50.700, 3, 44988 MiB, 100 %
2026/10/03 15:04:51.701, 3, 44988 MiB, 100 %
2026/10/03 15:04:52.701, 3, 44988 MiB, 100 %
2026/10/03 15:04:53.701, 3, 44988 MiB, 100 %
2026/10/03 15:04:54.701, 3, 44988 MiB, 100 %
2026/10/03 15:04:55.702, 3, 44988 MiB, 100 %
2026/10/03 15:04:56.702, 3, 44988 MiB, 100 %
2026/10/03 15:04:57.702, 3, 44988 MiB, 100 %
2026/10/03 15:04:58.703, 3, 44988 MiB, 100 %
2026/10/03 15:04:59.703, 3, 44988 MiB, 100 %
2026/10/03 15:05:00.703, 3, 44988 MiB, 100 %
2026/10/03 15:05:01.703, 3, 44988 MiB, 100 %
2026/10/03 15:05:02.704, 3, 44988 MiB, 100 %
2026/10/03 15:05:03.704, 3, 44988 MiB, 100 %
2026/10/03 15:05:04.704, 3, 44988 MiB, 100 %
2026/10/03 15:05:05.704, 3, 44988 MiB, 100 %
2026/10/03 15:05:06.705, 3, 44988 MiB, 100 %
2026/10/03 15:05:07.705, 3, 44988 MiB, 100 %
2026/10/03 15:05:08.705, 3, 44988 MiB, 100 %
2026/10/03 15:05:09.705, 3, 44988 MiB, 100 %
2026/10/03 15:05:10.706, 3, 44988 MiB, 100 %
2026/10/03 15:05:11.706, 3, 44988 MiB, 100 %
2026/10/03 15:05:12.706, 3, 44988 MiB, 100 %
2026/10/03 15:05:13.706, 3, 44988 MiB, 100 %
2026/10/03 15:05:14.707, 3, 44988 MiB, 100 %
2026/10/03 15:05:15.707, 3, 44988 MiB, 100 %
2026/10/03 15:05:16.707, 3, 44988 MiB, 100 %
2026/10/03 15:05:17.707, 3, 44988 MiB, 100 %
2026/10/03 15:05:18.708, 3, 44988 MiB, 100 %
2026/10/03 15:05:19.708, 3, 44988 MiB, 100 %
2026/10/03 15:05:20.708, 3, 44988 MiB, 100 %
2026/10/03 15:05:21.709, 3, 44988 MiB, 100 %
2026/10/03 15:05:22.709, 3, 44988 MiB, 100 %
2026/10/03 15:05:23.709, 3, 44988 MiB, 100 %
2026/10/03 15:05:24.709, 3, 44988 MiB, 100 %
2026/10/03 15:05:25.710, 3, 44988 MiB, 100 %
2026/10/03 15:05:26.710, 3, 44988 MiB, 100 %
2026/10/03 15:05:27.710, 3, 44988 MiB, 100 %
2026/10/03 15:05:28.711, 3, 44988 MiB, 100 %
2026/10/03 15:05:29.711, 3, 44988 MiB, 100 %
2026/10/03 15:05:30.711, 3, 44988 MiB, 100 %
2026/10/03 15:05:31.711, 3, 44988 MiB, 100 %
2026/10/03 15:05:32.712, 3, 44988 MiB, 100 %
2026/10/03 15:05:33.712, 3, 44988 MiB, 100 %
2026/10/03 15:05:34.712, 3, 44988 MiB, 100 %
2026/10/03 15:05:35.713, 3, 44988 MiB, 100 %
2026/10/03 15:05:36.713, 3, 44988 MiB, 100 %
2026/10/03 15:05:37.713, 3, 44988 MiB, 100 %
2026/10/03 15:05:38.713, 3, 44988 MiB, 100 %
2026/10/03 15:05:39.714, 3, 44988 MiB, 100 %
2026/10/03 15:05:40.714, 3, 44988 MiB, 100 %
2026/10/03 15:05:41.714, 3, 44988 MiB, 100 %
2026/10/03 15:05:42.715, 3, 44988 MiB, 100 %
2026/10/03 15:05:43.715, 3, 44988 MiB, 100 %
2026/10/03 15:05:44.715, 3, 44988 MiB, 100 %
2026/10/03 15:05:45.715, 3, 44988 MiB, 100 %
2026/10/03 15:05:46.716, 3, 44988 MiB, 100 %
2026/10/03 15:05:47.716, 3, 44988 MiB, 100 %
2026/10/03 15:05:48.716, 3, 44988 MiB, 100 %
2026/10/03 15:05:49.716, 3, 44988 MiB, 100 %
2026/10/03 15:05:50.717, 3, 44988 MiB, 100 %
2026/10/03 15:05:51.717, 3, 44988 MiB, 100 %
2026/10/03 15:05:52.717, 3, 44988 MiB, 100 %
2026/10/03 15:05:53.717, 3, 44988 MiB, 100 %
2026/10/03 15:05:54.718, 3, 44988 MiB, 100 %
2026/10/03 15:05:55.718, 3, 44988 MiB, 100 %
2026/10/03 15:05:56.718, 3, 44988 MiB, 100 %
2026/10/03 15:05:57.718, 3, 44988 MiB, 100 %
2026/10/03 15:05:58.719, 3, 44988 MiB, 100 %
2026/10/03 15:05:59.719, 3, 44988 MiB, 100 %
2026/10/03 15:06:00.719, 3, 44988 MiB, 100 %
2026/10/03 15:06:01.719, 3, 44988 MiB, 100 %
2026/10/03 15:06:02.720, 3, 44988 MiB, 100 %
2026/10/03 15:06:03.720, 3, 44988 MiB, 100 %
2026/10/03 15:06:04.720, 3, 44988 MiB, 100 %
2026/10/03 15:06:05.720, 3, 44988 MiB, 100 %
2026/10/03 15:06:06.721, 3, 44988 MiB, 100 %
2026/10/03 15:06:07.721, 3, 44988 MiB, 97 %
2026/10/03 15:06:08.721, 3, 44988 MiB, 100 %
2026/10/03 15:06:09.721, 3, 44988 MiB, 100 %
2026/10/03 15:06:10.722, 3, 44988 MiB, 99 %
2026/10/03 15:06:11.722, 3, 44988 MiB, 100 %
2026/10/03 15:06:12.722, 3, 44988 MiB, 100 %
2026/10/03 15:06:13.723, 3, 44988 MiB, 100 %
2026/10/03 15:06:14.723, 3, 44988 MiB, 100 %
2026/10/03 15:06:15.723, 3, 44988 MiB, 100 %
2026/10/03 15:06:16.723, 3, 44988 MiB, 100 %
2026/10/03 15:06:17.724, 3, 44988 MiB, 100 %
2026/10/03 15:06:18.724, 3, 44988 MiB, 100 %
2026/10/03 15:06:19.724, 3, 44988 MiB, 100 %
2026/10/03 15:06:20.724, 3, 44988 MiB, 100 %
2026/10/03 15:06:21.724, 3, 44988 MiB, 100 %
2026/10/03 15:06:22.725, 3, 44988 MiB, 100 %
2026/10/03 15:06:23.725, 3, 44988 MiB, 100 %
2026/10/03 15:06:24.725, 3, 44988 MiB, 100 %
2026/10/03 15:06:25.725, 3, 44988 MiB, 100 %
2026/10/03 15:06:26.726, 3, 44988 MiB, 100 %
2026/10/03 15:06:27.726, 3, 44988 MiB, 100 %
2026/10/03 15:06:28.726, 3, 44988 MiB, 100 %
2026/10/03 15:06:29.727, 3, 44988 MiB, 100 %
2026/10/03 15:06:30.727, 3, 44988 MiB, 100 %
2026/10/03 15:06:31.727, 3, 44988 MiB, 100 %
2026/10/03 15:06:32.727, 3, 44988 MiB, 100 %
2026/10/03 15:06:33.728, 3, 44988 MiB, 100 %
2026/10/03 15:06:34.728, 3, 44988 MiB, 100 %
2026/10/03 15:06:35.728, 3, 44988 MiB, 100 %
2026/10/03 15:06:36.728, 3, 44988 MiB, 100 %
2026/10/03 15:06:37.729, 3, 44988 MiB, 100 %
2026/10/03 15:06:38.729, 3, 44988 MiB, 100 %
2026/10/03 15:06:39.729, 3, 44988 MiB, 100 %
2026/10/03 15:06:40.729, 3, 44988 MiB, 100 %
2026/10/03 15:06:41.730, 3, 44988 MiB, 100 %
2026/10/03 15:06:42.730, 3, 44988 MiB, 100 %
2026/10/03 15:06:43.730, 3, 44988 MiB, 99 %
2026/10/03 15:06:44.730, 3, 44988 MiB, 100 %
2026/10/03 15:06:45.731, 3, 44988 MiB, 100 %
2026/10/03 15:06:46.731, 3, 44988 MiB, 100 %
2026/10/03 15:06:47.731, 3, 44988 MiB, 100 %
2026/10/03 15:06:48.731, 3, 44988 MiB, 100 %
2026/10/03 15:06:49.732, 3, 44988 MiB, 100 %
2026/10/03 15:06:50.732, 3, 44988 MiB, 100 %
2026/10/03 15:06:51.732, 3, 44988 MiB, 100 %
2026/10/03 15:06:52.733, 3, 44988 MiB, 100 %
2026/10/03 15:06:53.733, 3, 44988 MiB, 100 %
2026/10/03 15:06:54.733, 3, 44988 MiB, 100 %
2026/10/03 15:06:55.733, 3, 44988 MiB, 100 %
2026/10/03 15:06:56.734, 3, 44988 MiB, 100 %
2026/10/03 15:06:57.734, 3, 44988 MiB, 100 %
2026/10/03 15:06:58.734, 3, 44988 MiB, 100 %
2026/10/03 15:06:59.734, 3, 44988 MiB, 100 %
2026/10/03 15:07:00.735, 3, 44988 MiB, 100 %
2026/10/03 15:07:01.735, 3, 44988 MiB, 100 %
2026/10/03 15:07:02.735, 3, 44988 MiB, 100 %
2026/10/03 15:07:03.735, 3, 44988 MiB, 100 %
2026/10/03 15:07:04.736, 3, 44988 MiB, 100 %
2026/10/03 15:07:05.736, 3, 44988 MiB, 100 %
2026/10/03 15:07:06.736, 3, 44988 MiB, 100 %
2026/10/03 15:07:07.736, 3, 44988 MiB, 100 %
2026/10/03 15:07:08.737, 3, 44988 MiB, 100 %
2026/10/03 15:07:09.737, 3, 44988 MiB, 100 %
2026/10/03 15:07:10.737, 3, 44988 MiB, 100 %
2026/10/03 15:07:11.737, 3, 44988 MiB, 100 %
2026/10/03 15:07:12.738, 3, 44988 MiB, 100 %
2026/10/03 15:07:13.738, 3, 44988 MiB, 100 %
2026/10/03 15:07:14.738, 3, 44988 MiB, 100 %
2026/10/03 15:07:15.739, 3, 44988 MiB, 100 %
2026/10/03 15:07:16.739, 3, 44988 MiB, 100 %
2026/10/03 15:07:17.739, 3, 44988 MiB, 100 %
2026/10/03 15:07:18.739, 3, 44988 MiB, 100 %
2026/10/03 15:07:19.740, 3, 44988 MiB, 100 %
2026/10/03 15:07:20.740, 3, 44988 MiB, 100 %
2026/10/03 15:07:21.740, 3, 44988 MiB, 100 %
2026/10/03 15:07:22.740, 3, 44988 MiB, 100 %
2026/10/03 15:07:23.741, 3, 44988 MiB, 100 %
2026/10/03 15:07:24.741, 3, 44988 MiB, 100 %
2026/10/03 15:07:25.741, 3, 44988 MiB, 100 %
2026/10/03 15:07:26.741, 3, 44988 MiB, 100 %
2026/10/03 15:07:27.742, 3, 44988 MiB, 100 %
2026/10/03 15:07:28.742, 3, 44988 MiB, 100 %
2026/10/03 15:07:29.742, 3, 44988 MiB, 100 %
2026/10/03 15:07:30.742, 3, 44988 MiB, 100 %
2026/10/03 15:07:31.743, 3, 44988 MiB, 100 %
2026/10/03 15:07:32.743, 3, 44988 MiB, 100 %
2026/10/03 15:07:33.743, 3, 44988 MiB, 100 %
2026/10/03 15:07:34.743, 3, 44988 MiB, 100 %
2026/10/03 15:07:35.744, 3, 44988 MiB, 100 %
2026/10/03 15:07:36.744, 3, 44988 MiB, 100 %
2026/10/03 15:07:37.744, 3, 44988 MiB, 100 %
2026/10/03 15:07:38.744, 3, 44988 MiB, 100 %
2026/10/03 15:07:39.745, 3, 44988 MiB, 100 %
2026/10/03 15:07:40.745, 3, 44988 MiB, 100 %
2026/10/03 15:07:41.745, 3, 44988 MiB, 100 %
2026/10/03 15:07:42.745, 3, 44988 MiB, 100 %
2026/10/03 15:07:43.746, 3, 44988 MiB, 100 %
2026/10/03 15:07:44.746, 3, 44988 MiB, 100 %
2026/10/03 15:07:45.746, 3, 44988 MiB, 100 %
2026/10/03 15:07:46.746, 3, 44988 MiB, 100 %
2026/10/03 15:07:47.747, 3, 44988 MiB, 100 %
2026/10/03 15:07:48.747, 3, 44988 MiB, 100 %
2026/10/03 15:07:49.747, 3, 44988 MiB, 100 %
2026/10/03 15:07:50.747, 3, 44988 MiB, 100 %
2026/10/03 15:07:51.748, 3, 44988 MiB, 100 %
2026/10/03 15:07:52.748, 3, 44988 MiB, 100 %
2026/10/03 15:07:53.748, 3, 44988 MiB, 100 %
2026/10/03 15:07:54.748, 3, 44988 MiB, 100 %
2026/10/03 15:07:55.749, 3, 44988 MiB, 100 %
2026/10/03 15:07:56.749, 3, 44988 MiB, 100 %
2026/10/03 15:07:57.749, 3, 44988 MiB, 100 %
2026/10/03 15:07:58.749, 3, 44988 MiB, 100 %
2026/10/03 15:07:59.750, 3, 44988 MiB, 100 %
2026/10/03 15:08:00.750, 3, 44988 MiB, 100 %
2026/10/03 15:08:01.750, 3, 44988 MiB, 100 %
2026/10/03 15:08:02.750, 3, 44988 MiB, 100 %
2026/10/03 15:08:03.751, 3, 44988 MiB, 81 %
2026/10/03 15:08:04.751, 3, 44988 MiB, 100 %
2026/10/03 15:08:05.751, 3, 44988 MiB, 100 %
2026/10/03 15:08:06.751, 3, 44988 MiB, 100 %
2026/10/03 15:08:07.752, 3, 44988 MiB, 100 %
2026/10/03 15:08:08.752, 3, 44988 MiB, 100 %
2026/10/03 15:08:09.752, 3, 44988 MiB, 100 %
2026/10/03 15:08:10.752, 3, 44988 MiB, 100 %
2026/10/03 15:08:11.753, 3, 44988 MiB, 100 %
2026/10/03 15:08:12.753, 3, 44988 MiB, 100 %
2026/10/03 15:08:13.753, 3, 44988 MiB, 100 %
2026/10/03 15:08:14.753, 3, 44988 MiB, 100 %
2026/10/03 15:08:15.754, 3, 44988 MiB, 100 %
2026/10/03 15:08:16.754, 3, 44988 MiB, 100 %
2026/10/03 15:08:17.754, 3, 44988 MiB, 100 %
2026/10/03 15:08:18.754, 3, 44988 MiB, 100 %
2026/10/03 15:08:19.755, 3, 44988 MiB, 100 %
2026/10/03 15:08:20.755, 3, 44988 MiB, 100 %
2026/10/03 15:08:21.755, 3, 44988 MiB, 100 %
2026/10/03 15:08:22.755, 3, 44988 MiB, 100 %
2026/10/03 15:08:23.756, 3, 44988 MiB, 100 %
2026/10/03 15:08:24.756, 3, 44988 MiB, 100 %
2026/10/03 15:08:25.756, 3, 44988 MiB, 100 %
2026/10/03 15:08:26.757, 3, 44988 MiB, 100 %
2026/10/03 15:08:27.757, 3, 44988 MiB, 100 %
2026/10/03 15:08:28.757, 3, 44988 MiB, 100 %
2026/10/03 15:08:29.757, 3, 44988 MiB, 100 %
2026/10/03 15:08:30.758, 3, 44988 MiB, 100 %
2026/10/03 15:08:31.758, 3, 44988 MiB, 100 %
2026/10/03 15:08:32.758, 3, 44988 MiB, 100 %
2026/10/03 15:08:33.758, 3, 44988 MiB, 100 %
2026/10/03 15:08:34.759, 3, 44988 MiB, 100 %
2026/10/03 15:08:35.759, 3, 44988 MiB, 100 %
2026/10/03 15:08:36.759, 3, 44988 MiB, 100 %
2026/10/03 15:08:37.759, 3, 44988 MiB, 100 %
2026/10/03 15:08:38.759, 3, 44988 MiB, 100 %
2026/10/03 15:08:39.760, 3, 44988 MiB, 100 %
2026/10/03 15:08:40.760, 3, 44988 MiB, 100 %
2026/10/03 15:08:41.760, 3, 44988 MiB, 100 %
2026/10/03 15:08:42.761, 3, 44988 MiB, 100 %
2026/10/03 15:08:43.761, 3, 44988 MiB, 100 %
2026/10/03 15:08:44.761, 3, 44988 MiB, 100 %
2026/10/03 15:08:45.761, 3, 44988 MiB, 100 %
2026/10/03 15:08:46.761, 3, 44988 MiB, 100 %
2026/10/03 15:08:47.761, 3, 44988 MiB, 100 %
2026/10/03 15:08:48.761, 3, 44988 MiB, 100 %
2026/10/03 15:08:49.762, 3, 44988 MiB, 100 %
2026/10/03 15:08:50.762, 3, 44988 MiB, 100 %
2026/10/03 15:08:51.762, 3, 44988 MiB, 100 %
2026/10/03 15:08:52.762, 3, 44988 MiB, 100 %
2026/10/03 15:08:53.762, 3, 44988 MiB, 100 %
2026/10/03 15:08:54.762, 3, 44988 MiB, 100 %
2026/10/03 15:08:55.762, 3, 44988 MiB, 100 %
2026/10/03 15:08:56.762, 3, 44988 MiB, 100 %
2026/10/03 15:08:57.762, 3, 44988 MiB, 100 %
2026/10/03 15:08:58.763, 3, 44988 MiB, 100 %
2026/10/03 15:08:59.763, 3, 44988 MiB, 100 %
2026/10/03 15:09:00.763, 3, 44988 MiB, 100 %
2026/10/03 15:09:01.763, 3, 44988 MiB, 100 %
2026/10/03 15:09:02.763, 3, 44988 MiB, 100 %
2026/10/03 15:09:03.763, 3, 44988 MiB, 100 %
2026/10/03 15:09:04.763, 3, 44988 MiB, 100 %
2026/10/03 15:09:05.764, 3, 44988 MiB, 100 %
2026/10/03 15:09:06.764, 3, 44988 MiB, 100 %
2026/10/03 15:09:07.764, 3, 44988 MiB, 100 %
2026/10/03 15:09:08.764, 3, 44988 MiB, 100 %
2026/10/03 15:09:09.765, 3, 44988 MiB, 100 %
2026/10/03 15:09:10.765, 3, 44988 MiB, 100 %
2026/10/03 15:09:11.765, 3, 44988 MiB, 100 %
2026/10/03 15:09:12.765, 3, 44988 MiB, 100 %
2026/10/03 15:09:13.765, 3, 44988 MiB, 100 %
2026/10/03 15:09:14.766, 3, 44988 MiB, 100 %
2026/10/03 15:09:15.766, 3, 44988 MiB, 100 %
2026/10/03 15:09:16.766, 3, 44988 MiB, 100 %
2026/10/03 15:09:17.766, 3, 44988 MiB, 100 %
2026/10/03 15:09:18.766, 3, 44988 MiB, 100 %
2026/10/03 15:09:19.767, 3, 44988 MiB, 100 %
2026/10/03 15:09:20.767, 3, 44988 MiB, 100 %
2026/10/03 15:09:21.767, 3, 44988 MiB, 100 %
2026/10/03 15:09:22.767, 3, 44988 MiB, 100 %
2026/10/03 15:09:23.768, 3, 44988 MiB, 100 %
2026/10/03 15:09:24.768, 3, 44988 MiB, 100 %
2026/10/03 15:09:25.768, 3, 44988 MiB, 100 %
2026/10/03 15:09:26.768, 3, 44988 MiB, 100 %
2026/10/03 15:09:27.769, 3, 44988 MiB, 100 %
2026/10/03 15:09:28.769, 3, 44988 MiB, 100 %
2026/10/03 15:09:29.769, 3, 44988 MiB, 100 %
2026/10/03 15:09:30.769, 3, 44988 MiB, 100 %
2026/10/03 15:09:31.770, 3, 44988 MiB, 100 %
2026/10/03 15:09:32.770, 3, 44988 MiB, 100 %
2026/10/03 15:09:33.770, 3, 44988 MiB, 100 %
2026/10/03 15:09:34.770, 3, 44988 MiB, 100 %
2026/10/03 15:09:35.770, 3, 44988 MiB, 100 %
2026/10/03 15:09:36.770, 3, 44988 MiB, 100 %
2026/10/03 15:09:37.770, 3, 44988 MiB, 100 %
2026/10/03 15:09:38.771, 3, 44988 MiB, 100 %
2026/10/03 15:09:39.771, 3, 44988 MiB, 100 %
2026/10/03 15:09:40.771, 3, 44988 MiB, 100 %
2026/10/03 15:09:41.771, 3, 44988 MiB, 100 %
2026/10/03 15:09:42.772, 3, 44988 MiB, 100 %
2026/10/03 15:09:43.772, 3, 44988 MiB, 100 %
2026/10/03 15:09:44.772, 3, 44988 MiB, 100 %
2026/10/03 15:09:45.772, 3, 44988 MiB, 100 %
2026/10/03 15:09:46.773, 3, 44988 MiB, 100 %
2026/10/03 15:09:47.773, 3, 44988 MiB, 100 %
2026/10/03 15:09:48.773, 3, 44988 MiB, 100 %
2026/10/03 15:09:49.773, 3, 44988 MiB, 100 %
2026/10/03 15:09:50.774, 3, 44988 MiB, 100 %
2026/10/03 15:09:51.774, 3, 44988 MiB, 100 %
2026/10/03 15:09:52.774, 3, 44988 MiB, 100 %
2026/10/03 15:09:53.774, 3, 44988 MiB, 100 %
2026/10/03 15:09:54.774, 3, 44988 MiB, 100 %
2026/10/03 15:09:55.774, 3, 44988 MiB, 100 %
2026/10/03 15:09:56.775, 3, 44988 MiB, 100 %
2026/10/03 15:09:57.775, 3, 44988 MiB, 100 %
2026/10/03 15:09:58.775, 3, 44988 MiB, 100 %
2026/10/03 15:09:59.776, 3, 44988 MiB, 100 %
2026/10/03 15:10:00.776, 3, 44988 MiB, 100 %
2026/10/03 15:10:01.776, 3, 44988 MiB, 100 %
2026/10/03 15:10:02.777, 3, 44988 MiB, 100 %
2026/10/03 15:10:03.777, 3, 44988 MiB, 100 %
2026/10/03 15:10:04.777, 3, 44988 MiB, 100 %
2026/10/03 15:10:05.777, 3, 44988 MiB, 100 %
2026/10/03 15:10:06.777, 3, 44988 MiB, 100 %
2026/10/03 15:10:07.777, 3, 44988 MiB, 100 %
2026/10/03 15:10:08.778, 3, 44988 MiB, 100 %
2026/10/03 15:10:09.778, 3, 44988 MiB, 100 %
2026/10/03 15:10:10.778, 3, 44988 MiB, 100 %
2026/10/03 15:10:11.778, 3, 44988 MiB, 100 %
2026/10/03 15:10:12.778, 3, 44988 MiB, 100 %
2026/10/03 15:10:13.778, 3, 44988 MiB, 100 %
2026/10/03 15:10:14.778, 3, 44988 MiB, 100 %
2026/10/03 15:10:15.779, 3, 44988 MiB, 100 %
2026/10/03 15:10:16.779, 3, 44988 MiB, 100 %
2026/10/03 15:10:17.779, 3, 44988 MiB, 100 %
2026/10/03 15:10:18.779, 3, 44988 MiB, 100 %
2026/10/03 15:10:19.780, 3, 44988 MiB, 100 %
2026/10/03 15:10:20.780, 3, 44988 MiB, 100 %
2026/10/03 15:10:21.780, 3, 44988 MiB, 100 %
2026/10/03 15:10:22.780, 3, 44988 MiB, 100 %
2026/10/03 15:10:23.781, 3, 44988 MiB, 100 %
2026/10/03 15:10:24.781, 3, 44988 MiB, 100 %
2026/10/03 15:10:25.781, 3, 44988 MiB, 100 %
2026/10/03 15:10:26.781, 3, 44988 MiB, 100 %
2026/10/03 15:10:27.782, 3, 44988 MiB, 100 %
2026/10/03 15:10:28.782, 3, 44988 MiB, 100 %
2026/10/03 15:10:29.782, 3, 44988 MiB, 100 %
2026/10/03 15:10:30.782, 3, 44988 MiB, 100 %
2026/10/03 15:10:31.782, 3, 44988 MiB, 100 %
2026/10/03 15:10:32.782, 3, 44988 MiB, 100 %
2026/10/03 15:10:33.782, 3, 44988 MiB, 100 %
2026/10/03 15:10:34.783, 3, 44988 MiB, 100 %
2026/10/03 15:10:35.783, 3, 44988 MiB, 100 %
2026/10/03 15:10:36.783, 3, 44988 MiB, 100 %
2026/10/03 15:10:37.783, 3, 44988 MiB, 100 %
2026/10/03 15:10:38.783, 3, 44988 MiB, 100 %
2026/10/03 15:10:39.783, 3, 44988 MiB, 100 %
2026/10/03 15:10:40.784, 3, 44988 MiB, 100 %
2026/10/03 15:10:41.784, 3, 44988 MiB, 100 %
2026/10/03 15:10:42.784, 3, 44988 MiB, 100 %
2026/10/03 15:10:43.784, 3, 44988 MiB, 100 %
2026/10/03 15:10:44.784, 3, 44988 MiB, 100 %
2026/10/03 15:10:45.784, 3, 44988 MiB, 100 %
2026/10/03 15:10:46.785, 3, 44988 MiB, 100 %
2026/10/03 15:10:47.785, 3, 44988 MiB, 100 %
2026/10/03 15:10:48.785, 3, 44988 MiB, 100 %
2026/10/03 15:10:49.785, 3, 44988 MiB, 100 %
2026/10/03 15:10:50.785, 3, 44988 MiB, 100 %
2026/10/03 15:10:51.785, 3, 44988 MiB, 100 %
2026/10/03 15:10:52.786, 3, 44988 MiB, 100 %
2026/10/03 15:10:53.786, 3, 44988 MiB, 100 %
2026/10/03 15:10:54.786, 3, 44988 MiB, 100 %
2026/10/03 15:10:55.786, 3, 44988 MiB, 100 %
2026/10/03 15:10:56.786, 3, 44988 MiB, 100 %
2026/10/03 15:10:57.787, 3, 44988 MiB, 100 %
2026/10/03 15:10:58.787, 3, 44988 MiB, 100 %
2026/10/03 15:10:59.787, 3, 44988 MiB, 100 %
2026/10/03 15:11:00.787, 3, 44988 MiB, 100 %
2026/10/03 15:11:01.788, 3, 44988 MiB, 100 %
2026/10/03 15:11:02.788, 3, 44988 MiB, 100 %
2026/10/03 15:11:03.788, 3, 44988 MiB, 100 %
2026/10/03 15:11:04.788, 3, 44988 MiB, 100 %
2026/10/03 15:11:05.789, 3, 44988 MiB, 100 %
2026/10/03 15:11:06.789, 3, 44988 MiB, 100 %
2026/10/03 15:11:07.789, 3, 44988 MiB, 100 %
2026/10/03 15:11:08.789, 3, 44988 MiB, 100 %
2026/10/03 15:11:09.790, 3, 44988 MiB, 100 %
2026/10/03 15:11:10.790, 3, 44988 MiB, 100 %
2026/10/03 15:11:11.791, 3, 44988 MiB, 100 %
2026/10/03 15:11:12.791, 3, 44988 MiB, 100 %
2026/10/03 15:11:13.791, 3, 44988 MiB, 100 %
2026/10/03 15:11:14.792, 3, 44988 MiB, 100 %
2026/10/03 15:11:15.792, 3, 44988 MiB, 100 %
2026/10/03 15:11:16.793, 3, 44988 MiB, 100 %
2026/10/03 15:11:17.794, 3, 44988 MiB, 100 %
2026/10/03 15:11:18.794, 3, 44988 MiB, 100 %
2026/10/03 15:11:19.794, 3, 44988 MiB, 100 %
2026/10/03 15:11:20.794, 3, 44988 MiB, 100 %
2026/10/03 15:11:21.796, 3, 44988 MiB, 100 %
2026/10/03 15:11:22.796, 3, 44988 MiB, 100 %
2026/10/03 15:11:23.796, 3, 44988 MiB, 100 %
2026/10/03 15:11:24.797, 3, 44988 MiB, 100 %
2026/10/03 15:11:25.797, 3, 44988 MiB, 100 %
2026/10/03 15:11:26.799, 3, 44988 MiB, 100 %
2026/10/03 15:11:27.799, 3, 44988 MiB, 100 %
2026/10/03 15:11:28.799, 3, 44988 MiB, 100 %
2026/10/03 15:11:29.799, 3, 44988 MiB, 100 %
2026/10/03 15:11:30.800, 3, 44988 MiB, 100 %
2026/10/03 15:11:31.801, 3, 44988 MiB, 100 %
2026/10/03 15:11:32.801, 3, 44988 MiB, 100 %
2026/10/03 15:11:33.802, 3, 44988 MiB, 100 %
2026/10/03 15:11:34.802, 3, 44988 MiB, 100 %
2026/10/03 15:11:35.802, 3, 44988 MiB, 100 %
2026/10/03 15:11:36.803, 3, 44988 MiB, 100 %
2026/10/03 15:11:37.804, 3, 44988 MiB, 100 %
2026/10/03 15:11:38.804, 3, 44988 MiB, 100 %
2026/10/03 15:11:39.804, 3, 44988 MiB, 100 %
2026/10/03 15:11:40.805, 3, 44988 MiB, 100 %
2026/10/03 15:11:41.806, 3, 44988 MiB, 100 %
2026/10/03 15:11:42.806, 3, 44988 MiB, 100 %
2026/10/03 15:11:43.807, 3, 44988 MiB, 100 %
2026/10/03 15:11:44.807, 3, 44988 MiB, 100 %
2026/10/03 15:11:45.807, 3, 44988 MiB, 100 %
2026/10/03 15:11:46.809, 3, 44988 MiB, 100 %
2026/10/03 15:11:47.809, 3, 44988 MiB, 100 %
2026/10/03 15:11:48.809, 3, 44988 MiB, 100 %
2026/10/03 15:11:49.810, 3, 44988 MiB, 100 %
2026/10/03 15:11:50.810, 3, 44988 MiB, 100 %
2026/10/03 15:11:51.812, 3, 44988 MiB, 100 %
2026/10/03 15:11:52.812, 3, 44988 MiB, 100 %
2026/10/03 15:11:53.812, 3, 44988 MiB, 100 %
2026/10/03 15:11:54.813, 3, 44988 MiB, 100 %
2026/10/03 15:11:55.813, 3, 44988 MiB, 100 %
2026/10/03 15:11:56.813, 3, 44988 MiB, 100 %
2026/10/03 15:11:57.813, 3, 44988 MiB, 100 %
2026/10/03 15:11:58.814, 3, 44988 MiB, 100 %
2026/10/03 15:11:59.814, 3, 44988 MiB, 100 %
2026/10/03 15:12:00.814, 3, 44988 MiB, 100 %
2026/10/03 15:12:01.814, 3, 44988 MiB, 100 %
2026/10/03 15:12:02.814, 3, 44988 MiB, 100 %
2026/10/03 15:12:03.815, 3, 44988 MiB, 100 %
2026/10/03 15:12:04.815, 3, 44988 MiB, 100 %
2026/10/03 15:12:05.815, 3, 44988 MiB, 100 %
2026/10/03 15:12:06.815, 3, 44988 MiB, 100 %
2026/10/03 15:12:07.816, 3, 44988 MiB, 100 %
2026/10/03 15:12:08.816, 3, 44988 MiB, 100 %
2026/10/03 15:12:09.816, 3, 44988 MiB, 100 %
2026/10/03 15:12:10.816, 3, 44988 MiB, 100 %
2026/10/03 15:12:11.817, 3, 44988 MiB, 100 %
2026/10/03 15:12:12.817, 3, 44988 MiB, 100 %
2026/10/03 15:12:13.817, 3, 44988 MiB, 100 %
2026/10/03 15:12:14.817, 3, 44988 MiB, 100 %
2026/10/03 15:12:15.818, 3, 44988 MiB, 100 %
2026/10/03 15:12:16.818, 3, 44988 MiB, 100 %
2026/10/03 15:12:17.818, 3, 44988 MiB, 100 %
2026/10/03 15:12:18.818, 3, 44988 MiB, 100 %
2026/10/03 15:12:19.819, 3, 44988 MiB, 100 %
2026/10/03 15:12:20.819, 3, 44988 MiB, 99 %
2026/10/03 15:12:21.819, 3, 44988 MiB, 100 %
2026/10/03 15:12:22.820, 3, 44988 MiB, 100 %
2026/10/03 15:12:23.820, 3, 44988 MiB, 100 %
2026/10/03 15:12:24.820, 3, 44988 MiB, 100 %
2026/10/03 15:12:25.820, 3, 44988 MiB, 100 %
2026/10/03 15:12:26.821, 3, 44988 MiB, 100 %
2026/10/03 15:12:27.821, 3, 44988 MiB, 100 %
2026/10/03 15:12:28.821, 3, 44988 MiB, 100 %
2026/10/03 15:12:29.821, 3, 44988 MiB, 100 %
2026/10/03 15:12:30.822, 3, 44988 MiB, 100 %
2026/10/03 15:12:31.822, 3, 44988 MiB, 100 %
2026/10/03 15:12:32.822, 3, 44988 MiB, 100 %
2026/10/03 15:12:33.822, 3, 44988 MiB, 100 %
2026/10/03 15:12:34.823, 3, 44988 MiB, 100 %
2026/10/03 15:12:35.823, 3, 44988 MiB, 100 %
2026/10/03 15:12:36.823, 3, 44988 MiB, 100 %
2026/10/03 15:12:37.823, 3, 44988 MiB, 100 %
2026/10/03 15:12:38.824, 3, 44988 MiB, 100 %
2026/10/03 15:12:39.824, 3, 44988 MiB, 100 %
2026/10/03 15:12:40.824, 3, 44988 MiB, 100 %
2026/10/03 15:12:41.824, 3, 44988 MiB, 100 %
2026/10/03 15:12:42.825, 3, 44988 MiB, 100 %
2026/10/03 15:12:43.825, 3, 44988 MiB, 100 %
2026/10/03 15:12:44.825, 3, 44988 MiB, 100 %
2026/10/03 15:12:45.825, 3, 44988 MiB, 100 %
2026/10/03 15:12:46.826, 3, 44988 MiB, 100 %
2026/10/03 15:12:47.826, 3, 44988 MiB, 100 %
2026/10/03 15:12:48.826, 3, 44988 MiB, 100 %
2026/10/03 15:12:49.826, 3, 44988 MiB, 100 %
2026/10/03 15:12:50.827, 3, 44988 MiB, 100 %
2026/10/03 15:12:51.827, 3, 44988 MiB, 100 %
2026/10/03 15:12:52.827, 3, 44988 MiB, 100 %
2026/10/03 15:12:53.827, 3, 44988 MiB, 100 %
2026/10/03 15:12:54.828, 3, 44988 MiB, 100 %
2026/10/03 15:12:55.828, 3, 44988 MiB, 100 %
2026/10/03 15:12:56.828, 3, 44988 MiB, 100 %
2026/10/03 15:12:57.828, 3, 44988 MiB, 100 %
2026/10/03 15:12:58.828, 3, 44988 MiB, 100 %
2026/10/03 15:12:59.829, 3, 44988 MiB, 100 %
2026/10/03 15:13:00.829, 3, 44988 MiB, 100 %
2026/10/03 15:13:01.829, 3, 44988 MiB, 100 %
2026/10/03 15:13:02.829, 3, 44988 MiB, 100 %
2026/10/03 15:13:03.830, 3, 44988 MiB, 100 %
2026/10/03 15:13:04.830, 3, 44988 MiB, 100 %
2026/10/03 15:13:05.830, 3, 44988 MiB, 100 %
2026/10/03 15:13:06.830, 3, 44988 MiB, 100 %
2026/10/03 15:13:07.831, 3, 44988 MiB, 100 %
2026/10/03 15:13:08.831, 3, 44988 MiB, 100 %
2026/10/03 15:13:09.831, 3, 44988 MiB, 100 %
2026/10/03 15:13:10.831, 3, 44988 MiB, 100 %
2026/10/03 15:13:11.832, 3, 44988 MiB, 100 %
2026/10/03 15:13:12.832, 3, 44988 MiB, 100 %
2026/10/03 15:13:13.832, 3, 44988 MiB, 100 %
2026/10/03 15:13:14.833, 3, 44988 MiB, 100 %
2026/10/03 15:13:15.833, 3, 44988 MiB, 100 %
2026/10/03 15:13:16.833, 3, 44988 MiB, 100 %
2026/10/03 15:13:17.833, 3, 44988 MiB, 100 %
2026/10/03 15:13:18.834, 3, 44988 MiB, 100 %
2026/10/03 15:13:19.834, 3, 44988 MiB, 97 %
2026/10/03 15:13:20.834, 3, 44988 MiB, 100 %
2026/10/03 15:13:21.834, 3, 44988 MiB, 100 %
2026/10/03 15:13:22.835, 3, 44988 MiB, 100 %
2026/10/03 15:13:23.835, 3, 44988 MiB, 100 %
2026/10/03 15:13:24.835, 3, 44988 MiB, 100 %
2026/10/03 15:13:25.835, 3, 44988 MiB, 100 %
2026/10/03 15:13:26.835, 3, 44988 MiB, 100 %
2026/10/03 15:13:27.836, 3, 44988 MiB, 100 %
2026/10/03 15:13:28.836, 3, 44988 MiB, 100 %
2026/10/03 15:13:29.836, 3, 44988 MiB, 100 %
2026/10/03 15:13:30.836, 3, 44988 MiB, 100 %
2026/10/03 15:13:31.837, 3, 44988 MiB, 100 %
2026/10/03 15:13:32.837, 3, 44988 MiB, 100 %
2026/10/03 15:13:33.837, 3, 44988 MiB, 100 %
2026/10/03 15:13:34.837, 3, 44988 MiB, 100 %
2026/10/03 15:13:35.838, 3, 44988 MiB, 100 %
2026/10/03 15:13:36.838, 3, 44988 MiB, 100 %
2026/10/03 15:13:37.838, 3, 44988 MiB, 100 %
2026/10/03 15:13:38.838, 3, 44988 MiB, 100 %
2026/10/03 15:13:39.839, 3, 44988 MiB, 100 %
2026/10/03 15:13:40.839, 3, 44988 MiB, 100 %
2026/10/03 15:13:41.839, 3, 44988 MiB, 100 %
2026/10/03 15:13:42.839, 3, 44988 MiB, 100 %
2026/10/03 15:13:43.839, 3, 44988 MiB, 100 %
2026/10/03 15:13:44.840, 3, 44988 MiB, 100 %
2026/10/03 15:13:45.840, 3, 44988 MiB, 100 %
2026/10/03 15:13:46.840, 3, 44988 MiB, 100 %
2026/10/03 15:13:47.840, 3, 44988 MiB, 100 %
2026/10/03 15:13:48.841, 3, 44988 MiB, 100 %
2026/10/03 15:13:49.841, 3, 44988 MiB, 100 %
2026/10/03 15:13:50.841, 3, 44988 MiB, 100 %
2026/10/03 15:13:51.841, 3, 44988 MiB, 100 %
2026/10/03 15:13:52.842, 3, 44988 MiB, 99 %
2026/10/03 15:13:53.842, 3, 44988 MiB, 100 %
2026/10/03 15:13:54.842, 3, 44988 MiB, 100 %
2026/10/03 15:13:55.843, 3, 44988 MiB, 100 %
2026/10/03 15:13:56.843, 3, 44988 MiB, 100 %
2026/10/03 15:13:57.843, 3, 44988 MiB, 100 %
2026/10/03 15:13:58.843, 3, 44988 MiB, 100 %
2026/10/03 15:13:59.844, 3, 44988 MiB, 100 %
2026/10/03 15:14:00.844, 3, 44988 MiB, 100 %
2026/10/03 15:14:01.844, 3, 44988 MiB, 100 %
2026/10/03 15:14:02.844, 3, 44988 MiB, 100 %
2026/10/03 15:14:03.845, 3, 44988 MiB, 100 %
2026/10/03 15:14:04.845, 3, 44988 MiB, 100 %
2026/10/03 15:14:05.845, 3, 44988 MiB, 100 %
2026/10/03 15:14:06.846, 3, 44988 MiB, 100 %
2026/10/03 15:14:07.846, 3, 44988 MiB, 100 %
2026/10/03 15:14:08.846, 3, 44988 MiB, 100 %
2026/10/03 15:14:09.846, 3, 44988 MiB, 100 %
2026/10/03 15:14:10.847, 3, 44988 MiB, 100 %
2026/10/03 15:14:11.847, 3, 44988 MiB, 100 %
2026/10/03 15:14:12.847, 3, 44988 MiB, 100 %
2026/10/03 15:14:13.848, 3, 44988 MiB, 100 %
2026/10/03 15:14:14.848, 3, 44988 MiB, 100 %
2026/10/03 15:14:15.848, 3, 44988 MiB, 100 %
2026/10/03 15:14:16.848, 3, 44988 MiB, 100 %
2026/10/03 15:14:17.849, 3, 44988 MiB, 100 %
2026/10/03 15:14:18.849, 3, 44988 MiB, 100 %
2026/10/03 15:14:19.849, 3, 44988 MiB, 100 %
2026/10/03 15:14:20.850, 3, 44988 MiB, 100 %
2026/10/03 15:14:21.850, 3, 44988 MiB, 100 %
2026/10/03 15:14:22.850, 3, 44988 MiB, 100 %
2026/10/03 15:14:23.850, 3, 44988 MiB, 100 %
2026/10/03 15:14:24.851, 3, 44988 MiB, 100 %
2026/10/03 15:14:25.851, 3, 44988 MiB, 100 %
2026/10/03 15:14:26.851, 3, 44988 MiB, 100 %
2026/10/03 15:14:27.852, 3, 44988 MiB, 100 %
2026/10/03 15:14:28.852, 3, 44988 MiB, 100 %
2026/10/03 15:14:29.852, 3, 44988 MiB, 100 %
2026/10/03 15:14:30.852, 3, 44988 MiB, 100 %
2026/10/03 15:14:31.853, 3, 44988 MiB, 100 %
2026/10/03 15:14:32.853, 3, 44988 MiB, 100 %
2026/10/03 15:14:33.853, 3, 44988 MiB, 100 %
2026/10/03 15:14:34.854, 3, 44988 MiB, 100 %
2026/10/03 15:14:35.854, 3, 44988 MiB, 100 %
2026/10/03 15:14:36.854, 3, 44988 MiB, 100 %
2026/10/03 15:14:37.854, 3, 44988 MiB, 100 %
2026/10/03 15:14:38.855, 3, 44988 MiB, 100 %
2026/10/03 15:14:39.855, 3, 44988 MiB, 100 %
2026/10/03 15:14:40.855, 3, 44988 MiB, 100 %
2026/10/03 15:14:41.855, 3, 44988 MiB, 100 %
2026/10/03 15:14:42.856, 3, 44988 MiB, 100 %
2026/10/03 15:14:43.856, 3, 44988 MiB, 100 %
2026/10/03 15:14:44.856, 3, 44988 MiB, 100 %
2026/10/03 15:14:45.856, 3, 44988 MiB, 100 %
2026/10/03 15:14:46.857, 3, 44988 MiB, 100 %
2026/10/03 15:14:47.857, 3, 44988 MiB, 100 %
2026/10/03 15:14:48.857, 3, 44988 MiB, 100 %
2026/10/03 15:14:49.858, 3, 44988 MiB, 100 %
2026/10/03 15:14:50.858, 3, 44988 MiB, 100 %
2026/10/03 15:14:51.858, 3, 44988 MiB, 100 %
2026/10/03 15:14:52.858, 3, 44988 MiB, 100 %
2026/10/03 15:14:53.859, 3, 44988 MiB, 100 %
2026/10/03 15:14:54.859, 3, 44988 MiB, 100 %
2026/10/03 15:14:55.859, 3, 44988 MiB, 100 %
2026/10/03 15:14:56.859, 3, 44988 MiB, 100 %
2026/10/03 15:14:57.860, 3, 44988 MiB, 100 %
2026/10/03 15:14:58.860, 3, 44988 MiB, 100 %
2026/10/03 15:14:59.860, 3, 44988 MiB, 100 %
2026/10/03 15:15:00.860, 3, 44988 MiB, 100 %
2026/10/03 15:15:01.861, 3, 44988 MiB, 100 %
2026/10/03 15:15:02.861, 3, 44988 MiB, 100 %
2026/10/03 15:15:03.861, 3, 44988 MiB, 100 %
2026/10/03 15:15:04.861, 3, 44988 MiB, 100 %
2026/10/03 15:15:05.862, 3, 44988 MiB, 100 %
2026/10/03 15:15:06.862, 3, 44988 MiB, 100 %
2026/10/03 15:15:07.862, 3, 44988 MiB, 100 %
2026/10/03 15:15:08.862, 3, 44988 MiB, 100 %
2026/10/03 15:15:09.863, 3, 44988 MiB, 100 %
2026/10/03 15:15:10.863, 3, 44988 MiB, 100 %
2026/10/03 15:15:11.863, 3, 44988 MiB, 100 %
2026/10/03 15:15:12.863, 3, 44988 MiB, 100 %
2026/10/03 15:15:13.864, 3, 44988 MiB, 100 %
2026/10/03 15:15:14.864, 3, 44988 MiB, 100 %
2026/10/03 15:15:15.864, 3, 44988 MiB, 100 %
2026/10/03 15:15:16.865, 3, 44988 MiB, 100 %
2026/10/03 15:15:17.865, 3, 44988 MiB, 100 %
2026/10/03 15:15:18.865, 3, 44988 MiB, 100 %
2026/10/03 15:15:19.865, 3, 44988 MiB, 100 %
2026/10/03 15:15:20.866, 3, 44988 MiB, 100 %
2026/10/03 15:15:21.866, 3, 44988 MiB, 100 %
2026/10/03 15:15:22.866, 3, 44988 MiB, 100 %
2026/10/03 15:15:23.867, 3, 44988 MiB, 100 %
2026/10/03 15:15:24.867, 3, 44988 MiB, 100 %
2026/10/03 15:15:25.867, 3, 44988 MiB, 99 %
2026/10/03 15:15:26.867, 3, 44988 MiB, 100 %
2026/10/03 15:15:27.868, 3, 44988 MiB, 100 %
2026/10/03 15:15:28.868, 3, 44988 MiB, 100 %
2026/10/03 15:15:29.868, 3, 44988 MiB, 100 %
2026/10/03 15:15:30.868, 3, 44988 MiB, 100 %
2026/10/03 15:15:31.869, 3, 44988 MiB, 100 %
2026/10/03 15:15:32.869, 3, 44988 MiB, 100 %
2026/10/03 15:15:33.869, 3, 44988 MiB, 100 %
2026/10/03 15:15:34.870, 3, 44988 MiB, 100 %
2026/10/03 15:15:35.870, 3, 44988 MiB, 100 %
2026/10/03 15:15:36.870, 3, 44988 MiB, 100 %
2026/10/03 15:15:37.870, 3, 44988 MiB, 100 %
2026/10/03 15:15:38.871, 3, 44988 MiB, 100 %
2026/10/03 15:15:39.871, 3, 44988 MiB, 100 %
2026/10/03 15:15:40.871, 3, 44988 MiB, 100 %
2026/10/03 15:15:41.872, 3, 44988 MiB, 100 %
2026/10/03 15:15:42.872, 3, 44988 MiB, 100 %
2026/10/03 15:15:43.872, 3, 44988 MiB, 100 %
2026/10/03 15:15:44.872, 3, 44988 MiB, 100 %
2026/10/03 15:15:45.873, 3, 44988 MiB, 100 %
2026/10/03 15:15:46.873, 3, 44988 MiB, 100 %
2026/10/03 15:15:47.873, 3, 44988 MiB, 100 %
2026/10/03 15:15:48.873, 3, 44988 MiB, 100 %
2026/10/03 15:15:49.874, 3, 44988 MiB, 100 %
2026/10/03 15:15:50.874, 3, 44988 MiB, 100 %
2026/10/03 15:15:51.874, 3, 44988 MiB, 100 %
2026/10/03 15:15:52.875, 3, 44988 MiB, 100 %
2026/10/03 15:15:53.875, 3, 44988 MiB, 100 %
2026/10/03 15:15:54.875, 3, 44988 MiB, 100 %
2026/10/03 15:15:55.875, 3, 44988 MiB, 100 %
2026/10/03 15:15:56.876, 3, 44988 MiB, 100 %
2026/10/03 15:15:57.876, 3, 44988 MiB, 100 %
2026/10/03 15:15:58.876, 3, 44988 MiB, 100 %
2026/10/03 15:15:59.877, 3, 44988 MiB, 100 %
2026/10/03 15:16:00.877, 3, 44988 MiB, 100 %
2026/10/03 15:16:01.877, 3, 44988 MiB, 100 %
2026/10/03 15:16:02.877, 3, 44988 MiB, 100 %
2026/10/03 15:16:03.878, 3, 44988 MiB, 100 %
2026/10/03 15:16:04.878, 3, 44988 MiB, 100 %
2026/10/03 15:16:05.878, 3, 44988 MiB, 100 %
2026/10/03 15:16:06.878, 3, 44988 MiB, 100 %
2026/10/03 15:16:07.879, 3, 44988 MiB, 100 %
2026/10/03 15:16:08.879, 3, 44988 MiB, 100 %
2026/10/03 15:16:09.879, 3, 44988 MiB, 100 %
2026/10/03 15:16:10.880, 3, 44988 MiB, 100 %
2026/10/03 15:16:11.880, 3, 44988 MiB, 100 %
2026/10/03 15:16:12.880, 3, 44988 MiB, 100 %
2026/10/03 15:16:13.880, 3, 44988 MiB, 100 %
2026/10/03 15:16:14.882, 3, 44988 MiB, 100 %
2026/10/03 15:16:15.882, 3, 44988 MiB, 100 %
2026/10/03 15:16:16.882, 3, 44988 MiB, 100 %
2026/10/03 15:16:17.883, 3, 44988 MiB, 100 %
2026/10/03 15:16:18.883, 3, 44988 MiB, 100 %
2026/10/03 15:16:19.883, 3, 44988 MiB, 100 %
2026/10/03 15:16:20.883, 3, 44988 MiB, 100 %
2026/10/03 15:16:21.884, 3, 44988 MiB, 100 %
2026/10/03 15:16:22.884, 3, 44988 MiB, 100 %
2026/10/03 15:16:23.884, 3, 44988 MiB, 100 %
2026/10/03 15:16:24.885, 3, 44988 MiB, 100 %
2026/10/03 15:16:25.885, 3, 44988 MiB, 100 %
2026/10/03 15:16:26.885, 3, 44988 MiB, 100 %
2026/10/03 15:16:27.885, 3, 44988 MiB, 100 %
2026/10/03 15:16:28.886, 3, 44988 MiB, 100 %
2026/10/03 15:16:29.886, 3, 44988 MiB, 100 %
2026/10/03 15:16:30.886, 3, 44988 MiB, 100 %
2026/10/03 15:16:31.887, 3, 44988 MiB, 100 %
2026/10/03 15:16:32.887, 3, 44988 MiB, 100 %
2026/10/03 15:16:33.887, 3, 44988 MiB, 100 %
2026/10/03 15:16:34.888, 3, 44988 MiB, 100 %
2026/10/03 15:16:35.888, 3, 44988 MiB, 100 %
2026/10/03 15:16:36.888, 3, 44988 MiB, 100 %
2026/10/03 15:16:37.888, 3, 44988 MiB, 100 %
2026/10/03 15:16:38.888, 3, 44988 MiB, 100 %
2026/10/03 15:16:39.888, 3, 44988 MiB, 100 %
2026/10/03 15:16:40.888, 3, 44988 MiB, 100 %
2026/10/03 15:16:41.889, 3, 44988 MiB, 100 %
2026/10/03 15:16:42.889, 3, 44988 MiB, 100 %
2026/10/03 15:16:43.889, 3, 44988 MiB, 100 %
2026/10/03 15:16:44.889, 3, 44988 MiB, 100 %
2026/10/03 15:16:45.889, 3, 44988 MiB, 100 %
2026/10/03 15:16:46.889, 3, 44988 MiB, 100 %
2026/10/03 15:16:47.890, 3, 44988 MiB, 100 %
2026/10/03 15:16:48.890, 3, 44988 MiB, 100 %
2026/10/03 15:16:49.890, 3, 44988 MiB, 100 %
2026/10/03 15:16:50.890, 3, 44988 MiB, 100 %
2026/10/03 15:16:51.891, 3, 44988 MiB, 100 %
2026/10/03 15:16:52.891, 3, 44988 MiB, 100 %
2026/10/03 15:16:53.891, 3, 44988 MiB, 100 %
2026/10/03 15:16:54.892, 3, 44988 MiB, 100 %
2026/10/03 15:16:55.892, 3, 44988 MiB, 100 %
2026/10/03 15:16:56.892, 3, 44988 MiB, 100 %
2026/10/03 15:16:57.892, 3, 44988 MiB, 100 %
2026/10/03 15:16:58.893, 3, 44988 MiB, 100 %
2026/10/03 15:16:59.893, 3, 44988 MiB, 100 %
2026/10/03 15:17:00.893, 3, 44988 MiB, 100 %
2026/10/03 15:17:01.894, 3, 44988 MiB, 100 %
2026/10/03 15:17:02.894, 3, 44988 MiB, 100 %
2026/10/03 15:17:03.894, 3, 44988 MiB, 100 %
2026/10/03 15:17:04.894, 3, 44988 MiB, 100 %
2026/10/03 15:17:05.895, 3, 44988 MiB, 100 %
2026/10/03 15:17:06.895, 3, 44988 MiB, 100 %
2026/10/03 15:17:07.895, 3, 44988 MiB, 100 %
2026/10/03 15:17:08.896, 3, 44988 MiB, 100 %
2026/10/03 15:17:09.896, 3, 44988 MiB, 100 %
2026/10/03 15:17:10.896, 3, 44988 MiB, 100 %
2026/10/03 15:17:11.897, 3, 44988 MiB, 100 %
2026/10/03 15:17:12.897, 3, 44988 MiB, 100 %
2026/10/03 15:17:13.897, 3, 44988 MiB, 100 %
2026/10/03 15:17:14.897, 3, 44988 MiB, 100 %
2026/10/03 15:17:15.898, 3, 44988 MiB, 100 %
2026/10/03 15:17:16.898, 3, 44988 MiB, 100 %
2026/10/03 15:17:17.898, 3, 44988 MiB, 100 %
2026/10/03 15:17:18.898, 3, 44988 MiB, 100 %
2026/10/03 15:17:19.899, 3, 44988 MiB, 100 %
2026/10/03 15:17:20.899, 3, 44988 MiB, 100 %
2026/10/03 15:17:21.899, 3, 44988 MiB, 100 %
2026/10/03 15:17:22.900, 3, 44988 MiB, 100 %
2026/10/03 15:17:23.900, 3, 44988 MiB, 100 %
2026/10/03 15:17:24.900, 3, 44988 MiB, 100 %
2026/10/03 15:17:25.901, 3, 44988 MiB, 100 %
2026/10/03 15:17:26.901, 3, 44988 MiB, 100 %
2026/10/03 15:17:27.901, 3, 44988 MiB, 100 %
2026/10/03 15:17:28.901, 3, 44988 MiB, 100 %
2026/10/03 15:17:29.902, 3, 44988 MiB, 100 %
2026/10/03 15:17:30.902, 3, 44988 MiB, 100 %
2026/10/03 15:17:31.902, 3, 44988 MiB, 100 %
2026/10/03 15:17:32.902, 3, 44988 MiB, 100 %
2026/10/03 15:17:33.903, 3, 44988 MiB, 100 %
2026/10/03 15:17:34.903, 3, 44988 MiB, 100 %
2026/10/03 15:17:35.903, 3, 44988 MiB, 100 %
2026/10/03 15:17:36.904, 3, 44988 MiB, 100 %
2026/10/03 15:17:37.904, 3, 44988 MiB, 100 %
2026/10/03 15:17:38.904, 3, 44988 MiB, 100 %
2026/10/03 15:17:39.905, 3, 44988 MiB, 100 %
2026/10/03 15:17:40.905, 3, 44988 MiB, 100 %
2026/10/03 15:17:41.905, 3, 44988 MiB, 100 %
2026/10/03 15:17:42.905, 3, 44988 MiB, 100 %
2026/10/03 15:17:43.906, 3, 44988 MiB, 100 %
2026/10/03 15:17:44.906, 3, 44988 MiB, 100 %
2026/10/03 15:17:45.906, 3, 44988 MiB, 100 %
2026/10/03 15:17:46.906, 3, 44988 MiB, 100 %
2026/10/03 15:17:47.907, 3, 44988 MiB, 100 %
2026/10/03 15:17:48.907, 3, 44988 MiB, 100 %
2026/10/03 15:17:49.907, 3, 44988 MiB, 100 %
2026/10/03 15:17:50.908, 3, 44988 MiB, 100 %
2026/10/03 15:17:51.908, 3, 44988 MiB, 100 %
2026/10/03 15:17:52.908, 3, 44988 MiB, 100 %
2026/10/03 15:17:53.908, 3, 44988 MiB, 100 %
2026/10/03 15:17:54.909, 3, 44988 MiB, 100 %
2026/10/03 15:17:55.909, 3, 44988 MiB, 100 %
2026/10/03 15:17:56.909, 3, 44988 MiB, 100 %
2026/10/03 15:17:57.909, 3, 44988 MiB, 100 %
2026/10/03 15:17:58.910, 3, 44988 MiB, 100 %
2026/10/03 15:17:59.910, 3, 44988 MiB, 100 %
2026/10/03 15:18:00.910, 3, 44988 MiB, 100 %
2026/10/03 15:18:01.911, 3, 44988 MiB, 100 %
2026/10/03 15:18:02.911, 3, 44988 MiB, 100 %
2026/10/03 15:18:03.911, 3, 44988 MiB, 100 %
2026/10/03 15:18:04.911, 3, 44988 MiB, 100 %
2026/10/03 15:18:05.912, 3, 44988 MiB, 100 %
2026/10/03 15:18:06.912, 3, 44988 MiB, 100 %
2026/10/03 15:18:07.912, 3, 44988 MiB, 96 %
2026/10/03 15:18:08.912, 3, 44988 MiB, 100 %
2026/10/03 15:18:09.913, 3, 44988 MiB, 100 %
2026/10/03 15:18:10.913, 3, 44988 MiB, 100 %
2026/10/03 15:18:11.913, 3, 44988 MiB, 100 %
2026/10/03 15:18:12.914, 3, 44988 MiB, 100 %
2026/10/03 15:18:13.914, 3, 44988 MiB, 100 %
2026/10/03 15:18:14.914, 3, 44988 MiB, 100 %
2026/10/03 15:18:15.914, 3, 44988 MiB, 100 %
2026/10/03 15:18:16.915, 3, 44988 MiB, 100 %
2026/10/03 15:18:17.915, 3, 44988 MiB, 100 %
2026/10/03 15:18:18.915, 3, 44988 MiB, 95 %
2026/10/03 15:18:19.916, 3, 44988 MiB, 100 %
2026/10/03 15:18:20.916, 3, 44988 MiB, 100 %
2026/10/03 15:18:21.916, 3, 44988 MiB, 100 %
2026/10/03 15:18:22.917, 3, 44988 MiB, 100 %
2026/10/03 15:18:23.917, 3, 44988 MiB, 100 %
2026/10/03 15:18:24.917, 3, 44988 MiB, 100 %
2026/10/03 15:18:25.917, 3, 44988 MiB, 100 %
2026/10/03 15:18:26.918, 3, 44988 MiB, 100 %
2026/10/03 15:18:27.918, 3, 44988 MiB, 100 %
2026/10/03 15:18:28.918, 3, 44988 MiB, 100 %
2026/10/03 15:18:29.919, 3, 44988 MiB, 100 %
2026/10/03 15:18:30.919, 3, 44988 MiB, 100 %
2026/10/03 15:18:31.919, 3, 44988 MiB, 100 %
2026/10/03 15:18:32.919, 3, 44988 MiB, 100 %
2026/10/03 15:18:33.920, 3, 44988 MiB, 100 %
2026/10/03 15:18:34.920, 3, 44988 MiB, 100 %
2026/10/03 15:18:35.920, 3, 44988 MiB, 100 %
2026/10/03 15:18:36.921, 3, 44988 MiB, 100 %
2026/10/03 15:18:37.921, 3, 44988 MiB, 100 %
2026/10/03 15:18:38.921, 3, 44988 MiB, 100 %
2026/10/03 15:18:39.922, 3, 44988 MiB, 100 %
2026/10/03 15:18:40.922, 3, 44988 MiB, 100 %
2026/10/03 15:18:41.922, 3, 44988 MiB, 100 %
2026/10/03 15:18:42.922, 3, 44988 MiB, 100 %
2026/10/03 15:18:43.923, 3, 44988 MiB, 100 %
2026/10/03 15:18:44.923, 3, 44988 MiB, 100 %
2026/10/03 15:18:45.923, 3, 44988 MiB, 100 %
2026/10/03 15:18:46.923, 3, 44988 MiB, 100 %
2026/10/03 15:18:47.924, 3, 44988 MiB, 100 %
2026/10/03 15:18:48.924, 3, 44988 MiB, 100 %
2026/10/03 15:18:49.924, 3, 44988 MiB, 100 %
2026/10/03 15:18:50.925, 3, 44988 MiB, 100 %
2026/10/03 15:18:51.925, 3, 44988 MiB, 100 %
2026/10/03 15:18:52.925, 3, 44988 MiB, 100 %
2026/10/03 15:18:53.925, 3, 44988 MiB, 100 %
2026/10/03 15:18:54.926, 3, 44988 MiB, 100 %
2026/10/03 15:18:55.926, 3, 44988 MiB, 100 %
2026/10/03 15:18:56.926, 3, 44988 MiB, 100 %
2026/10/03 15:18:57.926, 3, 44988 MiB, 100 %
2026/10/03 15:18:58.927, 3, 44988 MiB, 100 %
2026/10/03 15:18:59.927, 3, 44988 MiB, 100 %
2026/10/03 15:19:00.927, 3, 44988 MiB, 100 %
2026/10/03 15:19:01.928, 3, 44988 MiB, 100 %
2026/10/03 15:19:02.928, 3, 44988 MiB, 100 %
2026/10/03 15:19:03.928, 3, 44988 MiB, 100 %
2026/10/03 15:19:04.928, 3, 44988 MiB, 100 %
2026/10/03 15:19:05.929, 3, 44988 MiB, 100 %
2026/10/03 15:19:06.929, 3, 44988 MiB, 100 %
2026/10/03 15:19:07.929, 3, 44988 MiB, 100 %
2026/10/03 15:19:08.930, 3, 44988 MiB, 100 %
2026/10/03 15:19:09.930, 3, 44988 MiB, 100 %
2026/10/03 15:19:10.930, 3, 44988 MiB, 100 %
2026/10/03 15:19:11.931, 3, 44988 MiB, 100 %
2026/10/03 15:19:12.931, 3, 44988 MiB, 100 %
2026/10/03 15:19:13.931, 3, 44988 MiB, 100 %
2026/10/03 15:19:14.932, 3, 44988 MiB, 100 %
2026/10/03 15:19:15.932, 3, 44988 MiB, 100 %
2026/10/03 15:19:16.932, 3, 44988 MiB, 99 %
2026/10/03 15:19:17.932, 3, 44988 MiB, 100 %
2026/10/03 15:19:18.933, 3, 44988 MiB, 100 %
2026/10/03 15:19:19.933, 3, 44988 MiB, 100 %
2026/10/03 15:19:20.933, 3, 44988 MiB, 100 %
2026/10/03 15:19:21.933, 3, 44988 MiB, 100 %
2026/10/03 15:19:22.934, 3, 44988 MiB, 100 %
2026/10/03 15:19:23.934, 3, 44988 MiB, 100 %
2026/10/03 15:19:24.935, 3, 44988 MiB, 100 %
2026/10/03 15:19:25.935, 3, 44988 MiB, 100 %
2026/10/03 15:19:26.935, 3, 44988 MiB, 100 %
2026/10/03 15:19:27.935, 3, 44988 MiB, 100 %
2026/10/03 15:19:28.936, 3, 44988 MiB, 100 %
2026/10/03 15:19:29.936, 3, 44988 MiB, 100 %
2026/10/03 15:19:30.936, 3, 44988 MiB, 100 %
2026/10/03 15:19:31.936, 3, 44988 MiB, 100 %
2026/10/03 15:19:32.937, 3, 44988 MiB, 100 %
2026/10/03 15:19:33.937, 3, 44988 MiB, 100 %
2026/10/03 15:19:34.937, 3, 44988 MiB, 100 %
2026/10/03 15:19:35.938, 3, 44988 MiB, 100 %
2026/10/03 15:19:36.938, 3, 44988 MiB, 100 %
2026/10/03 15:19:37.938, 3, 44988 MiB, 100 %
2026/10/03 15:19:38.938, 3, 44988 MiB, 100 %
2026/10/03 15:19:39.939, 3, 44988 MiB, 100 %
2026/10/03 15:19:40.939, 3, 44988 MiB, 100 %
2026/10/03 15:19:41.939, 3, 44988 MiB, 100 %
2026/10/03 15:19:42.939, 3, 44988 MiB, 100 %
2026/10/03 15:19:43.940, 3, 44988 MiB, 100 %
2026/10/03 15:19:44.940, 3, 44988 MiB, 100 %
2026/10/03 15:19:45.940, 3, 44988 MiB, 100 %
2026/10/03 15:19:46.940, 3, 44988 MiB, 100 %
2026/10/03 15:19:47.941, 3, 44988 MiB, 100 %
2026/10/03 15:19:48.941, 3, 44988 MiB, 100 %
2026/10/03 15:19:49.941, 3, 44988 MiB, 100 %
2026/10/03 15:19:50.941, 3, 44988 MiB, 100 %
2026/10/03 15:19:51.942, 3, 44988 MiB, 100 %
2026/10/03 15:19:52.942, 3, 44988 MiB, 100 %
2026/10/03 15:19:53.942, 3, 44988 MiB, 100 %
2026/10/03 15:19:54.942, 3, 44988 MiB, 100 %
2026/10/03 15:19:55.943, 3, 44988 MiB, 100 %
2026/10/03 15:19:56.943, 3, 44988 MiB, 100 %
2026/10/03 15:19:57.943, 3, 44988 MiB, 100 %
2026/10/03 15:19:58.943, 3, 44988 MiB, 100 %
2026/10/03 15:19:59.944, 3, 44988 MiB, 100 %
2026/10/03 15:20:00.944, 3, 44988 MiB, 100 %
2026/10/03 15:20:01.944, 3, 44988 MiB, 100 %
2026/10/03 15:20:02.945, 3, 44988 MiB, 100 %
2026/10/03 15:20:03.945, 3, 44988 MiB, 100 %
2026/10/03 15:20:04.945, 3, 44988 MiB, 100 %
2026/10/03 15:20:05.945, 3, 44988 MiB, 100 %
2026/10/03 15:20:06.946, 3, 44988 MiB, 100 %
2026/10/03 15:20:07.946, 3, 44988 MiB, 100 %
2026/10/03 15:20:08.946, 3, 44988 MiB, 100 %
2026/10/03 15:20:09.947, 3, 44988 MiB, 100 %
2026/10/03 15:20:10.947, 3, 44988 MiB, 100 %
2026/10/03 15:20:11.947, 3, 44988 MiB, 100 %
2026/10/03 15:20:12.947, 3, 44988 MiB, 100 %
2026/10/03 15:20:13.948, 3, 44988 MiB, 100 %
2026/10/03 15:20:14.948, 3, 44988 MiB, 100 %
2026/10/03 15:20:15.948, 3, 44988 MiB, 100 %
2026/10/03 15:20:16.948, 3, 44988 MiB, 100 %
2026/10/03 15:20:17.949, 3, 44988 MiB, 100 %
2026/10/03 15:20:18.949, 3, 44988 MiB, 100 %
2026/10/03 15:20:19.949, 3, 44988 MiB, 100 %
2026/10/03 15:20:20.949, 3, 44988 MiB, 100 %
2026/10/03 15:20:21.950, 3, 44988 MiB, 100 %
2026/10/03 15:20:22.950, 3, 44988 MiB, 100 %
2026/10/03 15:20:23.950, 3, 44988 MiB, 100 %
2026/10/03 15:20:24.950, 3, 44988 MiB, 100 %
2026/10/03 15:20:25.951, 3, 44988 MiB, 100 %
2026/10/03 15:20:26.951, 3, 44988 MiB, 100 %
2026/10/03 15:20:27.951, 3, 44988 MiB, 100 %
2026/10/03 15:20:28.951, 3, 44988 MiB, 100 %
2026/10/03 15:20:29.952, 3, 44988 MiB, 100 %
2026/10/03 15:20:30.952, 3, 44988 MiB, 100 %
2026/10/03 15:20:31.952, 3, 44988 MiB, 100 %
2026/10/03 15:20:32.952, 3, 44988 MiB, 100 %
2026/10/03 15:20:33.953, 3, 44988 MiB, 100 %
2026/10/03 15:20:34.953, 3, 44988 MiB, 100 %
2026/10/03 15:20:35.953, 3, 44988 MiB, 100 %
2026/10/03 15:20:36.953, 3, 44988 MiB, 100 %
2026/10/03 15:20:37.954, 3, 44988 MiB, 100 %
2026/10/03 15:20:38.954, 3, 44988 MiB, 100 %
2026/10/03 15:20:39.954, 3, 44988 MiB, 100 %
2026/10/03 15:20:40.954, 3, 44988 MiB, 100 %
2026/10/03 15:20:41.955, 3, 44988 MiB, 100 %
2026/10/03 15:20:42.955, 3, 44988 MiB, 100 %
2026/10/03 15:20:43.955, 3, 44988 MiB, 100 %
2026/10/03 15:20:44.955, 3, 44988 MiB, 100 %
2026/10/03 15:20:45.956, 3, 44988 MiB, 100 %
2026/10/03 15:20:46.956, 3, 44988 MiB, 100 %
2026/10/03 15:20:47.956, 3, 44988 MiB, 100 %
2026/10/03 15:20:48.956, 3, 44988 MiB, 100 %
2026/10/03 15:20:49.957, 3, 44988 MiB, 100 %
2026/10/03 15:20:50.957, 3, 44988 MiB, 100 %
2026/10/03 15:20:51.957, 3, 44988 MiB, 100 %
2026/10/03 15:20:52.957, 3, 44988 MiB, 100 %
2026/10/03 15:20:53.958, 3, 44988 MiB, 100 %
2026/10/03 15:20:54.958, 3, 44988 MiB, 100 %
2026/10/03 15:20:55.958, 3, 44988 MiB, 100 %
2026/10/03 15:20:56.958, 3, 44988 MiB, 100 %
2026/10/03 15:20:57.959, 3, 44988 MiB, 100 %
2026/10/03 15:20:58.959, 3, 44988 MiB, 100 %
2026/10/03 15:20:59.959, 3, 44988 MiB, 100 %
2026/10/03 15:21:00.959, 3, 44988 MiB, 100 %
2026/10/03 15:21:01.960, 3, 44988 MiB, 100 %
2026/10/03 15:21:02.960, 3, 44988 MiB, 100 %
2026/10/03 15:21:03.960, 3, 44988 MiB, 100 %
2026/10/03 15:21:04.960, 3, 44988 MiB, 100 %
2026/10/03 15:21:05.961, 3, 44988 MiB, 100 %
2026/10/03 15:21:06.961, 3, 44988 MiB, 100 %
2026/10/03 15:21:07.961, 3, 44988 MiB, 100 %
2026/10/03 15:21:08.961, 3, 44988 MiB, 100 %
2026/10/03 15:21:09.962, 3, 44988 MiB, 100 %
2026/10/03 15:21:10.962, 3, 44988 MiB, 100 %
2026/10/03 15:21:11.963, 3, 44988 MiB, 100 %
2026/10/03 15:21:12.963, 3, 44988 MiB, 100 %
2026/10/03 15:21:13.963, 3, 44988 MiB, 100 %
2026/10/03 15:21:14.964, 3, 44988 MiB, 100 %
2026/10/03 15:21:15.964, 3, 44988 MiB, 100 %
2026/10/03 15:21:16.964, 3, 44988 MiB, 100 %
2026/10/03 15:21:17.964, 3, 44988 MiB, 100 %
2026/10/03 15:21:18.965, 3, 44988 MiB, 100 %
2026/10/03 15:21:19.965, 3, 44988 MiB, 100 %
2026/10/03 15:21:20.965, 3, 44988 MiB, 100 %
2026/10/03 15:21:21.966, 3, 44988 MiB, 100 %
2026/10/03 15:21:22.966, 3, 44988 MiB, 100 %
2026/10/03 15:21:23.966, 3, 44988 MiB, 100 %
2026/10/03 15:21:24.966, 3, 44988 MiB, 100 %
2026/10/03 15:21:25.967, 3, 44988 MiB, 100 %
2026/10/03 15:21:26.967, 3, 44988 MiB, 100 %
2026/10/03 15:21:27.967, 3, 44988 MiB, 100 %
2026/10/03 15:21:28.968, 3, 44988 MiB, 100 %
2026/10/03 15:21:29.968, 3, 44988 MiB, 100 %
2026/10/03 15:21:30.968, 3, 44988 MiB, 100 %
2026/10/03 15:21:31.968, 3, 44988 MiB, 100 %
2026/10/03 15:21:32.969, 3, 44988 MiB, 100 %
2026/10/03 15:21:33.969, 3, 44988 MiB, 100 %
2026/10/03 15:21:34.969, 3, 44988 MiB, 100 %
2026/10/03 15:21:35.969, 3, 44988 MiB, 100 %
2026/10/03 15:21:36.970, 3, 44988 MiB, 100 %
2026/10/03 15:21:37.970, 3, 44988 MiB, 100 %
2026/10/03 15:21:38.970, 3, 44988 MiB, 100 %
2026/10/03 15:21:39.970, 3, 44988 MiB, 100 %
2026/10/03 15:21:40.971, 3, 44988 MiB, 100 %
2026/10/03 15:21:41.971, 3, 44988 MiB, 100 %
2026/10/03 15:21:42.971, 3, 44988 MiB, 100 %
2026/10/03 15:21:43.971, 3, 44988 MiB, 100 %
2026/10/03 15:21:44.972, 3, 44988 MiB, 100 %
2026/10/03 15:21:45.972, 3, 44988 MiB, 100 %
2026/10/03 15:21:46.972, 3, 44988 MiB, 99 %
2026/10/03 15:21:47.972, 3, 44988 MiB, 100 %
2026/10/03 15:21:48.973, 3, 44988 MiB, 100 %
2026/10/03 15:21:49.973, 3, 44988 MiB, 100 %
2026/10/03 15:21:50.973, 3, 44988 MiB, 100 %
2026/10/03 15:21:51.973, 3, 44988 MiB, 100 %
2026/10/03 15:21:52.974, 3, 44988 MiB, 100 %
2026/10/03 15:21:53.974, 3, 44988 MiB, 100 %
2026/10/03 15:21:54.974, 3, 44988 MiB, 100 %
2026/10/03 15:21:55.975, 3, 44988 MiB, 100 %
2026/10/03 15:21:56.975, 3, 44988 MiB, 100 %
2026/10/03 15:21:57.975, 3, 44988 MiB, 100 %
2026/10/03 15:21:58.975, 3, 44988 MiB, 100 %
2026/10/03 15:21:59.976, 3, 44988 MiB, 100 %
2026/10/03 15:22:00.976, 3, 44988 MiB, 100 %
2026/10/03 15:22:01.976, 3, 44988 MiB, 100 %
2026/10/03 15:22:02.977, 3, 44988 MiB, 100 %
2026/10/03 15:22:03.977, 3, 44988 MiB, 100 %
2026/10/03 15:22:04.977, 3, 44988 MiB, 100 %
2026/10/03 15:22:05.977, 3, 44988 MiB, 100 %
2026/10/03 15:22:06.978, 3, 44988 MiB, 100 %
2026/10/03 15:22:07.978, 3, 44988 MiB, 100 %
2026/10/03 15:22:08.978, 3, 44988 MiB, 100 %
2026/10/03 15:22:09.978, 3, 44988 MiB, 100 %
2026/10/03 15:22:10.979, 3, 44988 MiB, 100 %
2026/10/03 15:22:11.979, 3, 44988 MiB, 100 %
2026/10/03 15:22:12.979, 3, 44988 MiB, 100 %
2026/10/03 15:22:13.980, 3, 44988 MiB, 100 %
2026/10/03 15:22:14.980, 3, 44988 MiB, 100 %
2026/10/03 15:22:15.980, 3, 44988 MiB, 100 %
2026/10/03 15:22:16.980, 3, 44988 MiB, 100 %
2026/10/03 15:22:17.981, 3, 44988 MiB, 100 %
2026/10/03 15:22:18.981, 3, 44988 MiB, 100 %
2026/10/03 15:22:19.981, 3, 44988 MiB, 100 %
2026/10/03 15:22:20.981, 3, 44988 MiB, 100 %
2026/10/03 15:22:21.981, 3, 44988 MiB, 100 %
2026/10/03 15:22:22.982, 3, 44988 MiB, 100 %
2026/10/03 15:22:23.982, 3, 44988 MiB, 100 %
2026/10/03 15:22:24.982, 3, 44988 MiB, 100 %
2026/10/03 15:22:25.983, 3, 44988 MiB, 100 %
2026/10/03 15:22:26.983, 3, 44988 MiB, 100 %
2026/10/03 15:22:27.983, 3, 44988 MiB, 100 %
2026/10/03 15:22:28.983, 3, 44988 MiB, 100 %
2026/10/03 15:22:29.984, 3, 44988 MiB, 100 %
2026/10/03 15:22:30.984, 3, 44988 MiB, 100 %
2026/10/03 15:22:31.984, 3, 44988 MiB, 100 %
2026/10/03 15:22:32.984, 3, 44988 MiB, 100 %
2026/10/03 15:22:33.985, 3, 44988 MiB, 100 %
2026/10/03 15:22:34.985, 3, 44988 MiB, 100 %
2026/10/03 15:22:35.985, 3, 44988 MiB, 100 %
2026/10/03 15:22:36.985, 3, 44988 MiB, 100 %
2026/10/03 15:22:37.986, 3, 44988 MiB, 100 %
2026/10/03 15:22:38.986, 3, 44988 MiB, 100 %
2026/10/03 15:22:39.986, 3, 44988 MiB, 100 %
2026/10/03 15:22:40.986, 3, 44988 MiB, 100 %
2026/10/03 15:22:41.987, 3, 44988 MiB, 100 %
2026/10/03 15:22:42.987, 3, 44988 MiB, 100 %
2026/10/03 15:22:43.987, 3, 44988 MiB, 100 %
2026/10/03 15:22:44.987, 3, 44988 MiB, 100 %
2026/10/03 15:22:45.987, 3, 44988 MiB, 100 %
2026/10/03 15:22:46.988, 3, 44988 MiB, 100 %
2026/10/03 15:22:47.988, 3, 44988 MiB, 100 %
2026/10/03 15:22:48.988, 3, 44988 MiB, 100 %
2026/10/03 15:22:49.988, 3, 44988 MiB, 100 %
2026/10/03 15:22:50.989, 3, 44988 MiB, 100 %
2026/10/03 15:22:51.989, 3, 44988 MiB, 100 %
2026/10/03 15:22:52.989, 3, 44988 MiB, 100 %
2026/10/03 15:22:53.989, 3, 44988 MiB, 100 %
2026/10/03 15:22:54.990, 3, 44988 MiB, 100 %
2026/10/03 15:22:55.990, 3, 44988 MiB, 100 %
2026/10/03 15:22:56.990, 3, 44988 MiB, 100 %
2026/10/03 15:22:57.990, 3, 44988 MiB, 100 %
2026/10/03 15:22:58.991, 3, 44988 MiB, 100 %
2026/10/03 15:22:59.991, 3, 44988 MiB, 100 %
2026/10/03 15:23:00.991, 3, 44988 MiB, 100 %
2026/10/03 15:23:01.991, 3, 44988 MiB, 100 %
2026/10/03 15:23:02.992, 3, 44988 MiB, 100 %
2026/10/03 15:23:03.992, 3, 44988 MiB, 100 %
2026/10/03 15:23:04.992, 3, 44988 MiB, 100 %
2026/10/03 15:23:05.992, 3, 44988 MiB, 100 %
2026/10/03 15:23:06.993, 3, 44988 MiB, 100 %
2026/10/03 15:23:07.993, 3, 44988 MiB, 100 %
2026/10/03 15:23:08.993, 3, 44988 MiB, 100 %
2026/10/03 15:23:09.993, 3, 44988 MiB, 99 %
2026/10/03 15:23:10.994, 3, 44988 MiB, 100 %
2026/10/03 15:23:11.994, 3, 44988 MiB, 100 %
2026/10/03 15:23:12.994, 3, 44988 MiB, 100 %
2026/10/03 15:23:13.994, 3, 44988 MiB, 100 %
2026/10/03 15:23:14.995, 3, 44988 MiB, 100 %
2026/10/03 15:23:15.995, 3, 44988 MiB, 100 %
2026/10/03 15:23:16.995, 3, 44988 MiB, 100 %
2026/10/03 15:23:17.995, 3, 44988 MiB, 100 %
2026/10/03 15:23:18.996, 3, 44988 MiB, 100 %
2026/10/03 15:23:19.996, 3, 44988 MiB, 100 %
2026/10/03 15:23:20.996, 3, 44988 MiB, 100 %
2026/10/03 15:23:21.996, 3, 44988 MiB, 100 %
2026/10/03 15:23:22.997, 3, 44988 MiB, 100 %
2026/10/03 15:23:23.997, 3, 44988 MiB, 100 %
2026/10/03 15:23:24.997, 3, 44988 MiB, 100 %
2026/10/03 15:23:25.997, 3, 44988 MiB, 100 %
2026/10/03 15:23:26.998, 3, 44988 MiB, 100 %
2026/10/03 15:23:27.998, 3, 44988 MiB, 100 %
2026/10/03 15:23:28.998, 3, 44988 MiB, 100 %
2026/10/03 15:23:29.998, 3, 44988 MiB, 100 %
2026/10/03 15:23:30.999, 3, 44988 MiB, 100 %
2026/10/03 15:23:31.999, 3, 44988 MiB, 100 %
2026/10/03 15:23:32.999, 3, 44988 MiB, 100 %
2026/10/03 15:23:33.999, 3, 44988 MiB, 100 %
2026/10/03 15:23:35.000, 3, 44988 MiB, 100 %
2026/10/03 15:23:36.000, 3, 44988 MiB, 100 %
2026/10/03 15:23:37.000, 3, 44988 MiB, 100 %
2026/10/03 15:23:38.000, 3, 44988 MiB, 100 %
2026/10/03 15:23:39.001, 3, 44988 MiB, 100 %
2026/10/03 15:23:40.001, 3, 44988 MiB, 100 %
2026/10/03 15:23:41.001, 3, 44988 MiB, 100 %
2026/10/03 15:23:42.001, 3, 44988 MiB, 100 %
2026/10/03 15:23:43.002, 3, 44988 MiB, 100 %
2026/10/03 15:23:44.002, 3, 44988 MiB, 100 %
2026/10/03 15:23:45.002, 3, 44988 MiB, 100 %
2026/10/03 15:23:46.002, 3, 44988 MiB, 100 %
2026/10/03 15:23:47.003, 3, 44988 MiB, 100 %
2026/10/03 15:23:48.003, 3, 44988 MiB, 100 %
2026/10/03 15:23:49.003, 3, 44988 MiB, 100 %
2026/10/03 15:23:50.003, 3, 44988 MiB, 100 %
2026/10/03 15:23:51.004, 3, 44988 MiB, 100 %
2026/10/03 15:23:52.004, 3, 44988 MiB, 100 %
2026/10/03 15:23:53.004, 3, 44988 MiB, 100 %
2026/10/03 15:23:54.004, 3, 44988 MiB, 100 %
2026/10/03 15:23:55.005, 3, 44988 MiB, 100 %
2026/10/03 15:23:56.005, 3, 44988 MiB, 100 %
2026/10/03 15:23:57.005, 3, 44988 MiB, 100 %
2026/10/03 15:23:58.005, 3, 44988 MiB, 100 %
2026/10/03 15:23:59.006, 3, 44988 MiB, 100 %
2026/10/03 15:24:00.006, 3, 44988 MiB, 100 %
2026/10/03 15:24:01.006, 3, 44988 MiB, 100 %
2026/10/03 15:24:02.007, 3, 44988 MiB, 100 %
2026/10/03 15:24:03.007, 3, 44988 MiB, 100 %
2026/10/03 15:24:04.007, 3, 44988 MiB, 100 %
2026/10/03 15:24:05.007, 3, 44988 MiB, 100 %
2026/10/03 15:24:06.008, 3, 44988 MiB, 100 %
2026/10/03 15:24:07.008, 3, 44988 MiB, 100 %
2026/10/03 15:24:08.008, 3, 44988 MiB, 100 %
2026/10/03 15:24:09.008, 3, 44988 MiB, 100 %
2026/10/03 15:24:10.009, 3, 44988 MiB, 100 %
2026/10/03 15:24:11.009, 3, 44988 MiB, 100 %
2026/10/03 15:24:12.009, 3, 44988 MiB, 100 %
2026/10/03 15:24:13.009, 3, 44988 MiB, 100 %
2026/10/03 15:24:14.010, 3, 44988 MiB, 100 %
2026/10/03 15:24:15.010, 3, 44988 MiB, 100 %
2026/10/03 15:24:16.010, 3, 44988 MiB, 100 %
2026/10/03 15:24:17.010, 3, 44988 MiB, 100 %
2026/10/03 15:24:18.011, 3, 44988 MiB, 100 %
2026/10/03 15:24:19.011, 3, 44988 MiB, 100 %
2026/10/03 15:24:20.011, 3, 44988 MiB, 100 %
2026/10/03 15:24:21.012, 3, 44988 MiB, 100 %
2026/10/03 15:24:22.012, 3, 44988 MiB, 100 %
2026/10/03 15:24:23.012, 3, 44988 MiB, 100 %
2026/10/03 15:24:24.012, 3, 44988 MiB, 100 %
2026/10/03 15:24:25.013, 3, 44988 MiB, 100 %
2026/10/03 15:24:26.013, 3, 44988 MiB, 100 %
2026/10/03 15:24:27.013, 3, 44988 MiB, 100 %
2026/10/03 15:24:28.013, 3, 44988 MiB, 100 %
2026/10/03 15:24:29.014, 3, 44988 MiB, 100 %
2026/10/03 15:24:30.014, 3, 44988 MiB, 100 %
2026/10/03 15:24:31.014, 3, 44988 MiB, 100 %
2026/10/03 15:24:32.014, 3, 44988 MiB, 100 %
2026/10/03 15:24:33.015, 3, 44988 MiB, 100 %
2026/10/03 15:24:34.015, 3, 44988 MiB, 100 %
2026/10/03 15:24:35.015, 3, 44988 MiB, 100 %
2026/10/03 15:24:36.015, 3, 44988 MiB, 100 %
2026/10/03 15:24:37.016, 3, 44988 MiB, 100 %
2026/10/03 15:24:38.016, 3, 44988 MiB, 100 %
2026/10/03 15:24:39.016, 3, 44988 MiB, 100 %
2026/10/03 15:24:40.017, 3, 44988 MiB, 100 %
2026/10/03 15:24:41.017, 3, 44988 MiB, 100 %
2026/10/03 15:24:42.017, 3, 44988 MiB, 100 %
2026/10/03 15:24:43.018, 3, 44988 MiB, 100 %
2026/10/03 15:24:44.018, 3, 44988 MiB, 100 %
2026/10/03 15:24:45.018, 3, 44988 MiB, 100 %
2026/10/03 15:24:46.018, 3, 44988 MiB, 100 %
2026/10/03 15:24:47.019, 3, 44988 MiB, 100 %
2026/10/03 15:24:48.019, 3, 44988 MiB, 100 %
2026/10/03 15:24:49.019, 3, 44988 MiB, 100 %
2026/10/03 15:24:50.020, 3, 44988 MiB, 100 %
2026/10/03 15:24:51.020, 3, 44988 MiB, 100 %
2026/10/03 15:24:52.020, 3, 44988 MiB, 100 %
2026/10/03 15:24:53.020, 3, 44988 MiB, 100 %
2026/10/03 15:24:54.021, 3, 44988 MiB, 100 %
2026/10/03 15:24:55.021, 3, 44988 MiB, 100 %
2026/10/03 15:24:56.021, 3, 44988 MiB, 100 %
2026/10/03 15:24:57.021, 3, 44988 MiB, 100 %
2026/10/03 15:24:58.022, 3, 44988 MiB, 100 %
2026/10/03 15:24:59.022, 3, 44988 MiB, 100 %
2026/10/03 15:25:00.022, 3, 44988 MiB, 100 %
2026/10/03 15:25:01.023, 3, 44988 MiB, 100 %
2026/10/03 15:25:02.023, 3, 44988 MiB, 100 %
2026/10/03 15:25:03.023, 3, 44988 MiB, 100 %
2026/10/03 15:25:04.023, 3, 44988 MiB, 100 %
2026/10/03 15:25:05.024, 3, 44988 MiB, 100 %
2026/10/03 15:25:06.024, 3, 44988 MiB, 100 %
2026/10/03 15:25:07.024, 3, 44988 MiB, 100 %
2026/10/03 15:25:08.025, 3, 44988 MiB, 100 %
2026/10/03 15:25:09.025, 3, 44988 MiB, 100 %
2026/10/03 15:25:10.025, 3, 44988 MiB, 100 %
2026/10/03 15:25:11.025, 3, 44988 MiB, 100 %
2026/10/03 15:25:12.026, 3, 44988 MiB, 100 %
2026/10/03 15:25:13.026, 3, 44988 MiB, 100 %
2026/10/03 15:25:14.026, 3, 44988 MiB, 100 %
2026/10/03 15:25:15.026, 3, 44988 MiB, 100 %
2026/10/03 15:25:16.027, 3, 44988 MiB, 100 %
2026/10/03 15:25:17.027, 3, 44988 MiB, 100 %
2026/10/03 15:25:18.027, 3, 44988 MiB, 100 %
2026/10/03 15:25:19.027, 3, 44988 MiB, 100 %
2026/10/03 15:25:20.028, 3, 44988 MiB, 100 %
2026/10/03 15:25:21.028, 3, 44988 MiB, 100 %
2026/10/03 15:25:22.028, 3, 44988 MiB, 100 %
2026/10/03 15:25:23.029, 3, 44988 MiB, 100 %
2026/10/03 15:25:24.029, 3, 44988 MiB, 100 %
2026/10/03 15:25:25.029, 3, 44988 MiB, 100 %
2026/10/03 15:25:26.029, 3, 44988 MiB, 100 %
2026/10/03 15:25:27.030, 3, 44988 MiB, 100 %
2026/10/03 15:25:28.030, 3, 44988 MiB, 100 %
2026/10/03 15:25:29.030, 3, 44988 MiB, 100 %
2026/10/03 15:25:30.031, 3, 44988 MiB, 100 %
2026/10/03 15:25:31.031, 3, 44988 MiB, 100 %
2026/10/03 15:25:32.031, 3, 44988 MiB, 100 %
2026/10/03 15:25:33.031, 3, 44988 MiB, 100 %
2026/10/03 15:25:34.032, 3, 44988 MiB, 100 %
2026/10/03 15:25:35.032, 3, 44988 MiB, 100 %
2026/10/03 15:25:36.032, 3, 44988 MiB, 96 %
2026/10/03 15:25:37.032, 3, 44988 MiB, 100 %
2026/10/03 15:25:38.033, 3, 44988 MiB, 100 %
2026/10/03 15:25:39.033, 3, 44988 MiB, 100 %
2026/10/03 15:25:40.033, 3, 44988 MiB, 100 %
2026/10/03 15:25:41.033, 3, 44988 MiB, 100 %
2026/10/03 15:25:42.034, 3, 44988 MiB, 100 %
2026/10/03 15:25:43.034, 3, 44988 MiB, 100 %
2026/10/03 15:25:44.034, 3, 44988 MiB, 100 %
2026/10/03 15:25:45.035, 3, 44988 MiB, 100 %
2026/10/03 15:25:46.035, 3, 44988 MiB, 100 %
2026/10/03 15:25:47.035, 3, 44988 MiB, 100 %
2026/10/03 15:25:48.035, 3, 44988 MiB, 100 %
2026/10/03 15:25:49.036, 3, 44988 MiB, 100 %
2026/10/03 15:25:50.036, 3, 44988 MiB, 100 %
2026/10/03 15:25:51.036, 3, 44988 MiB, 100 %
2026/10/03 15:25:52.036, 3, 44988 MiB, 100 %
2026/10/03 15:25:53.037, 3, 44988 MiB, 100 %
2026/10/03 15:25:54.037, 3, 44988 MiB, 100 %
2026/10/03 15:25:55.037, 3, 44988 MiB, 100 %
2026/10/03 15:25:56.038, 3, 44988 MiB, 100 %
2026/10/03 15:25:57.038, 3, 44988 MiB, 100 %
2026/10/03 15:25:58.038, 3, 44988 MiB, 100 %
2026/10/03 15:25:59.038, 3, 44988 MiB, 100 %
2026/10/03 15:26:00.039, 3, 44988 MiB, 100 %
2026/10/03 15:26:01.039, 3, 44988 MiB, 100 %
2026/10/03 15:26:02.039, 3, 44988 MiB, 100 %
2026/10/03 15:26:03.040, 3, 44988 MiB, 100 %
2026/10/03 15:26:04.040, 3, 44988 MiB, 100 %
2026/10/03 15:26:05.040, 3, 44988 MiB, 100 %
2026/10/03 15:26:06.040, 3, 44988 MiB, 100 %
2026/10/03 15:26:07.041, 3, 44988 MiB, 100 %
2026/10/03 15:26:08.041, 3, 44988 MiB, 100 %
2026/10/03 15:26:09.041, 3, 44988 MiB, 100 %
2026/10/03 15:26:10.041, 3, 44988 MiB, 100 %
2026/10/03 15:26:11.042, 3, 44988 MiB, 100 %
2026/10/03 15:26:12.042, 3, 44988 MiB, 100 %
2026/10/03 15:26:13.042, 3, 44988 MiB, 100 %
2026/10/03 15:26:14.043, 3, 44988 MiB, 100 %
2026/10/03 15:26:15.043, 3, 44988 MiB, 100 %
2026/10/03 15:26:16.043, 3, 44988 MiB, 97 %
2026/10/03 15:26:17.043, 3, 44988 MiB, 100 %
2026/10/03 15:26:18.044, 3, 44988 MiB, 100 %
2026/10/03 15:26:19.044, 3, 44988 MiB, 100 %
2026/10/03 15:26:20.044, 3, 44988 MiB, 100 %
2026/10/03 15:26:21.045, 3, 44988 MiB, 99 %
2026/10/03 15:26:22.045, 3, 44988 MiB, 100 %
2026/10/03 15:26:23.045, 3, 44988 MiB, 100 %
2026/10/03 15:26:24.045, 3, 44988 MiB, 100 %
2026/10/03 15:26:25.046, 3, 44988 MiB, 100 %
2026/10/03 15:26:26.046, 3, 44988 MiB, 100 %
2026/10/03 15:26:27.046, 3, 44988 MiB, 100 %
2026/10/03 15:26:28.046, 3, 44988 MiB, 100 %
2026/10/03 15:26:29.047, 3, 44988 MiB, 100 %
2026/10/03 15:26:30.047, 3, 44988 MiB, 100 %
2026/10/03 15:26:31.047, 3, 44988 MiB, 100 %
2026/10/03 15:26:32.047, 3, 44988 MiB, 100 %
2026/10/03 15:26:33.048, 3, 44988 MiB, 100 %
2026/10/03 15:26:34.048, 3, 44988 MiB, 100 %
2026/10/03 15:26:35.048, 3, 44988 MiB, 100 %
2026/10/03 15:26:36.048, 3, 44988 MiB, 100 %
2026/10/03 15:26:37.049, 3, 44988 MiB, 100 %
2026/10/03 15:26:38.049, 3, 44988 MiB, 100 %
2026/10/03 15:26:39.049, 3, 44988 MiB, 100 %
2026/10/03 15:26:40.050, 3, 44988 MiB, 100 %
2026/10/03 15:26:41.050, 3, 44988 MiB, 100 %
2026/10/03 15:26:42.050, 3, 44988 MiB, 100 %
2026/10/03 15:26:43.050, 3, 44988 MiB, 100 %
2026/10/03 15:26:44.051, 3, 44988 MiB, 100 %
2026/10/03 15:26:45.051, 3, 44988 MiB, 100 %
2026/10/03 15:26:46.051, 3, 44988 MiB, 100 %
2026/10/03 15:26:47.051, 3, 44988 MiB, 100 %
2026/10/03 15:26:48.052, 3, 44988 MiB, 100 %
2026/10/03 15:26:49.052, 3, 44988 MiB, 100 %
2026/10/03 15:26:50.052, 3, 44988 MiB, 100 %
2026/10/03 15:26:51.052, 3, 44988 MiB, 100 %
2026/10/03 15:26:52.053, 3, 44988 MiB, 100 %
2026/10/03 15:26:53.053, 3, 44988 MiB, 100 %
2026/10/03 15:26:54.053, 3, 44988 MiB, 100 %
2026/10/03 15:26:55.053, 3, 44988 MiB, 100 %
2026/10/03 15:26:56.054, 3, 44988 MiB, 100 %
2026/10/03 15:26:57.054, 3, 44988 MiB, 100 %
2026/10/03 15:26:58.054, 3, 44988 MiB, 100 %
2026/10/03 15:26:59.055, 3, 44988 MiB, 100 %
2026/10/03 15:27:00.055, 3, 44988 MiB, 100 %
2026/10/03 15:27:01.055, 3, 44988 MiB, 100 %
2026/10/03 15:27:02.055, 3, 44988 MiB, 100 %
2026/10/03 15:27:03.056, 3, 44988 MiB, 100 %
2026/10/03 15:27:04.056, 3, 44988 MiB, 100 %
2026/10/03 15:27:05.056, 3, 44988 MiB, 100 %
2026/10/03 15:27:06.056, 3, 44988 MiB, 100 %
2026/10/03 15:27:07.057, 3, 44988 MiB, 100 %
2026/10/03 15:27:08.057, 3, 44988 MiB, 100 %
2026/10/03 15:27:09.057, 3, 44988 MiB, 100 %
2026/10/03 15:27:10.058, 3, 44988 MiB, 100 %
2026/10/03 15:27:11.058, 3, 44988 MiB, 100 %
2026/10/03 15:27:12.058, 3, 44988 MiB, 100 %
2026/10/03 15:27:13.058, 3, 44988 MiB, 100 %
2026/10/03 15:27:14.059, 3, 44988 MiB, 100 %
2026/10/03 15:27:15.059, 3, 44988 MiB, 100 %
2026/10/03 15:27:16.059, 3, 44988 MiB, 100 %
2026/10/03 15:27:17.059, 3, 44988 MiB, 100 %
2026/10/03 15:27:18.060, 3, 44988 MiB, 100 %
2026/10/03 15:27:19.060, 3, 44988 MiB, 100 %
2026/10/03 15:27:20.060, 3, 44988 MiB, 100 %
2026/10/03 15:27:21.060, 3, 44988 MiB, 100 %
2026/10/03 15:27:22.061, 3, 44988 MiB, 100 %
2026/10/03 15:27:23.061, 3, 44988 MiB, 100 %
2026/10/03 15:27:24.061, 3, 44988 MiB, 100 %
2026/10/03 15:27:25.061, 3, 44988 MiB, 100 %
2026/10/03 15:27:26.062, 3, 44988 MiB, 100 %
2026/10/03 15:27:27.062, 3, 44988 MiB, 100 %
2026/10/03 15:27:28.062, 3, 44988 MiB, 100 %
2026/10/03 15:27:29.062, 3, 44988 MiB, 100 %
2026/10/03 15:27:30.063, 3, 44988 MiB, 100 %
2026/10/03 15:27:31.063, 3, 44988 MiB, 100 %
2026/10/03 15:27:32.063, 3, 44988 MiB, 100 %
2026/10/03 15:27:33.063, 3, 44988 MiB, 100 %
2026/10/03 15:27:34.064, 3, 44988 MiB, 100 %
2026/10/03 15:27:35.064, 3, 44988 MiB, 100 %
2026/10/03 15:27:36.064, 3, 44988 MiB, 100 %
2026/10/03 15:27:37.064, 3, 44988 MiB, 100 %
2026/10/03 15:27:38.065, 3, 44988 MiB, 100 %
2026/10/03 15:27:39.065, 3, 44988 MiB, 100 %
2026/10/03 15:27:40.065, 3, 44988 MiB, 100 %
2026/10/03 15:27:41.065, 3, 44988 MiB, 100 %
2026/10/03 15:27:42.066, 3, 44988 MiB, 100 %
2026/10/03 15:27:43.066, 3, 44988 MiB, 100 %
2026/10/03 15:27:44.066, 3, 44988 MiB, 100 %
2026/10/03 15:27:45.067, 3, 44988 MiB, 100 %
2026/10/03 15:27:46.067, 3, 44988 MiB, 100 %
2026/10/03 15:27:47.067, 3, 44988 MiB, 100 %
2026/10/03 15:27:48.067, 3, 44988 MiB, 100 %
2026/10/03 15:27:49.068, 3, 44988 MiB, 100 %
2026/10/03 15:27:50.068, 3, 44988 MiB, 100 %
2026/10/03 15:27:51.068, 3, 44988 MiB, 100 %
2026/10/03 15:27:52.068, 3, 44988 MiB, 100 %
2026/10/03 15:27:53.069, 3, 44988 MiB, 100 %
2026/10/03 15:27:54.069, 3, 44988 MiB, 100 %
2026/10/03 15:27:55.069, 3, 44988 MiB, 100 %
2026/10/03 15:27:56.069, 3, 44988 MiB, 100 %
2026/10/03 15:27:57.070, 3, 44988 MiB, 100 %
2026/10/03 15:27:58.070, 3, 44988 MiB, 100 %
2026/10/03 15:27:59.071, 3, 44988 MiB, 100 %
2026/10/03 15:28:00.071, 3, 44988 MiB, 100 %
2026/10/03 15:28:01.071, 3, 44988 MiB, 100 %
2026/10/03 15:28:02.071, 3, 44988 MiB, 100 %
2026/10/03 15:28:03.072, 3, 44988 MiB, 100 %
2026/10/03 15:28:04.072, 3, 44988 MiB, 100 %
2026/10/03 15:28:05.072, 3, 44988 MiB, 100 %
2026/10/03 15:28:06.072, 3, 44988 MiB, 100 %
2026/10/03 15:28:07.073, 3, 44988 MiB, 100 %
2026/10/03 15:28:08.073, 3, 44988 MiB, 100 %
2026/10/03 15:28:09.073, 3, 44988 MiB, 100 %
2026/10/03 15:28:10.073, 3, 44988 MiB, 100 %
2026/10/03 15:28:11.074, 3, 44988 MiB, 100 %
2026/10/03 15:28:12.074, 3, 44988 MiB, 100 %
2026/10/03 15:28:13.074, 3, 44988 MiB, 100 %
2026/10/03 15:28:14.074, 3, 44988 MiB, 100 %
2026/10/03 15:28:15.075, 3, 44988 MiB, 100 %
2026/10/03 15:28:16.075, 3, 44988 MiB, 100 %
2026/10/03 15:28:17.075, 3, 44988 MiB, 100 %
2026/10/03 15:28:18.075, 3, 44988 MiB, 100 %
2026/10/03 15:28:19.076, 3, 44988 MiB, 100 %
2026/10/03 15:28:20.076, 3, 44988 MiB, 100 %
2026/10/03 15:28:21.076, 3, 44988 MiB, 100 %
2026/10/03 15:28:22.076, 3, 44988 MiB, 100 %
2026/10/03 15:28:23.077, 3, 44988 MiB, 100 %
2026/10/03 15:28:24.077, 3, 44988 MiB, 100 %
2026/10/03 15:28:25.077, 3, 44988 MiB, 100 %
2026/10/03 15:28:26.077, 3, 44988 MiB, 100 %
2026/10/03 15:28:27.078, 3, 44988 MiB, 100 %
2026/10/03 15:28:28.078, 3, 44988 MiB, 100 %
2026/10/03 15:28:29.078, 3, 44988 MiB, 100 %
2026/10/03 15:28:30.078, 3, 44988 MiB, 100 %
2026/10/03 15:28:31.079, 3, 44988 MiB, 100 %
2026/10/03 15:28:32.079, 3, 44988 MiB, 100 %
2026/10/03 15:28:33.079, 3, 44988 MiB, 100 %
2026/10/03 15:28:34.080, 3, 44988 MiB, 100 %
2026/10/03 15:28:35.080, 3, 44988 MiB, 100 %
2026/10/03 15:28:36.080, 3, 44988 MiB, 100 %
2026/10/03 15:28:37.080, 3, 44988 MiB, 100 %
2026/10/03 15:28:38.080, 3, 44988 MiB, 100 %
2026/10/03 15:28:39.081, 3, 44988 MiB, 100 %
2026/10/03 15:28:40.081, 3, 44988 MiB, 100 %
2026/10/03 15:28:41.081, 3, 44988 MiB, 100 %
2026/10/03 15:28:42.081, 3, 44988 MiB, 100 %
2026/10/03 15:28:43.082, 3, 44988 MiB, 100 %
2026/10/03 15:28:44.082, 3, 44988 MiB, 100 %
2026/10/03 15:28:45.082, 3, 44988 MiB, 100 %
2026/10/03 15:28:46.082, 3, 44988 MiB, 100 %
2026/10/03 15:28:47.083, 3, 44988 MiB, 100 %
2026/10/03 15:28:48.083, 3, 44988 MiB, 100 %
2026/10/03 15:28:49.083, 3, 44988 MiB, 100 %
2026/10/03 15:28:50.083, 3, 44988 MiB, 100 %
2026/10/03 15:28:51.084, 3, 44988 MiB, 100 %
2026/10/03 15:28:52.084, 3, 44988 MiB, 100 %
2026/10/03 15:28:53.084, 3, 44988 MiB, 100 %
2026/10/03 15:28:54.084, 3, 44988 MiB, 100 %
2026/10/03 15:28:55.084, 3, 44988 MiB, 100 %
2026/10/03 15:28:56.085, 3, 44988 MiB, 100 %
2026/10/03 15:28:57.085, 3, 44988 MiB, 100 %
2026/10/03 15:28:58.085, 3, 44988 MiB, 100 %
2026/10/03 15:28:59.085, 3, 44988 MiB, 100 %
2026/10/03 15:29:00.086, 3, 44988 MiB, 100 %
2026/10/03 15:29:01.086, 3, 44988 MiB, 100 %
2026/10/03 15:29:02.086, 3, 44988 MiB, 100 %
2026/10/03 15:29:03.086, 3, 44988 MiB, 100 %
2026/10/03 15:29:04.087, 3, 44988 MiB, 100 %
2026/10/03 15:29:05.087, 3, 44988 MiB, 100 %
2026/10/03 15:29:06.087, 3, 44988 MiB, 100 %
2026/10/03 15:29:07.088, 3, 44988 MiB, 100 %
2026/10/03 15:29:08.088, 3, 44988 MiB, 100 %
2026/10/03 15:29:09.088, 3, 44988 MiB, 100 %
2026/10/03 15:29:10.088, 3, 44988 MiB, 100 %
2026/10/03 15:29:11.089, 3, 44988 MiB, 100 %
2026/10/03 15:29:12.089, 3, 44988 MiB, 100 %
2026/10/03 15:29:13.089, 3, 44988 MiB, 100 %
2026/10/03 15:29:14.089, 3, 44988 MiB, 100 %
2026/10/03 15:29:15.090, 3, 44988 MiB, 100 %
2026/10/03 15:29:16.090, 3, 44988 MiB, 100 %
2026/10/03 15:29:17.090, 3, 44988 MiB, 100 %
2026/10/03 15:29:18.090, 3, 44988 MiB, 100 %
2026/10/03 15:29:19.091, 3, 44988 MiB, 100 %
2026/10/03 15:29:20.091, 3, 44988 MiB, 100 %
2026/10/03 15:29:21.091, 3, 44988 MiB, 100 %
2026/10/03 15:29:22.091, 3, 44988 MiB, 100 %
2026/10/03 15:29:23.092, 3, 44988 MiB, 100 %
2026/10/03 15:29:24.092, 3, 44988 MiB, 100 %
2026/10/03 15:29:25.092, 3, 44988 MiB, 100 %
2026/10/03 15:29:26.092, 3, 44988 MiB, 100 %
2026/10/03 15:29:27.093, 3, 44988 MiB, 100 %
2026/10/03 15:29:28.093, 3, 44988 MiB, 100 %
2026/10/03 15:29:29.093, 3, 44988 MiB, 100 %
2026/10/03 15:29:30.094, 3, 44988 MiB, 100 %
2026/10/03 15:29:31.094, 3, 44988 MiB, 100 %
2026/10/03 15:29:32.094, 3, 44988 MiB, 100 %
2026/10/03 15:29:33.094, 3, 44988 MiB, 100 %
2026/10/03 15:29:34.095, 3, 44988 MiB, 100 %
2026/10/03 15:29:35.095, 3, 44988 MiB, 100 %
2026/10/03 15:29:36.095, 3, 44988 MiB, 100 %
2026/10/03 15:29:37.095, 3, 44988 MiB, 100 %
2026/10/03 15:29:38.096, 3, 44988 MiB, 100 %
2026/10/03 15:29:39.096, 3, 44988 MiB, 100 %
2026/10/03 15:29:40.096, 3, 44988 MiB, 100 %
2026/10/03 15:29:41.096, 3, 44988 MiB, 100 %
2026/10/03 15:29:42.097, 3, 44988 MiB, 100 %
2026/10/03 15:29:43.097, 3, 44988 MiB, 100 %
2026/10/03 15:29:44.097, 3, 44988 MiB, 100 %
2026/10/03 15:29:45.097, 3, 44988 MiB, 100 %
2026/10/03 15:29:46.098, 3, 44988 MiB, 100 %
2026/10/03 15:29:47.098, 3, 44988 MiB, 100 %
2026/10/03 15:29:48.098, 3, 44988 MiB, 100 %
2026/10/03 15:29:49.099, 3, 44988 MiB, 100 %
2026/10/03 15:29:50.099, 3, 44988 MiB, 100 %
2026/10/03 15:29:51.099, 3, 44988 MiB, 100 %
2026/10/03 15:29:52.099, 3, 44988 MiB, 100 %
2026/10/03 15:29:53.100, 3, 44988 MiB, 100 %
2026/10/03 15:29:54.100, 3, 44988 MiB, 100 %
2026/10/03 15:29:55.100, 3, 44988 MiB, 100 %
2026/10/03 15:29:56.100, 3, 44988 MiB, 100 %
2026/10/03 15:29:57.101, 3, 44988 MiB, 100 %
2026/10/03 15:29:58.101, 3, 44988 MiB, 100 %
2026/10/03 15:29:59.101, 3, 44988 MiB, 100 %
2026/10/03 15:30:00.101, 3, 44988 MiB, 100 %
2026/10/03 15:30:01.102, 3, 44988 MiB, 100 %
2026/10/03 15:30:02.102, 3, 44988 MiB, 100 %
2026/10/03 15:30:03.102, 3, 44988 MiB, 100 %
2026/10/03 15:30:04.102, 3, 44988 MiB, 100 %
2026/10/03 15:30:05.103, 3, 44988 MiB, 100 %
2026/10/03 15:30:06.103, 3, 44988 MiB, 100 %
2026/10/03 15:30:07.103, 3, 44988 MiB, 100 %
2026/10/03 15:30:08.103, 3, 44988 MiB, 100 %
2026/10/03 15:30:09.103, 3, 44988 MiB, 100 %
2026/10/03 15:30:10.104, 3, 44988 MiB, 100 %
2026/10/03 15:30:11.104, 3, 44988 MiB, 100 %
2026/10/03 15:30:12.104, 3, 44988 MiB, 100 %
2026/10/03 15:30:13.104, 3, 44988 MiB, 100 %
2026/10/03 15:30:14.105, 3, 44988 MiB, 100 %
2026/10/03 15:30:15.105, 3, 44988 MiB, 100 %
2026/10/03 15:30:16.105, 3, 44988 MiB, 100 %
2026/10/03 15:30:17.105, 3, 44988 MiB, 100 %
2026/10/03 15:30:18.106, 3, 44988 MiB, 100 %
2026/10/03 15:30:19.106, 3, 44988 MiB, 100 %
2026/10/03 15:30:20.106, 3, 44988 MiB, 100 %
2026/10/03 15:30:21.106, 3, 44988 MiB, 100 %
2026/10/03 15:30:22.106, 3, 44988 MiB, 100 %
2026/10/03 15:30:23.107, 3, 44988 MiB, 100 %
2026/10/03 15:30:24.107, 3, 44988 MiB, 100 %
2026/10/03 15:30:25.107, 3, 44988 MiB, 100 %
2026/10/03 15:30:26.107, 3, 44988 MiB, 100 %
2026/10/03 15:30:27.108, 3, 44988 MiB, 100 %
2026/10/03 15:30:28.108, 3, 44988 MiB, 100 %
2026/10/03 15:30:29.108, 3, 44988 MiB, 100 %
2026/10/03 15:30:30.108, 3, 44988 MiB, 100 %
2026/10/03 15:30:31.109, 3, 44988 MiB, 100 %
2026/10/03 15:30:32.109, 3, 44988 MiB, 100 %
2026/10/03 15:30:33.109, 3, 44988 MiB, 100 %
2026/10/03 15:30:34.109, 3, 44988 MiB, 100 %
2026/10/03 15:30:35.110, 3, 44988 MiB, 100 %
2026/10/03 15:30:36.110, 3, 44988 MiB, 100 %
2026/10/03 15:30:37.110, 3, 44988 MiB, 100 %
2026/10/03 15:30:38.110, 3, 44988 MiB, 100 %
2026/10/03 15:30:39.111, 3, 44988 MiB, 100 %
2026/10/03 15:30:40.111, 3, 44988 MiB, 100 %
2026/10/03 15:30:41.111, 3, 44988 MiB, 100 %
2026/10/03 15:30:42.111, 3, 44988 MiB, 100 %
2026/10/03 15:30:43.111, 3, 44988 MiB, 100 %
2026/10/03 15:30:44.112, 3, 44988 MiB, 100 %
2026/10/03 15:30:45.112, 3, 44988 MiB, 100 %
2026/10/03 15:30:46.112, 3, 44988 MiB, 100 %
2026/10/03 15:30:47.112, 3, 44988 MiB, 100 %
2026/10/03 15:30:48.112, 3, 44988 MiB, 100 %
2026/10/03 15:30:49.113, 3, 44988 MiB, 100 %
2026/10/03 15:30:50.113, 3, 44988 MiB, 100 %
2026/10/03 15:30:51.113, 3, 44988 MiB, 100 %
2026/10/03 15:30:52.113, 3, 44988 MiB, 100 %
2026/10/03 15:30:53.113, 3, 44988 MiB, 100 %
2026/10/03 15:30:54.113, 3, 44988 MiB, 100 %
2026/10/03 15:30:55.114, 3, 44988 MiB, 100 %
2026/10/03 15:30:56.114, 3, 44988 MiB, 100 %
2026/10/03 15:30:57.114, 3, 44988 MiB, 100 %
2026/10/03 15:30:58.114, 3, 44988 MiB, 100 %
2026/10/03 15:30:59.115, 3, 44988 MiB, 100 %
2026/10/03 15:31:00.115, 3, 44988 MiB, 100 %
2026/10/03 15:31:01.115, 3, 44988 MiB, 100 %
2026/10/03 15:31:02.115, 3, 44988 MiB, 100 %
2026/10/03 15:31:03.116, 3, 44988 MiB, 100 %
2026/10/03 15:31:04.116, 3, 44988 MiB, 100 %
2026/10/03 15:31:05.116, 3, 44988 MiB, 100 %
2026/10/03 15:31:06.116, 3, 44988 MiB, 100 %
2026/10/03 15:31:07.117, 3, 44988 MiB, 100 %
2026/10/03 15:31:08.117, 3, 44988 MiB, 100 %
2026/10/03 15:31:09.117, 3, 44988 MiB, 100 %
2026/10/03 15:31:10.117, 3, 44988 MiB, 100 %
2026/10/03 15:31:11.118, 3, 44988 MiB, 100 %
2026/10/03 15:31:12.118, 3, 44988 MiB, 100 %
2026/10/03 15:31:13.118, 3, 44988 MiB, 100 %
2026/10/03 15:31:14.118, 3, 44988 MiB, 100 %
2026/10/03 15:31:15.119, 3, 44988 MiB, 100 %
2026/10/03 15:31:16.119, 3, 44988 MiB, 100 %
2026/10/03 15:31:17.119, 3, 44988 MiB, 100 %
2026/10/03 15:31:18.120, 3, 44988 MiB, 100 %
2026/10/03 15:31:19.120, 3, 44988 MiB, 100 %
2026/10/03 15:31:20.120, 3, 44988 MiB, 14 %
2026/10/03 15:31:21.120, 3, 44988 MiB, 100 %
2026/10/03 15:31:22.121, 3, 44988 MiB, 100 %
2026/10/03 15:31:23.121, 3, 44988 MiB, 100 %
2026/10/03 15:31:24.121, 3, 44988 MiB, 100 %
2026/10/03 15:31:25.121, 3, 44988 MiB, 100 %
2026/10/03 15:31:26.122, 3, 44988 MiB, 100 %
2026/10/03 15:31:27.122, 3, 44988 MiB, 100 %
2026/10/03 15:31:28.122, 3, 44988 MiB, 100 %
2026/10/03 15:31:29.122, 3, 44988 MiB, 100 %
2026/10/03 15:31:30.123, 3, 44988 MiB, 100 %
2026/10/03 15:31:31.123, 3, 44988 MiB, 100 %
2026/10/03 15:31:32.123, 3, 44988 MiB, 100 %
2026/10/03 15:31:33.123, 3, 44988 MiB, 100 %
2026/10/03 15:31:34.124, 3, 44988 MiB, 100 %
2026/10/03 15:31:35.124, 3, 44988 MiB, 100 %
2026/10/03 15:31:36.124, 3, 44988 MiB, 100 %
2026/10/03 15:31:37.124, 3, 44988 MiB, 100 %
2026/10/03 15:31:38.125, 3, 44988 MiB, 100 %
2026/10/03 15:31:39.125, 3, 44988 MiB, 100 %
2026/10/03 15:31:40.125, 3, 44988 MiB, 100 %
2026/10/03 15:31:41.125, 3, 44988 MiB, 100 %
2026/10/03 15:31:42.126, 3, 44988 MiB, 100 %
2026/10/03 15:31:43.126, 3, 44988 MiB, 100 %
2026/10/03 15:31:44.126, 3, 44988 MiB, 100 %
2026/10/03 15:31:45.126, 3, 44988 MiB, 100 %
2026/10/03 15:31:46.127, 3, 44988 MiB, 100 %
2026/10/03 15:31:47.127, 3, 44988 MiB, 100 %
2026/10/03 15:31:48.127, 3, 44988 MiB, 100 %
2026/10/03 15:31:49.127, 3, 44988 MiB, 100 %
2026/10/03 15:31:50.128, 3, 44988 MiB, 100 %
2026/10/03 15:31:51.128, 3, 44988 MiB, 100 %
2026/10/03 15:31:52.128, 3, 44988 MiB, 100 %
2026/10/03 15:31:53.128, 3, 44988 MiB, 100 %
2026/10/03 15:31:54.128, 3, 44988 MiB, 100 %
2026/10/03 15:31:55.129, 3, 44988 MiB, 100 %
2026/10/03 15:31:56.129, 3, 44988 MiB, 100 %
2026/10/03 15:31:57.129, 3, 44988 MiB, 100 %
2026/10/03 15:31:58.130, 3, 44988 MiB, 100 %
2026/10/03 15:31:59.130, 3, 44988 MiB, 100 %
2026/10/03 15:32:00.130, 3, 44988 MiB, 100 %
2026/10/03 15:32:01.130, 3, 44988 MiB, 100 %
2026/10/03 15:32:02.131, 3, 44988 MiB, 100 %
2026/10/03 15:32:03.131, 3, 44988 MiB, 100 %
2026/10/03 15:32:04.131, 3, 44988 MiB, 100 %
2026/10/03 15:32:05.131, 3, 44988 MiB, 100 %
2026/10/03 15:32:06.131, 3, 44988 MiB, 100 %
2026/10/03 15:32:07.132, 3, 44988 MiB, 100 %
2026/10/03 15:32:08.132, 3, 44988 MiB, 100 %
2026/10/03 15:32:09.133, 3, 44988 MiB, 100 %
2026/10/03 15:32:10.133, 3, 44988 MiB, 100 %
2026/10/03 15:32:11.134, 3, 44988 MiB, 100 %
2026/10/03 15:32:12.134, 3, 44988 MiB, 100 %
2026/10/03 15:32:13.134, 3, 44988 MiB, 100 %
2026/10/03 15:32:14.135, 3, 44988 MiB, 100 %
2026/10/03 15:32:15.136, 3, 44988 MiB, 100 %
2026/10/03 15:32:16.136, 3, 44988 MiB, 100 %
2026/10/03 15:32:17.136, 3, 44988 MiB, 100 %
2026/10/03 15:32:18.136, 3, 44988 MiB, 100 %
2026/10/03 15:32:19.137, 3, 44988 MiB, 100 %
2026/10/03 15:32:20.137, 3, 44988 MiB, 100 %
2026/10/03 15:32:21.137, 3, 44988 MiB, 100 %
2026/10/03 15:32:22.137, 3, 44988 MiB, 100 %
2026/10/03 15:32:23.138, 3, 44988 MiB, 100 %
2026/10/03 15:32:24.138, 3, 44988 MiB, 100 %
2026/10/03 15:32:25.138, 3, 44988 MiB, 100 %
2026/10/03 15:32:26.138, 3, 44988 MiB, 100 %
2026/10/03 15:32:27.139, 3, 44988 MiB, 100 %
2026/10/03 15:32:28.139, 3, 44988 MiB, 100 %
2026/10/03 15:32:29.139, 3, 44988 MiB, 100 %
2026/10/03 15:32:30.139, 3, 44988 MiB, 100 %
2026/10/03 15:32:31.140, 3, 44988 MiB, 100 %
2026/10/03 15:32:32.140, 3, 44988 MiB, 100 %
2026/10/03 15:32:33.140, 3, 44988 MiB, 100 %
2026/10/03 15:32:34.140, 3, 44988 MiB, 100 %
2026/10/03 15:32:35.141, 3, 44988 MiB, 100 %
2026/10/03 15:32:36.141, 3, 44988 MiB, 100 %
2026/10/03 15:32:37.141, 3, 44988 MiB, 100 %
2026/10/03 15:32:38.141, 3, 44988 MiB, 100 %
2026/10/03 15:32:39.142, 3, 44988 MiB, 100 %
2026/10/03 15:32:40.142, 3, 44988 MiB, 100 %
2026/10/03 15:32:41.142, 3, 44988 MiB, 100 %
2026/10/03 15:32:42.143, 3, 44988 MiB, 100 %
2026/10/03 15:32:43.143, 3, 44988 MiB, 100 %
2026/10/03 15:32:44.143, 3, 44988 MiB, 100 %
2026/10/03 15:32:45.143, 3, 44988 MiB, 100 %
2026/10/03 15:32:46.144, 3, 44988 MiB, 100 %
2026/10/03 15:32:47.144, 3, 44988 MiB, 100 %
2026/10/03 15:32:48.144, 3, 44988 MiB, 100 %
2026/10/03 15:32:49.144, 3, 44988 MiB, 100 %
2026/10/03 15:32:50.144, 3, 44988 MiB, 41 %
2026/10/03 15:32:51.145, 3, 44988 MiB, 100 %
2026/10/03 15:32:52.145, 3, 44988 MiB, 100 %
2026/10/03 15:32:53.145, 3, 44988 MiB, 100 %
2026/10/03 15:32:54.145, 3, 44988 MiB, 100 %
2026/10/03 15:32:55.145, 3, 44988 MiB, 100 %
2026/10/03 15:32:56.145, 3, 44988 MiB, 100 %
2026/10/03 15:32:57.145, 3, 44988 MiB, 100 %
2026/10/03 15:32:58.145, 3, 44988 MiB, 100 %
2026/10/03 15:32:59.145, 3, 44988 MiB, 100 %
2026/10/03 15:33:00.145, 3, 44988 MiB, 100 %
2026/10/03 15:33:01.145, 3, 44988 MiB, 100 %
2026/10/03 15:33:02.146, 3, 44988 MiB, 100 %
2026/10/03 15:33:03.146, 3, 44988 MiB, 100 %
2026/10/03 15:33:04.146, 3, 44988 MiB, 100 %
2026/10/03 15:33:05.146, 3, 44988 MiB, 100 %
2026/10/03 15:33:06.146, 3, 44988 MiB, 100 %
2026/10/03 15:33:07.146, 3, 44988 MiB, 100 %
2026/10/03 15:33:08.147, 3, 44988 MiB, 100 %
2026/10/03 15:33:09.147, 3, 44988 MiB, 100 %
2026/10/03 15:33:10.147, 3, 44988 MiB, 100 %
2026/10/03 15:33:11.147, 3, 44988 MiB, 100 %
2026/10/03 15:33:12.147, 3, 44988 MiB, 100 %
2026/10/03 15:33:13.147, 3, 44988 MiB, 100 %
2026/10/03 15:33:14.148, 3, 44988 MiB, 100 %
2026/10/03 15:33:15.148, 3, 44988 MiB, 100 %
2026/10/03 15:33:16.148, 3, 44988 MiB, 100 %
2026/10/03 15:33:17.148, 3, 44988 MiB, 100 %
2026/10/03 15:33:18.149, 3, 44988 MiB, 100 %
2026/10/03 15:33:19.149, 3, 44988 MiB, 100 %
2026/10/03 15:33:20.149, 3, 44988 MiB, 100 %
2026/10/03 15:33:21.149, 3, 44988 MiB, 100 %
2026/10/03 15:33:22.150, 3, 44988 MiB, 100 %
2026/10/03 15:33:23.150, 3, 44988 MiB, 100 %
2026/10/03 15:33:24.150, 3, 44988 MiB, 100 %
2026/10/03 15:33:25.150, 3, 44988 MiB, 100 %
2026/10/03 15:33:26.151, 3, 44988 MiB, 100 %
2026/10/03 15:33:27.151, 3, 44988 MiB, 100 %
2026/10/03 15:33:28.151, 3, 44988 MiB, 100 %
2026/10/03 15:33:29.151, 3, 44988 MiB, 100 %
2026/10/03 15:33:30.151, 3, 44988 MiB, 100 %
2026/10/03 15:33:31.152, 3, 44988 MiB, 100 %
2026/10/03 15:33:32.152, 3, 44988 MiB, 100 %
2026/10/03 15:33:33.152, 3, 44988 MiB, 100 %
2026/10/03 15:33:34.152, 3, 44988 MiB, 100 %
2026/10/03 15:33:35.153, 3, 44988 MiB, 100 %
2026/10/03 15:33:36.153, 3, 44988 MiB, 100 %
2026/10/03 15:33:37.153, 3, 44988 MiB, 100 %
2026/10/03 15:33:38.153, 3, 44988 MiB, 100 %
2026/10/03 15:33:39.154, 3, 44988 MiB, 100 %
2026/10/03 15:33:40.154, 3, 44988 MiB, 100 %
2026/10/03 15:33:41.154, 3, 44988 MiB, 100 %
2026/10/03 15:33:42.154, 3, 44988 MiB, 100 %
2026/10/03 15:33:43.155, 3, 44988 MiB, 100 %
2026/10/03 15:33:44.155, 3, 44988 MiB, 100 %
2026/10/03 15:33:45.155, 3, 44988 MiB, 100 %
2026/10/03 15:33:46.155, 3, 44988 MiB, 100 %
2026/10/03 15:33:47.156, 3, 44988 MiB, 100 %
2026/10/03 15:33:48.156, 3, 44988 MiB, 100 %
2026/10/03 15:33:49.156, 3, 44988 MiB, 100 %
2026/10/03 15:33:50.156, 3, 44988 MiB, 100 %
2026/10/03 15:33:51.157, 3, 44988 MiB, 100 %
2026/10/03 15:33:52.157, 3, 44988 MiB, 100 %
2026/10/03 15:33:53.157, 3, 44988 MiB, 100 %
2026/10/03 15:33:54.157, 3, 44988 MiB, 100 %
2026/10/03 15:33:55.158, 3, 44988 MiB, 100 %
2026/10/03 15:33:56.158, 3, 44988 MiB, 100 %
2026/10/03 15:33:57.158, 3, 44988 MiB, 100 %
2026/10/03 15:33:58.158, 3, 44988 MiB, 100 %
2026/10/03 15:33:59.159, 3, 44988 MiB, 100 %
2026/10/03 15:34:00.159, 3, 44988 MiB, 100 %
2026/10/03 15:34:01.159, 3, 44988 MiB, 100 %
2026/10/03 15:34:02.159, 3, 44988 MiB, 100 %
2026/10/03 15:34:03.160, 3, 44988 MiB, 100 %
2026/10/03 15:34:04.160, 3, 44988 MiB, 100 %
2026/10/03 15:34:05.160, 3, 44988 MiB, 100 %
2026/10/03 15:34:06.160, 3, 44988 MiB, 100 %
2026/10/03 15:34:07.160, 3, 44988 MiB, 100 %
2026/10/03 15:34:08.161, 3, 44988 MiB, 100 %
2026/10/03 15:34:09.161, 3, 44988 MiB, 100 %
2026/10/03 15:34:10.161, 3, 44988 MiB, 100 %
2026/10/03 15:34:11.161, 3, 44988 MiB, 100 %
2026/10/03 15:34:12.162, 3, 44988 MiB, 100 %
2026/10/03 15:34:13.162, 3, 44988 MiB, 100 %
2026/10/03 15:34:14.162, 3, 44988 MiB, 100 %
2026/10/03 15:34:15.163, 3, 44988 MiB, 100 %
2026/10/03 15:34:16.163, 3, 44988 MiB, 100 %
2026/10/03 15:34:17.163, 3, 44988 MiB, 100 %
2026/10/03 15:34:18.163, 3, 44988 MiB, 100 %
2026/10/03 15:34:19.164, 3, 44988 MiB, 100 %
2026/10/03 15:34:20.164, 3, 44988 MiB, 100 %
2026/10/03 15:34:21.164, 3, 44988 MiB, 100 %
2026/10/03 15:34:22.164, 3, 44988 MiB, 100 %
2026/10/03 15:34:23.165, 3, 44988 MiB, 100 %
2026/10/03 15:34:24.165, 3, 44988 MiB, 100 %
2026/10/03 15:34:25.165, 3, 44988 MiB, 100 %
2026/10/03 15:34:26.165, 3, 44988 MiB, 100 %
2026/10/03 15:34:27.166, 3, 44988 MiB, 100 %
2026/10/03 15:34:28.166, 3, 44988 MiB, 100 %
2026/10/03 15:34:29.166, 3, 44988 MiB, 100 %
2026/10/03 15:34:30.166, 3, 44988 MiB, 100 %
2026/10/03 15:34:31.167, 3, 44988 MiB, 100 %
2026/10/03 15:34:32.168, 3, 44988 MiB, 100 %
2026/10/03 15:34:33.168, 3, 44988 MiB, 100 %
2026/10/03 15:34:34.168, 3, 44988 MiB, 100 %
2026/10/03 15:34:35.168, 3, 44988 MiB, 100 %
2026/10/03 15:34:36.169, 3, 44988 MiB, 100 %
2026/10/03 15:34:37.169, 3, 44988 MiB, 100 %
2026/10/03 15:34:38.169, 3, 44988 MiB, 100 %
2026/10/03 15:34:39.169, 3, 44988 MiB, 100 %
2026/10/03 15:34:40.170, 3, 44988 MiB, 100 %
2026/10/03 15:34:41.170, 3, 44988 MiB, 100 %
2026/10/03 15:34:42.170, 3, 44988 MiB, 100 %
2026/10/03 15:34:43.171, 3, 44988 MiB, 100 %
2026/10/03 15:34:44.171, 3, 44988 MiB, 100 %
2026/10/03 15:34:45.171, 3, 44988 MiB, 100 %
2026/10/03 15:34:46.171, 3, 44988 MiB, 100 %
2026/10/03 15:34:47.172, 3, 44988 MiB, 100 %
2026/10/03 15:34:48.172, 3, 44988 MiB, 100 %
2026/10/03 15:34:49.172, 3, 44988 MiB, 100 %
2026/10/03 15:34:50.172, 3, 44988 MiB, 100 %
2026/10/03 15:34:51.173, 3, 44988 MiB, 100 %
2026/10/03 15:34:52.173, 3, 44988 MiB, 100 %
2026/10/03 15:34:53.173, 3, 44988 MiB, 100 %
2026/10/03 15:34:54.173, 3, 44988 MiB, 100 %
2026/10/03 15:34:55.174, 3, 44988 MiB, 100 %
2026/10/03 15:34:56.174, 3, 44988 MiB, 100 %
2026/10/03 15:34:57.174, 3, 44988 MiB, 100 %
2026/10/03 15:34:58.174, 3, 44988 MiB, 100 %
2026/10/03 15:34:59.175, 3, 44988 MiB, 100 %
2026/10/03 15:35:00.175, 3, 44988 MiB, 100 %
2026/10/03 15:35:01.175, 3, 44988 MiB, 100 %
2026/10/03 15:35:02.175, 3, 44988 MiB, 73 %
2026/10/03 15:35:03.176, 3, 44988 MiB, 100 %
2026/10/03 15:35:04.176, 3, 44988 MiB, 100 %
2026/10/03 15:35:05.176, 3, 44988 MiB, 100 %
2026/10/03 15:35:06.176, 3, 44988 MiB, 100 %
2026/10/03 15:35:07.177, 3, 44988 MiB, 100 %
2026/10/03 15:35:08.177, 3, 44988 MiB, 100 %
2026/10/03 15:35:09.177, 3, 44988 MiB, 100 %
2026/10/03 15:35:10.177, 3, 44988 MiB, 100 %
2026/10/03 15:35:11.178, 3, 44988 MiB, 100 %
2026/10/03 15:35:12.178, 3, 44988 MiB, 100 %
2026/10/03 15:35:13.178, 3, 44988 MiB, 100 %
2026/10/03 15:35:14.178, 3, 44988 MiB, 100 %
2026/10/03 15:35:15.178, 3, 44988 MiB, 100 %
2026/10/03 15:35:16.179, 3, 44988 MiB, 100 %
2026/10/03 15:35:17.179, 3, 44988 MiB, 100 %
2026/10/03 15:35:18.179, 3, 44988 MiB, 100 %
2026/10/03 15:35:19.180, 3, 44988 MiB, 100 %
2026/10/03 15:35:20.180, 3, 44988 MiB, 100 %
2026/10/03 15:35:21.180, 3, 44988 MiB, 100 %
2026/10/03 15:35:22.180, 3, 44988 MiB, 100 %
2026/10/03 15:35:23.181, 3, 44988 MiB, 100 %
2026/10/03 15:35:24.181, 3, 44988 MiB, 100 %
2026/10/03 15:35:25.181, 3, 44988 MiB, 100 %
2026/10/03 15:35:26.181, 3, 44988 MiB, 100 %
2026/10/03 15:35:27.182, 3, 44988 MiB, 100 %
2026/10/03 15:35:28.182, 3, 44988 MiB, 100 %
2026/10/03 15:35:29.182, 3, 44988 MiB, 100 %
2026/10/03 15:35:30.182, 3, 44988 MiB, 100 %
2026/10/03 15:35:31.183, 3, 44988 MiB, 100 %
2026/10/03 15:35:32.183, 3, 44988 MiB, 100 %
2026/10/03 15:35:33.183, 3, 44988 MiB, 100 %
2026/10/03 15:35:34.183, 3, 44988 MiB, 100 %
2026/10/03 15:35:35.184, 3, 44988 MiB, 100 %
2026/10/03 15:35:36.184, 3, 44988 MiB, 100 %
2026/10/03 15:35:37.184, 3, 44988 MiB, 100 %
2026/10/03 15:35:38.184, 3, 44988 MiB, 100 %
2026/10/03 15:35:39.185, 3, 44988 MiB, 100 %
2026/10/03 15:35:40.185, 3, 44988 MiB, 100 %
2026/10/03 15:35:41.185, 3, 44988 MiB, 100 %
2026/10/03 15:35:42.185, 3, 44988 MiB, 100 %
2026/10/03 15:35:43.186, 3, 44988 MiB, 100 %
2026/10/03 15:35:44.186, 3, 44988 MiB, 100 %
2026/10/03 15:35:45.186, 3, 44988 MiB, 100 %
2026/10/03 15:35:46.186, 3, 44988 MiB, 100 %
2026/10/03 15:35:47.187, 3, 44988 MiB, 100 %
2026/10/03 15:35:48.187, 3, 44988 MiB, 100 %
2026/10/03 15:35:49.187, 3, 44988 MiB, 100 %
2026/10/03 15:35:50.187, 3, 44988 MiB, 100 %
2026/10/03 15:35:51.188, 3, 44988 MiB, 100 %
2026/10/03 15:35:52.188, 3, 44988 MiB, 100 %
2026/10/03 15:35:53.188, 3, 44988 MiB, 100 %
2026/10/03 15:35:54.188, 3, 44988 MiB, 100 %
2026/10/03 15:35:55.189, 3, 44988 MiB, 100 %
2026/10/03 15:35:56.189, 3, 44988 MiB, 100 %
2026/10/03 15:35:57.189, 3, 44988 MiB, 100 %
2026/10/03 15:35:58.190, 3, 44988 MiB, 100 %
2026/10/03 15:35:59.190, 3, 44988 MiB, 100 %
2026/10/03 15:36:00.190, 3, 44988 MiB, 100 %
2026/10/03 15:36:01.190, 3, 44988 MiB, 100 %
2026/10/03 15:36:02.191, 3, 44988 MiB, 97 %
2026/10/03 15:36:03.191, 3, 44988 MiB, 100 %
2026/10/03 15:36:04.191, 3, 44988 MiB, 100 %
2026/10/03 15:36:05.191, 3, 44988 MiB, 100 %
2026/10/03 15:36:06.192, 3, 44988 MiB, 100 %
2026/10/03 15:36:07.192, 3, 44988 MiB, 100 %
2026/10/03 15:36:08.192, 3, 44988 MiB, 100 %
2026/10/03 15:36:09.192, 3, 44988 MiB, 100 %
2026/10/03 15:36:10.193, 3, 44988 MiB, 100 %
2026/10/03 15:36:11.193, 3, 44988 MiB, 100 %
2026/10/03 15:36:12.193, 3, 44988 MiB, 100 %
2026/10/03 15:36:13.193, 3, 44988 MiB, 100 %
2026/10/03 15:36:14.194, 3, 44988 MiB, 100 %
2026/10/03 15:36:15.194, 3, 44988 MiB, 100 %
2026/10/03 15:36:16.194, 3, 44988 MiB, 100 %
2026/10/03 15:36:17.194, 3, 44988 MiB, 100 %
2026/10/03 15:36:18.195, 3, 44988 MiB, 100 %
2026/10/03 15:36:19.195, 3, 44988 MiB, 100 %
2026/10/03 15:36:20.195, 3, 44988 MiB, 100 %
2026/10/03 15:36:21.195, 3, 44988 MiB, 100 %
2026/10/03 15:36:22.196, 3, 44988 MiB, 100 %
2026/10/03 15:36:23.196, 3, 44988 MiB, 100 %
2026/10/03 15:36:24.196, 3, 44988 MiB, 100 %
2026/10/03 15:36:25.196, 3, 44988 MiB, 100 %
2026/10/03 15:36:26.197, 3, 44988 MiB, 100 %
2026/10/03 15:36:27.197, 3, 44988 MiB, 100 %
2026/10/03 15:36:28.197, 3, 44988 MiB, 100 %
2026/10/03 15:36:29.197, 3, 44988 MiB, 100 %
2026/10/03 15:36:30.198, 3, 44988 MiB, 100 %
2026/10/03 15:36:31.198, 3, 44988 MiB, 100 %
2026/10/03 15:36:32.198, 3, 44988 MiB, 100 %
2026/10/03 15:36:33.198, 3, 44988 MiB, 100 %
2026/10/03 15:36:34.199, 3, 44988 MiB, 100 %
2026/10/03 15:36:35.199, 3, 44988 MiB, 100 %
2026/10/03 15:36:36.199, 3, 44988 MiB, 100 %
2026/10/03 15:36:37.199, 3, 44988 MiB, 100 %
2026/10/03 15:36:38.200, 3, 44988 MiB, 100 %
2026/10/03 15:36:39.200, 3, 44988 MiB, 100 %
2026/10/03 15:36:40.200, 3, 44988 MiB, 100 %
2026/10/03 15:36:41.200, 3, 44988 MiB, 100 %
2026/10/03 15:36:42.201, 3, 44988 MiB, 100 %
2026/10/03 15:36:43.201, 3, 44988 MiB, 100 %
2026/10/03 15:36:44.201, 3, 44988 MiB, 100 %
2026/10/03 15:36:45.201, 3, 44988 MiB, 100 %
2026/10/03 15:36:46.202, 3, 44988 MiB, 100 %
2026/10/03 15:36:47.202, 3, 44988 MiB, 100 %
2026/10/03 15:36:48.202, 3, 44988 MiB, 100 %
2026/10/03 15:36:49.202, 3, 44988 MiB, 100 %
2026/10/03 15:36:50.203, 3, 44988 MiB, 100 %
2026/10/03 15:36:51.203, 3, 44988 MiB, 100 %
2026/10/03 15:36:52.203, 3, 44988 MiB, 100 %
2026/10/03 15:36:53.203, 3, 44988 MiB, 100 %
2026/10/03 15:36:54.204, 3, 44988 MiB, 100 %
2026/10/03 15:36:55.204, 3, 44988 MiB, 100 %
2026/10/03 15:36:56.204, 3, 44988 MiB, 100 %
2026/10/03 15:36:57.204, 3, 44988 MiB, 100 %
2026/10/03 15:36:58.206, 3, 44988 MiB, 100 %
2026/10/03 15:36:59.206, 3, 44988 MiB, 100 %
2026/10/03 15:37:00.206, 3, 44988 MiB, 100 %
2026/10/03 15:37:01.206, 3, 44988 MiB, 100 %
2026/10/03 15:37:02.207, 3, 44988 MiB, 100 %
2026/10/03 15:37:03.207, 3, 44988 MiB, 100 %
2026/10/03 15:37:04.207, 3, 44988 MiB, 100 %
2026/10/03 15:37:05.207, 3, 44988 MiB, 100 %
2026/10/03 15:37:06.208, 3, 44988 MiB, 100 %
2026/10/03 15:37:07.208, 3, 44988 MiB, 100 %
2026/10/03 15:37:08.208, 3, 44988 MiB, 100 %
2026/10/03 15:37:09.208, 3, 44988 MiB, 100 %
2026/10/03 15:37:10.209, 3, 44988 MiB, 100 %
2026/10/03 15:37:11.209, 3, 44988 MiB, 100 %
2026/10/03 15:37:12.209, 3, 44988 MiB, 100 %
2026/10/03 15:37:13.209, 3, 44988 MiB, 100 %
2026/10/03 15:37:14.210, 3, 44988 MiB, 100 %
2026/10/03 15:37:15.210, 3, 44988 MiB, 100 %
2026/10/03 15:37:16.210, 3, 44988 MiB, 100 %
2026/10/03 15:37:17.210, 3, 44988 MiB, 100 %
2026/10/03 15:37:18.211, 3, 44988 MiB, 100 %
2026/10/03 15:37:19.211, 3, 44988 MiB, 100 %
2026/10/03 15:37:20.211, 3, 44988 MiB, 100 %
2026/10/03 15:37:21.211, 3, 44988 MiB, 100 %
2026/10/03 15:37:22.212, 3, 44988 MiB, 100 %
2026/10/03 15:37:23.212, 3, 44988 MiB, 100 %
2026/10/03 15:37:24.212, 3, 44988 MiB, 100 %
2026/10/03 15:37:25.212, 3, 44988 MiB, 100 %
2026/10/03 15:37:26.213, 3, 44988 MiB, 100 %
2026/10/03 15:37:27.213, 3, 44988 MiB, 100 %
2026/10/03 15:37:28.213, 3, 44988 MiB, 100 %
2026/10/03 15:37:29.213, 3, 44988 MiB, 100 %
2026/10/03 15:37:30.214, 3, 44988 MiB, 100 %
2026/10/03 15:37:31.214, 3, 44988 MiB, 100 %
2026/10/03 15:37:32.214, 3, 44988 MiB, 100 %
2026/10/03 15:37:33.214, 3, 44988 MiB, 100 %
2026/10/03 15:37:34.215, 3, 44988 MiB, 100 %
2026/10/03 15:37:35.215, 3, 44988 MiB, 100 %
2026/10/03 15:37:36.215, 3, 44988 MiB, 100 %
2026/10/03 15:37:37.215, 3, 44988 MiB, 100 %
2026/10/03 15:37:38.216, 3, 44988 MiB, 100 %
2026/10/03 15:37:39.216, 3, 44988 MiB, 100 %
2026/10/03 15:37:40.216, 3, 44988 MiB, 100 %
2026/10/03 15:37:41.216, 3, 44988 MiB, 100 %
2026/10/03 15:37:42.217, 3, 44988 MiB, 100 %
2026/10/03 15:37:43.217, 3, 44988 MiB, 100 %
2026/10/03 15:37:44.217, 3, 44988 MiB, 99 %
2026/10/03 15:37:45.217, 3, 44988 MiB, 100 %
2026/10/03 15:37:46.218, 3, 44988 MiB, 100 %
2026/10/03 15:37:47.218, 3, 44988 MiB, 100 %
2026/10/03 15:37:48.218, 3, 44988 MiB, 100 %
2026/10/03 15:37:49.218, 3, 44988 MiB, 100 %
2026/10/03 15:37:50.219, 3, 44988 MiB, 100 %
2026/10/03 15:37:51.219, 3, 44988 MiB, 100 %
2026/10/03 15:37:52.219, 3, 44988 MiB, 100 %
2026/10/03 15:37:53.219, 3, 44988 MiB, 100 %
2026/10/03 15:37:54.220, 3, 44988 MiB, 100 %
2026/10/03 15:37:55.220, 3, 44988 MiB, 100 %
2026/10/03 15:37:56.220, 3, 44988 MiB, 100 %
2026/10/03 15:37:57.220, 3, 44988 MiB, 100 %
2026/10/03 15:37:58.221, 3, 44988 MiB, 100 %
2026/10/03 15:37:59.221, 3, 44988 MiB, 100 %
2026/10/03 15:38:00.221, 3, 44988 MiB, 100 %
2026/10/03 15:38:01.221, 3, 44988 MiB, 100 %
2026/10/03 15:38:02.221, 3, 44988 MiB, 100 %
2026/10/03 15:38:03.222, 3, 44988 MiB, 100 %
2026/10/03 15:38:04.222, 3, 44988 MiB, 100 %
2026/10/03 15:38:05.222, 3, 44988 MiB, 100 %
2026/10/03 15:38:06.223, 3, 44988 MiB, 100 %
2026/10/03 15:38:07.223, 3, 44988 MiB, 100 %
2026/10/03 15:38:08.223, 3, 44988 MiB, 100 %
2026/10/03 15:38:09.223, 3, 44988 MiB, 100 %
2026/10/03 15:38:10.224, 3, 44988 MiB, 100 %
2026/10/03 15:38:11.224, 3, 44988 MiB, 100 %
2026/10/03 15:38:12.224, 3, 44988 MiB, 100 %
2026/10/03 15:38:13.224, 3, 44988 MiB, 100 %
2026/10/03 15:38:14.225, 3, 44988 MiB, 100 %
2026/10/03 15:38:15.225, 3, 44988 MiB, 100 %
2026/10/03 15:38:16.225, 3, 44988 MiB, 100 %
2026/10/03 15:38:17.225, 3, 44988 MiB, 100 %
2026/10/03 15:38:18.226, 3, 44988 MiB, 100 %
2026/10/03 15:38:19.226, 3, 44988 MiB, 100 %
2026/10/03 15:38:20.226, 3, 44988 MiB, 100 %
2026/10/03 15:38:21.226, 3, 44988 MiB, 100 %
2026/10/03 15:38:22.227, 3, 44988 MiB, 100 %
2026/10/03 15:38:23.227, 3, 44988 MiB, 100 %
2026/10/03 15:38:24.227, 3, 44988 MiB, 100 %
2026/10/03 15:38:25.227, 3, 44988 MiB, 100 %
2026/10/03 15:38:26.228, 3, 44988 MiB, 100 %
2026/10/03 15:38:27.228, 3, 44988 MiB, 100 %
2026/10/03 15:38:28.228, 3, 44988 MiB, 100 %
2026/10/03 15:38:29.228, 3, 44988 MiB, 100 %
2026/10/03 15:38:30.229, 3, 44988 MiB, 100 %
2026/10/03 15:38:31.229, 3, 44988 MiB, 100 %
2026/10/03 15:38:32.229, 3, 44988 MiB, 100 %
2026/10/03 15:38:33.229, 3, 44988 MiB, 100 %
2026/10/03 15:38:34.230, 3, 44988 MiB, 100 %
2026/10/03 15:38:35.230, 3, 44988 MiB, 100 %
2026/10/03 15:38:36.230, 3, 44988 MiB, 100 %
2026/10/03 15:38:37.230, 3, 44988 MiB, 100 %
2026/10/03 15:38:38.231, 3, 44988 MiB, 100 %
2026/10/03 15:38:39.231, 3, 44988 MiB, 100 %
2026/10/03 15:38:40.231, 3, 44988 MiB, 100 %
2026/10/03 15:38:41.231, 3, 44988 MiB, 100 %
2026/10/03 15:38:42.232, 3, 44988 MiB, 100 %
2026/10/03 15:38:43.232, 3, 44988 MiB, 100 %
2026/10/03 15:38:44.232, 3, 44988 MiB, 100 %
2026/10/03 15:38:45.232, 3, 44988 MiB, 100 %
2026/10/03 15:38:46.233, 3, 44988 MiB, 100 %
2026/10/03 15:38:47.233, 3, 44988 MiB, 100 %
2026/10/03 15:38:48.233, 3, 44988 MiB, 100 %
2026/10/03 15:38:49.233, 3, 44988 MiB, 100 %
2026/10/03 15:38:50.234, 3, 44988 MiB, 100 %
2026/10/03 15:38:51.234, 3, 44988 MiB, 100 %
2026/10/03 15:38:52.234, 3, 44988 MiB, 100 %
2026/10/03 15:38:53.234, 3, 44988 MiB, 100 %
2026/10/03 15:38:54.235, 3, 44988 MiB, 100 %
2026/10/03 15:38:55.235, 3, 44988 MiB, 100 %
2026/10/03 15:38:56.235, 3, 44988 MiB, 100 %
2026/10/03 15:38:57.235, 3, 44988 MiB, 100 %
2026/10/03 15:38:58.236, 3, 44988 MiB, 100 %
2026/10/03 15:38:59.236, 3, 44988 MiB, 100 %
2026/10/03 15:39:00.236, 3, 44988 MiB, 100 %
2026/10/03 15:39:01.236, 3, 44988 MiB, 100 %
2026/10/03 15:39:02.237, 3, 44988 MiB, 100 %
2026/10/03 15:39:03.237, 3, 44988 MiB, 100 %
2026/10/03 15:39:04.237, 3, 44988 MiB, 100 %
2026/10/03 15:39:05.237, 3, 44988 MiB, 100 %
2026/10/03 15:39:06.238, 3, 44988 MiB, 100 %
2026/10/03 15:39:07.238, 3, 44988 MiB, 100 %
2026/10/03 15:39:08.238, 3, 44988 MiB, 100 %
2026/10/03 15:39:09.238, 3, 44988 MiB, 100 %
2026/10/03 15:39:10.239, 3, 44988 MiB, 100 %
2026/10/03 15:39:11.239, 3, 44988 MiB, 100 %
2026/10/03 15:39:12.239, 3, 44988 MiB, 100 %
2026/10/03 15:39:13.239, 3, 44988 MiB, 100 %
2026/10/03 15:39:14.240, 3, 44988 MiB, 100 %
2026/10/03 15:39:15.240, 3, 44988 MiB, 100 %
2026/10/03 15:39:16.240, 3, 44988 MiB, 100 %
2026/10/03 15:39:17.240, 3, 44988 MiB, 100 %
2026/10/03 15:39:18.241, 3, 44988 MiB, 100 %
2026/10/03 15:39:19.241, 3, 44988 MiB, 100 %
2026/10/03 15:39:20.241, 3, 44988 MiB, 100 %
2026/10/03 15:39:21.241, 3, 44988 MiB, 100 %
2026/10/03 15:39:22.242, 3, 44988 MiB, 100 %
2026/10/03 15:39:23.242, 3, 44988 MiB, 100 %
2026/10/03 15:39:24.242, 3, 44988 MiB, 100 %
2026/10/03 15:39:25.242, 3, 44988 MiB, 100 %
2026/10/03 15:39:26.243, 3, 44988 MiB, 100 %
2026/10/03 15:39:27.243, 3, 44988 MiB, 100 %
2026/10/03 15:39:28.243, 3, 44988 MiB, 100 %
2026/10/03 15:39:29.243, 3, 44988 MiB, 100 %
2026/10/03 15:39:30.244, 3, 44988 MiB, 100 %
2026/10/03 15:39:31.244, 3, 44988 MiB, 100 %
2026/10/03 15:39:32.244, 3, 44988 MiB, 100 %
2026/10/03 15:39:33.244, 3, 44988 MiB, 100 %
2026/10/03 15:39:34.245, 3, 44988 MiB, 100 %
2026/10/03 15:39:35.245, 3, 44988 MiB, 100 %
2026/10/03 15:39:36.245, 3, 44988 MiB, 100 %
2026/10/03 15:39:37.245, 3, 44988 MiB, 100 %
2026/10/03 15:39:38.246, 3, 44988 MiB, 100 %
2026/10/03 15:39:39.246, 3, 44988 MiB, 100 %
2026/10/03 15:39:40.246, 3, 44988 MiB, 100 %
2026/10/03 15:39:41.246, 3, 44988 MiB, 100 %
2026/10/03 15:39:42.247, 3, 44988 MiB, 100 %
2026/10/03 15:39:43.247, 3, 44988 MiB, 100 %
2026/10/03 15:39:44.247, 3, 44988 MiB, 100 %
2026/10/03 15:39:45.247, 3, 44988 MiB, 100 %
2026/10/03 15:39:46.248, 3, 44988 MiB, 100 %
2026/10/03 15:39:47.248, 3, 44988 MiB, 100 %
2026/10/03 15:39:48.248, 3, 44988 MiB, 100 %
2026/10/03 15:39:49.248, 3, 44988 MiB, 100 %
2026/10/03 15:39:50.249, 3, 44988 MiB, 100 %
2026/10/03 15:39:51.249, 3, 44988 MiB, 100 %
2026/10/03 15:39:52.249, 3, 44988 MiB, 100 %
2026/10/03 15:39:53.249, 3, 44988 MiB, 100 %
2026/10/03 15:39:54.250, 3, 44988 MiB, 100 %
2026/10/03 15:39:55.250, 3, 44988 MiB, 100 %
2026/10/03 15:39:56.250, 3, 44988 MiB, 100 %
2026/10/03 15:39:57.250, 3, 44988 MiB, 100 %
2026/10/03 15:39:58.251, 3, 44988 MiB, 100 %
2026/10/03 15:39:59.251, 3, 44988 MiB, 100 %
2026/10/03 15:40:00.251, 3, 44988 MiB, 100 %
2026/10/03 15:40:01.251, 3, 44988 MiB, 100 %
2026/10/03 15:40:02.252, 3, 44988 MiB, 100 %
2026/10/03 15:40:03.252, 3, 44988 MiB, 100 %
2026/10/03 15:40:04.252, 3, 44988 MiB, 100 %
2026/10/03 15:40:05.252, 3, 44988 MiB, 100 %
2026/10/03 15:40:06.253, 3, 44988 MiB, 100 %
2026/10/03 15:40:07.253, 3, 44988 MiB, 100 %
2026/10/03 15:40:08.253, 3, 44988 MiB, 100 %
2026/10/03 15:40:09.253, 3, 44988 MiB, 100 %
2026/10/03 15:40:10.254, 3, 44988 MiB, 100 %
2026/10/03 15:40:11.254, 3, 44988 MiB, 100 %
2026/10/03 15:40:12.254, 3, 44988 MiB, 100 %
2026/10/03 15:40:13.254, 3, 44988 MiB, 100 %
2026/10/03 15:40:14.255, 3, 44988 MiB, 100 %
2026/10/03 15:40:15.255, 3, 44988 MiB, 100 %
2026/10/03 15:40:16.255, 3, 44988 MiB, 100 %
2026/10/03 15:40:17.255, 3, 44988 MiB, 100 %
2026/10/03 15:40:18.256, 3, 44988 MiB, 100 %
2026/10/03 15:40:19.256, 3, 44988 MiB, 100 %
2026/10/03 15:40:20.256, 3, 44988 MiB, 100 %
2026/10/03 15:40:21.256, 3, 44988 MiB, 100 %
2026/10/03 15:40:22.256, 3, 44988 MiB, 100 %
2026/10/03 15:40:23.257, 3, 44988 MiB, 100 %
2026/10/03 15:40:24.257, 3, 44988 MiB, 100 %
2026/10/03 15:40:25.257, 3, 44988 MiB, 100 %
2026/10/03 15:40:26.257, 3, 44988 MiB, 100 %
2026/10/03 15:40:27.259, 3, 44988 MiB, 100 %
2026/10/03 15:40:28.259, 3, 44988 MiB, 100 %
2026/10/03 15:40:29.259, 3, 44988 MiB, 100 %
2026/10/03 15:40:30.260, 3, 44988 MiB, 100 %
2026/10/03 15:40:31.260, 3, 44988 MiB, 100 %
2026/10/03 15:40:32.260, 3, 44988 MiB, 100 %
2026/10/03 15:40:33.260, 3, 44988 MiB, 100 %
2026/10/03 15:40:34.261, 3, 44988 MiB, 100 %
2026/10/03 15:40:35.261, 3, 44988 MiB, 100 %
2026/10/03 15:40:36.261, 3, 44988 MiB, 100 %
2026/10/03 15:40:37.261, 3, 44988 MiB, 100 %
2026/10/03 15:40:38.262, 3, 44988 MiB, 100 %
2026/10/03 15:40:39.262, 3, 44988 MiB, 100 %
2026/10/03 15:40:40.262, 3, 44988 MiB, 100 %
2026/10/03 15:40:41.262, 3, 44988 MiB, 100 %
2026/10/03 15:40:42.263, 3, 44988 MiB, 100 %
2026/10/03 15:40:43.263, 3, 44988 MiB, 100 %
2026/10/03 15:40:44.263, 3, 44988 MiB, 100 %
2026/10/03 15:40:45.263, 3, 44988 MiB, 100 %
2026/10/03 15:40:46.264, 3, 44988 MiB, 100 %
2026/10/03 15:40:47.264, 3, 44988 MiB, 100 %
2026/10/03 15:40:48.264, 3, 44988 MiB, 100 %
2026/10/03 15:40:49.264, 3, 44988 MiB, 100 %
2026/10/03 15:40:50.265, 3, 44988 MiB, 100 %
2026/10/03 15:40:51.265, 3, 44988 MiB, 100 %
2026/10/03 15:40:52.265, 3, 44988 MiB, 100 %
2026/10/03 15:40:53.265, 3, 44988 MiB, 100 %
2026/10/03 15:40:54.266, 3, 44988 MiB, 100 %
2026/10/03 15:40:55.266, 3, 44988 MiB, 100 %
2026/10/03 15:40:56.266, 3, 44988 MiB, 100 %
2026/10/03 15:40:57.266, 3, 44988 MiB, 100 %
2026/10/03 15:40:58.266, 3, 44988 MiB, 100 %
2026/10/03 15:40:59.267, 3, 44988 MiB, 100 %
2026/10/03 15:41:00.267, 3, 44988 MiB, 100 %
2026/10/03 15:41:01.267, 3, 44988 MiB, 100 %
2026/10/03 15:41:02.267, 3, 44988 MiB, 100 %
2026/10/03 15:41:03.268, 3, 44988 MiB, 100 %
2026/10/03 15:41:04.268, 3, 44988 MiB, 100 %
2026/10/03 15:41:05.268, 3, 44988 MiB, 100 %
2026/10/03 15:41:06.268, 3, 44988 MiB, 100 %
2026/10/03 15:41:07.269, 3, 44988 MiB, 100 %
2026/10/03 15:41:08.269, 3, 44988 MiB, 100 %
2026/10/03 15:41:09.269, 3, 44988 MiB, 100 %
2026/10/03 15:41:10.269, 3, 44988 MiB, 100 %
2026/10/03 15:41:11.270, 3, 44988 MiB, 100 %
2026/10/03 15:41:12.270, 3, 44988 MiB, 100 %
2026/10/03 15:41:13.270, 3, 44988 MiB, 100 %
2026/10/03 15:41:14.270, 3, 44988 MiB, 100 %
2026/10/03 15:41:15.271, 3, 44988 MiB, 100 %
2026/10/03 15:41:16.271, 3, 44988 MiB, 100 %
2026/10/03 15:41:17.271, 3, 44988 MiB, 100 %
2026/10/03 15:41:18.271, 3, 44988 MiB, 100 %
2026/10/03 15:41:19.272, 3, 44988 MiB, 100 %
2026/10/03 15:41:20.272, 3, 44988 MiB, 100 %
2026/10/03 15:41:21.272, 3, 44988 MiB, 100 %
2026/10/03 15:41:22.272, 3, 44988 MiB, 100 %
2026/10/03 15:41:23.273, 3, 44988 MiB, 100 %
2026/10/03 15:41:24.273, 3, 44988 MiB, 100 %
2026/10/03 15:41:25.273, 3, 44988 MiB, 100 %
2026/10/03 15:41:26.273, 3, 44988 MiB, 100 %
2026/10/03 15:41:27.274, 3, 44988 MiB, 100 %
2026/10/03 15:41:28.274, 3, 44988 MiB, 100 %
2026/10/03 15:41:29.274, 3, 44988 MiB, 100 %
2026/10/03 15:41:30.274, 3, 44988 MiB, 100 %
2026/10/03 15:41:31.275, 3, 44988 MiB, 100 %
2026/10/03 15:41:32.275, 3, 44988 MiB, 100 %
2026/10/03 15:41:33.275, 3, 44988 MiB, 100 %
2026/10/03 15:41:34.275, 3, 44988 MiB, 100 %
2026/10/03 15:41:35.276, 3, 44988 MiB, 100 %
2026/10/03 15:41:36.276, 3, 44988 MiB, 100 %
2026/10/03 15:41:37.276, 3, 44988 MiB, 100 %
2026/10/03 15:41:38.276, 3, 44988 MiB, 100 %
2026/10/03 15:41:39.277, 3, 44988 MiB, 100 %
2026/10/03 15:41:40.277, 3, 44988 MiB, 100 %
2026/10/03 15:41:41.277, 3, 44988 MiB, 100 %
2026/10/03 15:41:42.277, 3, 44988 MiB, 100 %
2026/10/03 15:41:43.278, 3, 44988 MiB, 100 %
2026/10/03 15:41:44.278, 3, 44988 MiB, 100 %
2026/10/03 15:41:45.278, 3, 44988 MiB, 100 %
2026/10/03 15:41:46.278, 3, 44988 MiB, 100 %
2026/10/03 15:41:47.278, 3, 44988 MiB, 100 %
2026/10/03 15:41:48.279, 3, 44988 MiB, 100 %
2026/10/03 15:41:49.279, 3, 44988 MiB, 100 %
2026/10/03 15:41:50.279, 3, 44988 MiB, 100 %
2026/10/03 15:41:51.280, 3, 44988 MiB, 100 %
2026/10/03 15:41:52.280, 3, 44988 MiB, 100 %
2026/10/03 15:41:53.280, 3, 44988 MiB, 100 %
2026/10/03 15:41:54.280, 3, 44988 MiB, 100 %
2026/10/03 15:41:55.281, 3, 44988 MiB, 100 %
2026/10/03 15:41:56.281, 3, 44988 MiB, 100 %
2026/10/03 15:41:57.281, 3, 44988 MiB, 100 %
2026/10/03 15:41:58.281, 3, 44988 MiB, 100 %
2026/10/03 15:41:59.282, 3, 44988 MiB, 100 %
2026/10/03 15:42:00.282, 3, 44988 MiB, 100 %
2026/10/03 15:42:01.282, 3, 44988 MiB, 100 %
2026/10/03 15:42:02.282, 3, 44988 MiB, 100 %
2026/10/03 15:42:03.283, 3, 44988 MiB, 100 %
2026/10/03 15:42:04.283, 3, 44988 MiB, 100 %
2026/10/03 15:42:05.283, 3, 44988 MiB, 100 %
2026/10/03 15:42:06.283, 3, 44988 MiB, 100 %
2026/10/03 15:42:07.283, 3, 44988 MiB, 100 %
2026/10/03 15:42:08.284, 3, 44988 MiB, 100 %
2026/10/03 15:42:09.284, 3, 44988 MiB, 100 %
2026/10/03 15:42:10.284, 3, 44988 MiB, 100 %
2026/10/03 15:42:11.285, 3, 44988 MiB, 100 %
2026/10/03 15:42:12.285, 3, 44988 MiB, 100 %
2026/10/03 15:42:13.285, 3, 44988 MiB, 100 %
2026/10/03 15:42:14.285, 3, 44988 MiB, 100 %
2026/10/03 15:42:15.286, 3, 44988 MiB, 100 %
2026/10/03 15:42:16.286, 3, 44988 MiB, 100 %
2026/10/03 15:42:17.286, 3, 44988 MiB, 100 %
2026/10/03 15:42:18.286, 3, 44988 MiB, 100 %
2026/10/03 15:42:19.287, 3, 44988 MiB, 100 %
2026/10/03 15:42:20.287, 3, 44988 MiB, 100 %
2026/10/03 15:42:21.287, 3, 44988 MiB, 100 %
2026/10/03 15:42:22.287, 3, 44988 MiB, 100 %
2026/10/03 15:42:23.288, 3, 44988 MiB, 100 %
2026/10/03 15:42:24.288, 3, 44988 MiB, 100 %
2026/10/03 15:42:25.288, 3, 44988 MiB, 100 %
2026/10/03 15:42:26.288, 3, 44988 MiB, 100 %
2026/10/03 15:42:27.289, 3, 44988 MiB, 100 %
2026/10/03 15:42:28.289, 3, 44988 MiB, 100 %
2026/10/03 15:42:29.289, 3, 44988 MiB, 100 %
2026/10/03 15:42:30.289, 3, 44988 MiB, 100 %
2026/10/03 15:42:31.290, 3, 44988 MiB, 100 %
2026/10/03 15:42:32.290, 3, 44988 MiB, 100 %
2026/10/03 15:42:33.290, 3, 44988 MiB, 100 %
2026/10/03 15:42:34.290, 3, 44988 MiB, 100 %
2026/10/03 15:42:35.291, 3, 44988 MiB, 100 %
2026/10/03 15:42:36.291, 3, 44988 MiB, 100 %
2026/10/03 15:42:37.291, 3, 44988 MiB, 100 %
2026/10/03 15:42:38.291, 3, 44988 MiB, 100 %
2026/10/03 15:42:39.292, 3, 44988 MiB, 100 %
2026/10/03 15:42:40.292, 3, 44988 MiB, 100 %
2026/10/03 15:42:41.292, 3, 44988 MiB, 100 %
2026/10/03 15:42:42.292, 3, 44988 MiB, 100 %
2026/10/03 15:42:43.293, 3, 44988 MiB, 100 %
2026/10/03 15:42:44.293, 3, 44988 MiB, 100 %
2026/10/03 15:42:45.293, 3, 44988 MiB, 100 %
2026/10/03 15:42:46.293, 3, 44988 MiB, 100 %
2026/10/03 15:42:47.294, 3, 44988 MiB, 100 %
2026/10/03 15:42:48.294, 3, 44988 MiB, 100 %
2026/10/03 15:42:49.294, 3, 44988 MiB, 100 %
2026/10/03 15:42:50.294, 3, 44988 MiB, 100 %
2026/10/03 15:42:51.295, 3, 44988 MiB, 100 %
2026/10/03 15:42:52.295, 3, 44988 MiB, 100 %
2026/10/03 15:42:53.295, 3, 44988 MiB, 100 %
2026/10/03 15:42:54.295, 3, 44988 MiB, 100 %
2026/10/03 15:42:55.296, 3, 44988 MiB, 100 %
2026/10/03 15:42:56.296, 3, 44988 MiB, 100 %
2026/10/03 15:42:57.296, 3, 44988 MiB, 100 %
2026/10/03 15:42:58.296, 3, 44988 MiB, 100 %
2026/10/03 15:42:59.297, 3, 44988 MiB, 100 %
2026/10/03 15:43:00.297, 3, 44988 MiB, 100 %
2026/10/03 15:43:01.297, 3, 44988 MiB, 100 %
2026/10/03 15:43:02.297, 3, 44988 MiB, 100 %
2026/10/03 15:43:03.298, 3, 44988 MiB, 100 %
2026/10/03 15:43:04.298, 3, 44988 MiB, 100 %
2026/10/03 15:43:05.298, 3, 44988 MiB, 100 %
2026/10/03 15:43:06.298, 3, 44988 MiB, 100 %
2026/10/03 15:43:07.299, 3, 44988 MiB, 100 %
2026/10/03 15:43:08.299, 3, 44988 MiB, 100 %
2026/10/03 15:43:09.299, 3, 44988 MiB, 100 %
2026/10/03 15:43:10.299, 3, 44988 MiB, 100 %
2026/10/03 15:43:11.300, 3, 44988 MiB, 100 %
2026/10/03 15:43:12.300, 3, 44988 MiB, 100 %
2026/10/03 15:43:13.300, 3, 44988 MiB, 100 %
2026/10/03 15:43:14.300, 3, 44988 MiB, 100 %
2026/10/03 15:43:15.301, 3, 44988 MiB, 100 %
2026/10/03 15:43:16.301, 3, 44988 MiB, 100 %
2026/10/03 15:43:17.301, 3, 44988 MiB, 100 %
2026/10/03 15:43:18.301, 3, 44988 MiB, 100 %
2026/10/03 15:43:19.301, 3, 44988 MiB, 100 %
2026/10/03 15:43:20.302, 3, 44988 MiB, 100 %
2026/10/03 15:43:21.302, 3, 44988 MiB, 100 %
2026/10/03 15:43:22.302, 3, 44988 MiB, 100 %
2026/10/03 15:43:23.302, 3, 44988 MiB, 100 %
2026/10/03 15:43:24.303, 3, 44988 MiB, 100 %
2026/10/03 15:43:25.303, 3, 44988 MiB, 100 %
2026/10/03 15:43:26.303, 3, 44988 MiB, 100 %
2026/10/03 15:43:27.303, 3, 44988 MiB, 100 %
2026/10/03 15:43:28.304, 3, 44988 MiB, 100 %
2026/10/03 15:43:29.304, 3, 44988 MiB, 100 %
2026/10/03 15:43:30.304, 3, 44988 MiB, 100 %
2026/10/03 15:43:31.304, 3, 44988 MiB, 100 %
2026/10/03 15:43:32.305, 3, 44988 MiB, 100 %
2026/10/03 15:43:33.305, 3, 44988 MiB, 100 %
2026/10/03 15:43:34.305, 3, 44988 MiB, 100 %
2026/10/03 15:43:35.305, 3, 44988 MiB, 100 %
2026/10/03 15:43:36.306, 3, 44988 MiB, 100 %
2026/10/03 15:43:37.306, 3, 44988 MiB, 100 %
2026/10/03 15:43:38.306, 3, 44988 MiB, 100 %
2026/10/03 15:43:39.306, 3, 44988 MiB, 100 %
2026/10/03 15:43:40.307, 3, 44988 MiB, 100 %
2026/10/03 15:43:41.307, 3, 44988 MiB, 100 %
2026/10/03 15:43:42.307, 3, 44988 MiB, 100 %
2026/10/03 15:43:43.307, 3, 44988 MiB, 100 %
2026/10/03 15:43:44.308, 3, 44988 MiB, 100 %
2026/10/03 15:43:45.308, 3, 44988 MiB, 100 %
2026/10/03 15:43:46.308, 3, 44988 MiB, 100 %
2026/10/03 15:43:47.308, 3, 44988 MiB, 100 %
2026/10/03 15:43:48.309, 3, 44988 MiB, 100 %
2026/10/03 15:43:49.309, 3, 44988 MiB, 100 %
2026/10/03 15:43:50.309, 3, 44988 MiB, 100 %
2026/10/03 15:43:51.309, 3, 44988 MiB, 100 %
2026/10/03 15:43:52.310, 3, 44988 MiB, 100 %
2026/10/03 15:43:53.310, 3, 44988 MiB, 100 %
2026/10/03 15:43:54.310, 3, 44988 MiB, 100 %
2026/10/03 15:43:55.310, 3, 44988 MiB, 100 %
2026/10/03 15:43:56.310, 3, 44988 MiB, 100 %
2026/10/03 15:43:57.311, 3, 44988 MiB, 100 %
2026/10/03 15:43:58.311, 3, 44988 MiB, 100 %
2026/10/03 15:43:59.311, 3, 44988 MiB, 100 %
2026/10/03 15:44:00.311, 3, 44988 MiB, 98 %
2026/10/03 15:44:01.312, 3, 44988 MiB, 100 %
2026/10/03 15:44:02.312, 3, 44988 MiB, 100 %
2026/10/03 15:44:03.312, 3, 44988 MiB, 100 %
2026/10/03 15:44:04.312, 3, 44988 MiB, 100 %
2026/10/03 15:44:05.313, 3, 44988 MiB, 100 %
2026/10/03 15:44:06.313, 3, 44988 MiB, 100 %
2026/10/03 15:44:07.313, 3, 44988 MiB, 100 %
2026/10/03 15:44:08.314, 3, 44988 MiB, 100 %
2026/10/03 15:44:09.314, 3, 44988 MiB, 100 %
2026/10/03 15:44:10.314, 3, 44988 MiB, 100 %
2026/10/03 15:44:11.314, 3, 44988 MiB, 100 %
2026/10/03 15:44:12.315, 3, 44988 MiB, 100 %
2026/10/03 15:44:13.315, 3, 44988 MiB, 100 %
2026/10/03 15:44:14.315, 3, 44988 MiB, 100 %
2026/10/03 15:44:15.315, 3, 44988 MiB, 100 %
2026/10/03 15:44:16.316, 3, 44988 MiB, 100 %
2026/10/03 15:44:17.316, 3, 44988 MiB, 100 %
2026/10/03 15:44:18.316, 3, 44988 MiB, 100 %
2026/10/03 15:44:19.316, 3, 44988 MiB, 100 %
2026/10/03 15:44:20.317, 3, 44988 MiB, 100 %
2026/10/03 15:44:21.317, 3, 44988 MiB, 100 %
2026/10/03 15:44:22.317, 3, 44988 MiB, 100 %
2026/10/03 15:44:23.317, 3, 44988 MiB, 100 %
2026/10/03 15:44:24.318, 3, 44988 MiB, 100 %
2026/10/03 15:44:25.318, 3, 44988 MiB, 100 %
2026/10/03 15:44:26.318, 3, 44988 MiB, 100 %
2026/10/03 15:44:27.318, 3, 44988 MiB, 100 %
2026/10/03 15:44:28.319, 3, 44988 MiB, 100 %
2026/10/03 15:44:29.319, 3, 44988 MiB, 100 %
2026/10/03 15:44:30.319, 3, 44988 MiB, 100 %
2026/10/03 15:44:31.320, 3, 44988 MiB, 100 %
2026/10/03 15:44:32.320, 3, 44988 MiB, 100 %
2026/10/03 15:44:33.320, 3, 44988 MiB, 100 %
2026/10/03 15:44:34.320, 3, 44988 MiB, 100 %
2026/10/03 15:44:35.321, 3, 44988 MiB, 100 %
2026/10/03 15:44:36.321, 3, 44988 MiB, 100 %
2026/10/03 15:44:37.321, 3, 44988 MiB, 100 %
2026/10/03 15:44:38.321, 3, 44988 MiB, 100 %
2026/10/03 15:44:39.322, 3, 44988 MiB, 100 %
2026/10/03 15:44:40.322, 3, 44988 MiB, 100 %
2026/10/03 15:44:41.322, 3, 44988 MiB, 100 %
2026/10/03 15:44:42.322, 3, 44988 MiB, 100 %
2026/10/03 15:44:43.323, 3, 44988 MiB, 100 %
2026/10/03 15:44:44.323, 3, 44988 MiB, 100 %
2026/10/03 15:44:45.323, 3, 44988 MiB, 100 %
2026/10/03 15:44:46.323, 3, 44988 MiB, 100 %
2026/10/03 15:44:47.324, 3, 44988 MiB, 100 %
2026/10/03 15:44:48.324, 3, 44988 MiB, 100 %
2026/10/03 15:44:49.324, 3, 44988 MiB, 100 %
2026/10/03 15:44:50.325, 3, 44988 MiB, 100 %
2026/10/03 15:44:51.325, 3, 44988 MiB, 100 %
2026/10/03 15:44:52.325, 3, 44988 MiB, 100 %
2026/10/03 15:44:53.325, 3, 44988 MiB, 100 %
2026/10/03 15:44:54.326, 3, 44988 MiB, 100 %
2026/10/03 15:44:55.326, 3, 44988 MiB, 100 %
2026/10/03 15:44:56.326, 3, 44988 MiB, 100 %
2026/10/03 15:44:57.326, 3, 44988 MiB, 100 %
2026/10/03 15:44:58.327, 3, 44988 MiB, 100 %
2026/10/03 15:44:59.327, 3, 44988 MiB, 100 %
2026/10/03 15:45:00.327, 3, 44988 MiB, 100 %
2026/10/03 15:45:01.327, 3, 44988 MiB, 100 %
2026/10/03 15:45:02.328, 3, 44988 MiB, 100 %
2026/10/03 15:45:03.328, 3, 44988 MiB, 100 %
2026/10/03 15:45:04.328, 3, 44988 MiB, 100 %
2026/10/03 15:45:05.328, 3, 44988 MiB, 100 %
2026/10/03 15:45:06.329, 3, 44988 MiB, 100 %
2026/10/03 15:45:07.329, 3, 44988 MiB, 100 %
2026/10/03 15:45:08.329, 3, 44988 MiB, 100 %
2026/10/03 15:45:09.330, 3, 44988 MiB, 100 %
2026/10/03 15:45:10.330, 3, 44988 MiB, 100 %
2026/10/03 15:45:11.330, 3, 44988 MiB, 100 %
2026/10/03 15:45:12.330, 3, 44988 MiB, 100 %
2026/10/03 15:45:13.331, 3, 44988 MiB, 100 %
2026/10/03 15:45:14.331, 3, 44988 MiB, 100 %
2026/10/03 15:45:15.331, 3, 44988 MiB, 100 %
2026/10/03 15:45:16.331, 3, 44988 MiB, 100 %
2026/10/03 15:45:17.332, 3, 44988 MiB, 100 %
2026/10/03 15:45:18.332, 3, 44988 MiB, 100 %
2026/10/03 15:45:19.332, 3, 44988 MiB, 100 %
2026/10/03 15:45:20.332, 3, 44988 MiB, 100 %
2026/10/03 15:45:21.333, 3, 44988 MiB, 100 %
2026/10/03 15:45:22.333, 3, 44988 MiB, 100 %
2026/10/03 15:45:23.333, 3, 44988 MiB, 100 %
2026/10/03 15:45:24.333, 3, 44988 MiB, 100 %
2026/10/03 15:45:25.334, 3, 44988 MiB, 100 %
2026/10/03 15:45:26.334, 3, 44988 MiB, 100 %
2026/10/03 15:45:27.334, 3, 44988 MiB, 100 %
2026/10/03 15:45:28.334, 3, 44988 MiB, 100 %
2026/10/03 15:45:29.335, 3, 44988 MiB, 100 %
2026/10/03 15:45:30.335, 3, 44988 MiB, 100 %
2026/10/03 15:45:31.335, 3, 44988 MiB, 100 %
2026/10/03 15:45:32.335, 3, 44988 MiB, 100 %
2026/10/03 15:45:33.336, 3, 44988 MiB, 89 %
2026/10/03 15:45:34.336, 3, 44988 MiB, 100 %
2026/10/03 15:45:35.336, 3, 44988 MiB, 100 %
2026/10/03 15:45:36.336, 3, 44988 MiB, 100 %
2026/10/03 15:45:37.337, 3, 44988 MiB, 100 %
2026/10/03 15:45:38.337, 3, 44988 MiB, 100 %
2026/10/03 15:45:39.337, 3, 44988 MiB, 100 %
2026/10/03 15:45:40.337, 3, 44988 MiB, 100 %
2026/10/03 15:45:41.338, 3, 44988 MiB, 100 %
2026/10/03 15:45:42.338, 3, 44988 MiB, 100 %
2026/10/03 15:45:43.338, 3, 44988 MiB, 100 %
2026/10/03 15:45:44.339, 3, 44988 MiB, 100 %
2026/10/03 15:45:45.339, 3, 44988 MiB, 100 %
2026/10/03 15:45:46.339, 3, 44988 MiB, 100 %
2026/10/03 15:45:47.339, 3, 44988 MiB, 100 %
2026/10/03 15:45:48.340, 3, 44988 MiB, 100 %
2026/10/03 15:45:49.340, 3, 44988 MiB, 100 %
2026/10/03 15:45:50.340, 3, 44988 MiB, 100 %
2026/10/03 15:45:51.340, 3, 44988 MiB, 100 %
2026/10/03 15:45:52.341, 3, 44988 MiB, 100 %
2026/10/03 15:45:53.341, 3, 44988 MiB, 100 %
2026/10/03 15:45:54.341, 3, 44988 MiB, 100 %
2026/10/03 15:45:55.341, 3, 44988 MiB, 100 %
2026/10/03 15:45:56.342, 3, 44988 MiB, 100 %
2026/10/03 15:45:57.342, 3, 44988 MiB, 100 %
2026/10/03 15:45:58.342, 3, 44988 MiB, 100 %
2026/10/03 15:45:59.342, 3, 44988 MiB, 100 %
2026/10/03 15:46:00.343, 3, 44988 MiB, 100 %
2026/10/03 15:46:01.343, 3, 44988 MiB, 100 %
2026/10/03 15:46:02.343, 3, 44988 MiB, 100 %
2026/10/03 15:46:03.343, 3, 44988 MiB, 100 %
2026/10/03 15:46:04.344, 3, 44988 MiB, 100 %
2026/10/03 15:46:05.344, 3, 44988 MiB, 100 %
2026/10/03 15:46:06.344, 3, 44988 MiB, 100 %
2026/10/03 15:46:07.344, 3, 44988 MiB, 100 %
2026/10/03 15:46:08.345, 3, 44988 MiB, 100 %
2026/10/03 15:46:09.345, 3, 44988 MiB, 100 %
2026/10/03 15:46:10.345, 3, 44988 MiB, 100 %
2026/10/03 15:46:11.345, 3, 44988 MiB, 100 %
2026/10/03 15:46:12.346, 3, 44988 MiB, 100 %
2026/10/03 15:46:13.346, 3, 44988 MiB, 100 %
2026/10/03 15:46:14.346, 3, 44988 MiB, 100 %
2026/10/03 15:46:15.347, 3, 44988 MiB, 100 %
2026/10/03 15:46:16.347, 3, 44988 MiB, 100 %
2026/10/03 15:46:17.347, 3, 44988 MiB, 100 %
2026/10/03 15:46:18.347, 3, 44988 MiB, 100 %
2026/10/03 15:46:19.348, 3, 44988 MiB, 100 %
2026/10/03 15:46:20.348, 3, 44988 MiB, 100 %
2026/10/03 15:46:21.348, 3, 44988 MiB, 100 %
2026/10/03 15:46:22.348, 3, 44988 MiB, 100 %
2026/10/03 15:46:23.349, 3, 44988 MiB, 100 %
2026/10/03 15:46:24.349, 3, 44988 MiB, 100 %
2026/10/03 15:46:25.349, 3, 44988 MiB, 100 %
2026/10/03 15:46:26.349, 3, 44988 MiB, 100 %
2026/10/03 15:46:27.350, 3, 44988 MiB, 100 %
2026/10/03 15:46:28.350, 3, 44988 MiB, 100 %
2026/10/03 15:46:29.350, 3, 44988 MiB, 100 %
2026/10/03 15:46:30.351, 3, 44988 MiB, 100 %
2026/10/03 15:46:31.351, 3, 44988 MiB, 100 %
2026/10/03 15:46:32.351, 3, 44988 MiB, 100 %
2026/10/03 15:46:33.351, 3, 44988 MiB, 100 %
2026/10/03 15:46:34.352, 3, 44988 MiB, 100 %
2026/10/03 15:46:35.352, 3, 44988 MiB, 100 %
2026/10/03 15:46:36.352, 3, 44988 MiB, 100 %
2026/10/03 15:46:37.353, 3, 44988 MiB, 100 %
2026/10/03 15:46:38.353, 3, 44988 MiB, 100 %
2026/10/03 15:46:39.353, 3, 44988 MiB, 100 %
2026/10/03 15:46:40.353, 3, 44988 MiB, 100 %
2026/10/03 15:46:41.354, 3, 44988 MiB, 100 %
2026/10/03 15:46:42.354, 3, 44988 MiB, 100 %
2026/10/03 15:46:43.354, 3, 44988 MiB, 100 %
2026/10/03 15:46:44.355, 3, 44988 MiB, 100 %
2026/10/03 15:46:45.355, 3, 44988 MiB, 100 %
2026/10/03 15:46:46.355, 3, 44988 MiB, 100 %
2026/10/03 15:46:47.355, 3, 44988 MiB, 100 %
2026/10/03 15:46:48.356, 3, 44988 MiB, 100 %
2026/10/03 15:46:49.356, 3, 44988 MiB, 100 %
2026/10/03 15:46:50.356, 3, 44988 MiB, 100 %
2026/10/03 15:46:51.356, 3, 44988 MiB, 100 %
2026/10/03 15:46:52.357, 3, 44988 MiB, 100 %
2026/10/03 15:46:53.357, 3, 44988 MiB, 100 %
2026/10/03 15:46:54.357, 3, 44988 MiB, 100 %
2026/10/03 15:46:55.358, 3, 44988 MiB, 100 %
2026/10/03 15:46:56.358, 3, 44988 MiB, 100 %
2026/10/03 15:46:57.358, 3, 44988 MiB, 100 %
2026/10/03 15:46:58.358, 3, 44988 MiB, 100 %
2026/10/03 15:46:59.359, 3, 44988 MiB, 100 %
2026/10/03 15:47:00.359, 3, 44988 MiB, 100 %
2026/10/03 15:47:01.359, 3, 44988 MiB, 100 %
2026/10/03 15:47:02.359, 3, 44988 MiB, 100 %
2026/10/03 15:47:03.360, 3, 44988 MiB, 100 %
2026/10/03 15:47:04.360, 3, 44988 MiB, 100 %
2026/10/03 15:47:05.360, 3, 44988 MiB, 100 %
2026/10/03 15:47:06.360, 3, 44988 MiB, 100 %
2026/10/03 15:47:07.361, 3, 44988 MiB, 100 %
2026/10/03 15:47:08.361, 3, 44988 MiB, 100 %
2026/10/03 15:47:09.361, 3, 44988 MiB, 100 %
2026/10/03 15:47:10.361, 3, 44988 MiB, 100 %
2026/10/03 15:47:11.362, 3, 44988 MiB, 100 %
2026/10/03 15:47:12.362, 3, 44988 MiB, 100 %
2026/10/03 15:47:13.362, 3, 44988 MiB, 100 %
2026/10/03 15:47:14.363, 3, 44988 MiB, 100 %
2026/10/03 15:47:15.363, 3, 44988 MiB, 100 %
2026/10/03 15:47:16.363, 3, 44988 MiB, 100 %
2026/10/03 15:47:17.363, 3, 44988 MiB, 100 %
2026/10/03 15:47:18.364, 3, 44988 MiB, 100 %
2026/10/03 15:47:19.364, 3, 44988 MiB, 100 %
2026/10/03 15:47:20.364, 3, 44988 MiB, 100 %
2026/10/03 15:47:21.364, 3, 44988 MiB, 100 %
2026/10/03 15:47:22.365, 3, 44988 MiB, 100 %
2026/10/03 15:47:23.365, 3, 44988 MiB, 100 %
2026/10/03 15:47:24.365, 3, 44988 MiB, 100 %
2026/10/03 15:47:25.365, 3, 44988 MiB, 100 %
2026/10/03 15:47:26.366, 3, 44988 MiB, 100 %
2026/10/03 15:47:27.366, 3, 44988 MiB, 100 %
2026/10/03 15:47:28.366, 3, 44988 MiB, 100 %
2026/10/03 15:47:29.367, 3, 44988 MiB, 100 %
2026/10/03 15:47:30.367, 3, 44988 MiB, 100 %
2026/10/03 15:47:31.367, 3, 44988 MiB, 100 %
2026/10/03 15:47:32.367, 3, 44988 MiB, 100 %
2026/10/03 15:47:33.368, 3, 44988 MiB, 100 %
2026/10/03 15:47:34.368, 3, 44988 MiB, 100 %
2026/10/03 15:47:35.368, 3, 44988 MiB, 100 %
2026/10/03 15:47:36.369, 3, 44988 MiB, 100 %
2026/10/03 15:47:37.369, 3, 44988 MiB, 100 %
2026/10/03 15:47:38.369, 3, 44988 MiB, 100 %
2026/10/03 15:47:39.369, 3, 44988 MiB, 100 %
2026/10/03 15:47:40.370, 3, 44988 MiB, 100 %
2026/10/03 15:47:41.370, 3, 44988 MiB, 100 %
2026/10/03 15:47:42.370, 3, 44988 MiB, 100 %
2026/10/03 15:47:43.370, 3, 44988 MiB, 100 %
2026/10/03 15:47:44.371, 3, 44988 MiB, 100 %
2026/10/03 15:47:45.371, 3, 44988 MiB, 100 %
2026/10/03 15:47:46.371, 3, 44988 MiB, 100 %
2026/10/03 15:47:47.371, 3, 44988 MiB, 100 %
2026/10/03 15:47:48.372, 3, 44988 MiB, 100 %
2026/10/03 15:47:49.372, 3, 44988 MiB, 100 %
2026/10/03 15:47:50.372, 3, 44988 MiB, 100 %
2026/10/03 15:47:51.373, 3, 44988 MiB, 100 %
2026/10/03 15:47:52.373, 3, 44988 MiB, 100 %
2026/10/03 15:47:53.373, 3, 44988 MiB, 100 %
2026/10/03 15:47:54.373, 3, 44988 MiB, 100 %
2026/10/03 15:47:55.374, 3, 44988 MiB, 100 %
2026/10/03 15:47:56.374, 3, 44988 MiB, 100 %
2026/10/03 15:47:57.374, 3, 44988 MiB, 100 %
2026/10/03 15:47:58.375, 3, 44988 MiB, 100 %
2026/10/03 15:47:59.375, 3, 44988 MiB, 100 %
2026/10/03 15:48:00.375, 3, 44988 MiB, 100 %
2026/10/03 15:48:01.375, 3, 44988 MiB, 100 %
2026/10/03 15:48:02.376, 3, 44988 MiB, 100 %
2026/10/03 15:48:03.376, 3, 44988 MiB, 100 %
2026/10/03 15:48:04.376, 3, 44988 MiB, 100 %
2026/10/03 15:48:05.376, 3, 44988 MiB, 100 %
2026/10/03 15:48:06.377, 3, 44988 MiB, 100 %
2026/10/03 15:48:07.377, 3, 44988 MiB, 100 %
2026/10/03 15:48:08.377, 3, 44988 MiB, 100 %
2026/10/03 15:48:09.377, 3, 44988 MiB, 100 %
2026/10/03 15:48:10.378, 3, 44988 MiB, 100 %
2026/10/03 15:48:11.378, 3, 44988 MiB, 100 %
2026/10/03 15:48:12.378, 3, 44988 MiB, 100 %
2026/10/03 15:48:13.378, 3, 44988 MiB, 100 %
2026/10/03 15:48:14.379, 3, 44988 MiB, 100 %
2026/10/03 15:48:15.379, 3, 44988 MiB, 100 %
2026/10/03 15:48:16.379, 3, 44988 MiB, 100 %
2026/10/03 15:48:17.380, 3, 44988 MiB, 100 %
2026/10/03 15:48:18.380, 3, 44988 MiB, 100 %
2026/10/03 15:48:19.380, 3, 44988 MiB, 100 %
2026/10/03 15:48:20.380, 3, 44988 MiB, 100 %
2026/10/03 15:48:21.381, 3, 44988 MiB, 100 %
2026/10/03 15:48:22.381, 3, 44988 MiB, 100 %
2026/10/03 15:48:23.381, 3, 44988 MiB, 100 %
2026/10/03 15:48:24.381, 3, 44988 MiB, 100 %
2026/10/03 15:48:25.382, 3, 44988 MiB, 100 %
2026/10/03 15:48:26.382, 3, 44988 MiB, 100 %
2026/10/03 15:48:27.382, 3, 44988 MiB, 100 %
2026/10/03 15:48:28.382, 3, 44988 MiB, 100 %
2026/10/03 15:48:29.383, 3, 44988 MiB, 100 %
2026/10/03 15:48:30.383, 3, 44988 MiB, 100 %
2026/10/03 15:48:31.383, 3, 44988 MiB, 100 %
2026/10/03 15:48:32.383, 3, 44988 MiB, 100 %
2026/10/03 15:48:33.384, 3, 44988 MiB, 100 %
2026/10/03 15:48:34.384, 3, 44988 MiB, 100 %
2026/10/03 15:48:35.384, 3, 44988 MiB, 100 %
2026/10/03 15:48:36.384, 3, 44988 MiB, 100 %
2026/10/03 15:48:37.385, 3, 44988 MiB, 100 %
2026/10/03 15:48:38.385, 3, 44988 MiB, 100 %
2026/10/03 15:48:39.385, 3, 44988 MiB, 100 %
2026/10/03 15:48:40.385, 3, 44988 MiB, 100 %
2026/10/03 15:48:41.386, 3, 44988 MiB, 100 %
2026/10/03 15:48:42.386, 3, 44988 MiB, 100 %
2026/10/03 15:48:43.386, 3, 44988 MiB, 100 %
2026/10/03 15:48:44.386, 3, 44988 MiB, 100 %
2026/10/03 15:48:45.387, 3, 44988 MiB, 100 %
2026/10/03 15:48:46.387, 3, 44988 MiB, 100 %
2026/10/03 15:48:47.387, 3, 44988 MiB, 100 %
2026/10/03 15:48:48.387, 3, 44988 MiB, 100 %
2026/10/03 15:48:49.388, 3, 44988 MiB, 100 %
2026/10/03 15:48:50.388, 3, 44988 MiB, 100 %
2026/10/03 15:48:51.388, 3, 44988 MiB, 100 %
2026/10/03 15:48:52.389, 3, 44988 MiB, 100 %
2026/10/03 15:48:53.389, 3, 44988 MiB, 100 %
2026/10/03 15:48:54.389, 3, 44988 MiB, 100 %
2026/10/03 15:48:55.389, 3, 44988 MiB, 100 %
2026/10/03 15:48:56.390, 3, 44988 MiB, 100 %
2026/10/03 15:48:57.390, 3, 44988 MiB, 100 %
2026/10/03 15:48:58.390, 3, 44988 MiB, 100 %
2026/10/03 15:48:59.390, 3, 44988 MiB, 100 %
2026/10/03 15:49:00.391, 3, 44988 MiB, 100 %
2026/10/03 15:49:01.391, 3, 44988 MiB, 100 %
2026/10/03 15:49:02.391, 3, 44988 MiB, 100 %
2026/10/03 15:49:03.391, 3, 44988 MiB, 100 %
2026/10/03 15:49:04.392, 3, 44988 MiB, 100 %
2026/10/03 15:49:05.392, 3, 44988 MiB, 100 %
2026/10/03 15:49:06.392, 3, 44988 MiB, 100 %
2026/10/03 15:49:07.392, 3, 44988 MiB, 100 %
2026/10/03 15:49:08.393, 3, 44988 MiB, 100 %
2026/10/03 15:49:09.393, 3, 44988 MiB, 100 %
2026/10/03 15:49:10.393, 3, 44988 MiB, 100 %
2026/10/03 15:49:11.393, 3, 44988 MiB, 100 %
2026/10/03 15:49:12.394, 3, 44988 MiB, 100 %
2026/10/03 15:49:13.394, 3, 44988 MiB, 100 %
2026/10/03 15:49:14.394, 3, 44988 MiB, 100 %
2026/10/03 15:49:15.394, 3, 44988 MiB, 100 %
2026/10/03 15:49:16.395, 3, 44988 MiB, 100 %
2026/10/03 15:49:17.395, 3, 44988 MiB, 100 %
2026/10/03 15:49:18.395, 3, 44988 MiB, 100 %
2026/10/03 15:49:19.395, 3, 44988 MiB, 100 %
2026/10/03 15:49:20.396, 3, 44988 MiB, 100 %
2026/10/03 15:49:21.396, 3, 44988 MiB, 100 %
2026/10/03 15:49:22.396, 3, 44988 MiB, 100 %
2026/10/03 15:49:23.396, 3, 44988 MiB, 100 %
2026/10/03 15:49:24.397, 3, 44988 MiB, 100 %
2026/10/03 15:49:25.397, 3, 44988 MiB, 100 %
2026/10/03 15:49:26.397, 3, 44988 MiB, 100 %
2026/10/03 15:49:27.397, 3, 44988 MiB, 100 %
2026/10/03 15:49:28.398, 3, 44988 MiB, 100 %
2026/10/03 15:49:29.398, 3, 44988 MiB, 100 %
2026/10/03 15:49:30.398, 3, 44988 MiB, 100 %
2026/10/03 15:49:31.399, 3, 44988 MiB, 100 %
2026/10/03 15:49:32.399, 3, 44988 MiB, 100 %
2026/10/03 15:49:33.399, 3, 44988 MiB, 100 %
2026/10/03 15:49:34.399, 3, 44988 MiB, 100 %
2026/10/03 15:49:35.400, 3, 44988 MiB, 100 %
2026/10/03 15:49:36.400, 3, 44988 MiB, 100 %
2026/10/03 15:49:37.400, 3, 44988 MiB, 100 %
2026/10/03 15:49:38.400, 3, 44988 MiB, 100 %
2026/10/03 15:49:39.400, 3, 44988 MiB, 100 %
2026/10/03 15:49:40.400, 3, 44988 MiB, 100 %
2026/10/03 15:49:41.400, 3, 44988 MiB, 100 %
2026/10/03 15:49:42.400, 3, 44988 MiB, 100 %
2026/10/03 15:49:43.401, 3, 44988 MiB, 100 %
2026/10/03 15:49:44.401, 3, 44988 MiB, 100 %
2026/10/03 15:49:45.401, 3, 44988 MiB, 100 %
2026/10/03 15:49:46.401, 3, 44988 MiB, 100 %
2026/10/03 15:49:47.401, 3, 44988 MiB, 100 %
2026/10/03 15:49:48.401, 3, 44988 MiB, 100 %
2026/10/03 15:49:49.401, 3, 44988 MiB, 100 %
2026/10/03 15:49:50.401, 3, 44988 MiB, 100 %
2026/10/03 15:49:51.401, 3, 44988 MiB, 100 %
2026/10/03 15:49:52.402, 3, 44988 MiB, 100 %
2026/10/03 15:49:53.402, 3, 44988 MiB, 100 %
2026/10/03 15:49:54.402, 3, 44988 MiB, 100 %
2026/10/03 15:49:55.402, 3, 44988 MiB, 100 %
2026/10/03 15:49:56.402, 3, 44988 MiB, 100 %
2026/10/03 15:49:57.402, 3, 44988 MiB, 100 %
2026/10/03 15:49:58.402, 3, 44988 MiB, 100 %
2026/10/03 15:49:59.402, 3, 44988 MiB, 100 %
2026/10/03 15:50:00.402, 3, 44988 MiB, 100 %
2026/10/03 15:50:01.402, 3, 44988 MiB, 100 %
2026/10/03 15:50:02.403, 3, 44988 MiB, 100 %
2026/10/03 15:50:03.403, 3, 44988 MiB, 100 %
2026/10/03 15:50:04.403, 3, 44988 MiB, 100 %
2026/10/03 15:50:05.403, 3, 44988 MiB, 100 %
2026/10/03 15:50:06.403, 3, 44988 MiB, 100 %
2026/10/03 15:50:07.403, 3, 44988 MiB, 100 %
2026/10/03 15:50:08.403, 3, 44988 MiB, 100 %
2026/10/03 15:50:09.403, 3, 44988 MiB, 100 %
2026/10/03 15:50:10.403, 3, 44988 MiB, 100 %
2026/10/03 15:50:11.404, 3, 44988 MiB, 100 %
2026/10/03 15:50:12.404, 3, 44988 MiB, 100 %
2026/10/03 15:50:13.404, 3, 44988 MiB, 100 %
2026/10/03 15:50:14.404, 3, 44988 MiB, 100 %
2026/10/03 15:50:15.404, 3, 44988 MiB, 100 %
2026/10/03 15:50:16.404, 3, 44988 MiB, 100 %
2026/10/03 15:50:17.404, 3, 44988 MiB, 100 %
2026/10/03 15:50:18.404, 3, 44988 MiB, 100 %
2026/10/03 15:50:19.404, 3, 44988 MiB, 100 %
2026/10/03 15:50:20.404, 3, 44988 MiB, 100 %
2026/10/03 15:50:21.404, 3, 44988 MiB, 100 %
2026/10/03 15:50:22.405, 3, 44988 MiB, 100 %
2026/10/03 15:50:23.405, 3, 44988 MiB, 100 %
2026/10/03 15:50:24.405, 3, 44988 MiB, 100 %
2026/10/03 15:50:25.405, 3, 44988 MiB, 100 %
2026/10/03 15:50:26.406, 3, 44988 MiB, 100 %
2026/10/03 15:50:27.406, 3, 44988 MiB, 100 %
2026/10/03 15:50:28.406, 3, 44988 MiB, 100 %
2026/10/03 15:50:29.407, 3, 44988 MiB, 100 %
2026/10/03 15:50:30.407, 3, 44988 MiB, 100 %
2026/10/03 15:50:31.407, 3, 44988 MiB, 100 %
2026/10/03 15:50:32.407, 3, 44988 MiB, 100 %
2026/10/03 15:50:33.408, 3, 44988 MiB, 100 %
2026/10/03 15:50:34.408, 3, 44988 MiB, 100 %
2026/10/03 15:50:35.408, 3, 44988 MiB, 100 %
2026/10/03 15:50:36.408, 3, 44988 MiB, 100 %
2026/10/03 15:50:37.409, 3, 44988 MiB, 100 %
2026/10/03 15:50:38.409, 3, 44988 MiB, 100 %
2026/10/03 15:50:39.409, 3, 44988 MiB, 100 %
2026/10/03 15:50:40.409, 3, 44988 MiB, 100 %
2026/10/03 15:50:41.410, 3, 44988 MiB, 100 %
2026/10/03 15:50:42.410, 3, 44988 MiB, 100 %
2026/10/03 15:50:43.410, 3, 44988 MiB, 100 %
2026/10/03 15:50:44.411, 3, 44988 MiB, 100 %
2026/10/03 15:50:45.411, 3, 44988 MiB, 100 %
2026/10/03 15:50:46.411, 3, 44988 MiB, 100 %
2026/10/03 15:50:47.413, 3, 44988 MiB, 100 %
2026/10/03 15:50:48.413, 3, 44988 MiB, 100 %
2026/10/03 15:50:49.414, 3, 44988 MiB, 100 %
2026/10/03 15:50:50.414, 3, 44988 MiB, 100 %
2026/10/03 15:50:51.414, 3, 44988 MiB, 100 %
2026/10/03 15:50:52.414, 3, 44988 MiB, 100 %
2026/10/03 15:50:53.415, 3, 44988 MiB, 100 %
2026/10/03 15:50:54.415, 3, 44988 MiB, 100 %
2026/10/03 15:50:55.415, 3, 44988 MiB, 100 %
2026/10/03 15:50:56.415, 3, 44988 MiB, 100 %
2026/10/03 15:50:57.416, 3, 44988 MiB, 100 %
2026/10/03 15:50:58.416, 3, 44988 MiB, 100 %
2026/10/03 15:50:59.416, 3, 44988 MiB, 100 %
2026/10/03 15:51:00.416, 3, 44988 MiB, 100 %
2026/10/03 15:51:01.417, 3, 44988 MiB, 100 %
2026/10/03 15:51:02.417, 3, 44988 MiB, 100 %
2026/10/03 15:51:03.417, 3, 44988 MiB, 100 %
2026/10/03 15:51:04.417, 3, 44988 MiB, 100 %
2026/10/03 15:51:05.418, 3, 44988 MiB, 100 %
2026/10/03 15:51:06.418, 3, 44988 MiB, 100 %
2026/10/03 15:51:07.418, 3, 44988 MiB, 100 %
2026/10/03 15:51:08.419, 3, 44988 MiB, 100 %
2026/10/03 15:51:09.419, 3, 44988 MiB, 100 %
2026/10/03 15:51:10.419, 3, 44988 MiB, 100 %
2026/10/03 15:51:11.419, 3, 44988 MiB, 100 %
2026/10/03 15:51:12.420, 3, 44988 MiB, 100 %
2026/10/03 15:51:13.420, 3, 44988 MiB, 100 %
2026/10/03 15:51:14.420, 3, 44988 MiB, 100 %
2026/10/03 15:51:15.420, 3, 44988 MiB, 100 %
2026/10/03 15:51:16.420, 3, 44988 MiB, 100 %
2026/10/03 15:51:17.421, 3, 44988 MiB, 100 %
2026/10/03 15:51:18.421, 3, 44988 MiB, 100 %
2026/10/03 15:51:19.421, 3, 44988 MiB, 100 %
2026/10/03 15:51:20.421, 3, 44988 MiB, 100 %
2026/10/03 15:51:21.422, 3, 44988 MiB, 100 %
2026/10/03 15:51:22.422, 3, 44988 MiB, 100 %
2026/10/03 15:51:23.422, 3, 44988 MiB, 100 %
2026/10/03 15:51:24.422, 3, 44988 MiB, 100 %
2026/10/03 15:51:25.423, 3, 44988 MiB, 100 %
2026/10/03 15:51:26.423, 3, 44988 MiB, 100 %
2026/10/03 15:51:27.423, 3, 44988 MiB, 100 %
2026/10/03 15:51:28.423, 3, 44988 MiB, 100 %
2026/10/03 15:51:29.424, 3, 44988 MiB, 100 %
2026/10/03 15:51:30.424, 3, 44988 MiB, 100 %
2026/10/03 15:51:31.424, 3, 44988 MiB, 100 %
2026/10/03 15:51:32.425, 3, 44988 MiB, 100 %
2026/10/03 15:51:33.425, 3, 44988 MiB, 100 %
2026/10/03 15:51:34.425, 3, 44988 MiB, 100 %
2026/10/03 15:51:35.425, 3, 44988 MiB, 100 %
2026/10/03 15:51:36.426, 3, 44988 MiB, 100 %
2026/10/03 15:51:37.426, 3, 44988 MiB, 100 %
2026/10/03 15:51:38.426, 3, 44988 MiB, 100 %
2026/10/03 15:51:39.427, 3, 44988 MiB, 100 %
2026/10/03 15:51:40.427, 3, 44988 MiB, 100 %
2026/10/03 15:51:41.427, 3, 44988 MiB, 100 %
2026/10/03 15:51:42.427, 3, 44988 MiB, 100 %
2026/10/03 15:51:43.428, 3, 44988 MiB, 100 %
2026/10/03 15:51:44.428, 3, 44988 MiB, 100 %
2026/10/03 15:51:45.428, 3, 44988 MiB, 100 %
2026/10/03 15:51:46.428, 3, 44988 MiB, 100 %
2026/10/03 15:51:47.429, 3, 44988 MiB, 100 %
2026/10/03 15:51:48.429, 3, 44988 MiB, 100 %
2026/10/03 15:51:49.429, 3, 44988 MiB, 100 %
2026/10/03 15:51:50.430, 3, 44988 MiB, 100 %
2026/10/03 15:51:51.430, 3, 44988 MiB, 100 %
2026/10/03 15:51:52.430, 3, 44988 MiB, 100 %
2026/10/03 15:51:53.430, 3, 44988 MiB, 100 %
2026/10/03 15:51:54.430, 3, 44988 MiB, 100 %
2026/10/03 15:51:55.431, 3, 44988 MiB, 100 %
2026/10/03 15:51:56.431, 3, 44988 MiB, 100 %
2026/10/03 15:51:57.431, 3, 44988 MiB, 100 %
2026/10/03 15:51:58.431, 3, 44988 MiB, 100 %
2026/10/03 15:51:59.432, 3, 44988 MiB, 100 %
2026/10/03 15:52:00.432, 3, 44988 MiB, 100 %
2026/10/03 15:52:01.432, 3, 44988 MiB, 100 %
2026/10/03 15:52:02.432, 3, 44988 MiB, 100 %
2026/10/03 15:52:03.433, 3, 44988 MiB, 100 %
2026/10/03 15:52:04.433, 3, 44988 MiB, 100 %
2026/10/03 15:52:05.433, 3, 44988 MiB, 100 %
2026/10/03 15:52:06.433, 3, 44988 MiB, 100 %
2026/10/03 15:52:07.434, 3, 44988 MiB, 100 %
2026/10/03 15:52:08.434, 3, 44988 MiB, 100 %
2026/10/03 15:52:09.434, 3, 44988 MiB, 100 %
2026/10/03 15:52:10.435, 3, 44988 MiB, 100 %
2026/10/03 15:52:11.435, 3, 44988 MiB, 100 %
2026/10/03 15:52:12.435, 3, 44988 MiB, 100 %
2026/10/03 15:52:13.435, 3, 44988 MiB, 100 %
2026/10/03 15:52:14.436, 3, 44988 MiB, 100 %
2026/10/03 15:52:15.436, 3, 44988 MiB, 100 %
2026/10/03 15:52:16.436, 3, 44988 MiB, 100 %
2026/10/03 15:52:17.436, 3, 44988 MiB, 99 %
2026/10/03 15:52:18.437, 3, 44988 MiB, 100 %
2026/10/03 15:52:19.438, 3, 44988 MiB, 100 %
2026/10/03 15:52:20.439, 3, 44988 MiB, 100 %
2026/10/03 15:52:21.439, 3, 44988 MiB, 100 %
2026/10/03 15:52:22.439, 3, 44988 MiB, 100 %
2026/10/03 15:52:23.439, 3, 44988 MiB, 100 %
2026/10/03 15:52:24.440, 3, 44988 MiB, 100 %
2026/10/03 15:52:25.440, 3, 44988 MiB, 100 %
2026/10/03 15:52:26.440, 3, 44988 MiB, 100 %
2026/10/03 15:52:27.441, 3, 44988 MiB, 100 %
2026/10/03 15:52:28.441, 3, 44988 MiB, 100 %
2026/10/03 15:52:29.441, 3, 44988 MiB, 100 %
2026/10/03 15:52:30.441, 3, 44988 MiB, 100 %
2026/10/03 15:52:31.442, 3, 44988 MiB, 100 %
2026/10/03 15:52:32.442, 3, 44988 MiB, 100 %
2026/10/03 15:52:33.442, 3, 44988 MiB, 100 %
2026/10/03 15:52:34.443, 3, 44988 MiB, 100 %
2026/10/03 15:52:35.443, 3, 44988 MiB, 100 %
2026/10/03 15:52:36.443, 3, 44988 MiB, 100 %
2026/10/03 15:52:37.443, 3, 44988 MiB, 100 %
2026/10/03 15:52:38.444, 3, 44988 MiB, 100 %
2026/10/03 15:52:39.444, 3, 44988 MiB, 100 %
2026/10/03 15:52:40.444, 3, 44988 MiB, 100 %
2026/10/03 15:52:41.444, 3, 44988 MiB, 100 %
2026/10/03 15:52:42.445, 3, 44988 MiB, 100 %
2026/10/03 15:52:43.445, 3, 44988 MiB, 100 %
2026/10/03 15:52:44.445, 3, 44988 MiB, 100 %
2026/10/03 15:52:45.446, 3, 44988 MiB, 100 %
2026/10/03 15:52:46.446, 3, 44988 MiB, 100 %
2026/10/03 15:52:47.446, 3, 44988 MiB, 100 %
2026/10/03 15:52:48.446, 3, 44988 MiB, 100 %
2026/10/03 15:52:49.447, 3, 44988 MiB, 100 %
2026/10/03 15:52:50.447, 3, 44988 MiB, 100 %
2026/10/03 15:52:51.447, 3, 44988 MiB, 100 %
2026/10/03 15:52:52.447, 3, 44988 MiB, 100 %
2026/10/03 15:52:53.448, 3, 44988 MiB, 100 %
2026/10/03 15:52:54.448, 3, 44988 MiB, 100 %
2026/10/03 15:52:55.448, 3, 44988 MiB, 100 %
2026/10/03 15:52:56.449, 3, 44988 MiB, 100 %
2026/10/03 15:52:57.449, 3, 44988 MiB, 100 %
2026/10/03 15:52:58.449, 3, 44988 MiB, 100 %
2026/10/03 15:52:59.449, 3, 44988 MiB, 100 %
2026/10/03 15:53:00.450, 3, 44988 MiB, 100 %
2026/10/03 15:53:01.450, 3, 44988 MiB, 100 %
2026/10/03 15:53:02.450, 3, 44988 MiB, 100 %
2026/10/03 15:53:03.450, 3, 44988 MiB, 100 %
2026/10/03 15:53:04.451, 3, 44988 MiB, 100 %
2026/10/03 15:53:05.451, 3, 44988 MiB, 100 %
2026/10/03 15:53:06.451, 3, 44988 MiB, 100 %
2026/10/03 15:53:07.452, 3, 44988 MiB, 100 %
2026/10/03 15:53:08.452, 3, 44988 MiB, 100 %
2026/10/03 15:53:09.452, 3, 44988 MiB, 100 %
2026/10/03 15:53:10.452, 3, 44988 MiB, 100 %
2026/10/03 15:53:11.453, 3, 44988 MiB, 97 %
2026/10/03 15:53:12.453, 3, 44988 MiB, 100 %
2026/10/03 15:53:13.453, 3, 44988 MiB, 100 %
2026/10/03 15:53:14.454, 3, 44988 MiB, 100 %
2026/10/03 15:53:15.454, 3, 44988 MiB, 100 %
2026/10/03 15:53:16.454, 3, 44988 MiB, 100 %
2026/10/03 15:53:17.455, 3, 44988 MiB, 100 %
2026/10/03 15:53:18.455, 3, 44988 MiB, 100 %
2026/10/03 15:53:19.455, 3, 44988 MiB, 100 %
2026/10/03 15:53:20.455, 3, 44988 MiB, 100 %
2026/10/03 15:53:21.456, 3, 44988 MiB, 100 %
2026/10/03 15:53:22.456, 3, 44988 MiB, 100 %
2026/10/03 15:53:23.456, 3, 44988 MiB, 100 %
2026/10/03 15:53:24.456, 3, 44988 MiB, 100 %
2026/10/03 15:53:25.457, 3, 44988 MiB, 100 %
2026/10/03 15:53:26.457, 3, 44988 MiB, 100 %
2026/10/03 15:53:27.457, 3, 44988 MiB, 100 %
2026/10/03 15:53:28.458, 3, 44988 MiB, 100 %
2026/10/03 15:53:29.458, 3, 44988 MiB, 100 %
2026/10/03 15:53:30.458, 3, 44988 MiB, 100 %
2026/10/03 15:53:31.459, 3, 44988 MiB, 100 %
2026/10/03 15:53:32.459, 3, 44988 MiB, 100 %
2026/10/03 15:53:33.459, 3, 44988 MiB, 100 %
2026/10/03 15:53:34.459, 3, 44988 MiB, 100 %
2026/10/03 15:53:35.460, 3, 44988 MiB, 100 %
2026/10/03 15:53:36.460, 3, 44988 MiB, 100 %
2026/10/03 15:53:37.460, 3, 44988 MiB, 100 %
2026/10/03 15:53:38.461, 3, 44988 MiB, 100 %
2026/10/03 15:53:39.461, 3, 44988 MiB, 100 %
2026/10/03 15:53:40.461, 3, 44988 MiB, 100 %
2026/10/03 15:53:41.461, 3, 44988 MiB, 100 %
2026/10/03 15:53:42.462, 3, 44988 MiB, 100 %
2026/10/03 15:53:43.462, 3, 44988 MiB, 100 %
2026/10/03 15:53:44.462, 3, 44988 MiB, 100 %
2026/10/03 15:53:45.463, 3, 44988 MiB, 100 %
2026/10/03 15:53:46.463, 3, 44988 MiB, 100 %
2026/10/03 15:53:47.463, 3, 44988 MiB, 100 %
2026/10/03 15:53:48.463, 3, 44988 MiB, 100 %
2026/10/03 15:53:49.464, 3, 44988 MiB, 100 %
2026/10/03 15:53:50.464, 3, 44988 MiB, 100 %
2026/10/03 15:53:51.464, 3, 44988 MiB, 100 %
2026/10/03 15:53:52.464, 3, 44988 MiB, 100 %
2026/10/03 15:53:53.465, 3, 44988 MiB, 100 %
2026/10/03 15:53:54.465, 3, 44988 MiB, 100 %
2026/10/03 15:53:55.465, 3, 44988 MiB, 100 %
2026/10/03 15:53:56.465, 3, 44988 MiB, 100 %
2026/10/03 15:53:57.466, 3, 44988 MiB, 100 %
2026/10/03 15:53:58.466, 3, 44988 MiB, 100 %
2026/10/03 15:53:59.466, 3, 44988 MiB, 100 %
2026/10/03 15:54:00.466, 3, 44988 MiB, 100 %
2026/10/03 15:54:01.468, 3, 44988 MiB, 100 %
2026/10/03 15:54:02.468, 3, 44988 MiB, 100 %
2026/10/03 15:54:03.468, 3, 44988 MiB, 100 %
2026/10/03 15:54:04.468, 3, 44988 MiB, 100 %
2026/10/03 15:54:05.469, 3, 44988 MiB, 100 %
2026/10/03 15:54:06.469, 3, 44988 MiB, 100 %
2026/10/03 15:54:07.469, 3, 44988 MiB, 100 %
2026/10/03 15:54:08.469, 3, 44988 MiB, 100 %
2026/10/03 15:54:09.470, 3, 44988 MiB, 100 %
2026/10/03 15:54:10.470, 3, 44988 MiB, 100 %
2026/10/03 15:54:11.470, 3, 44988 MiB, 100 %
2026/10/03 15:54:12.470, 3, 44988 MiB, 100 %
2026/10/03 15:54:13.471, 3, 44988 MiB, 100 %
2026/10/03 15:54:14.471, 3, 44988 MiB, 100 %
2026/10/03 15:54:15.471, 3, 44988 MiB, 100 %
2026/10/03 15:54:16.471, 3, 44988 MiB, 100 %
2026/10/03 15:54:17.472, 3, 44988 MiB, 100 %
2026/10/03 15:54:18.472, 3, 44988 MiB, 100 %
2026/10/03 15:54:19.472, 3, 44988 MiB, 100 %
2026/10/03 15:54:20.473, 3, 44988 MiB, 100 %
2026/10/03 15:54:21.474, 3, 44988 MiB, 100 %
2026/10/03 15:54:22.474, 3, 44988 MiB, 100 %
2026/10/03 15:54:23.474, 3, 44988 MiB, 100 %
2026/10/03 15:54:24.474, 3, 44988 MiB, 100 %
2026/10/03 15:54:25.475, 3, 44988 MiB, 100 %
2026/10/03 15:54:26.475, 3, 44988 MiB, 100 %
2026/10/03 15:54:27.475, 3, 44988 MiB, 100 %
2026/10/03 15:54:28.476, 3, 44988 MiB, 100 %
2026/10/03 15:54:29.476, 3, 44988 MiB, 100 %
2026/10/03 15:54:30.476, 3, 44988 MiB, 100 %
2026/10/03 15:54:31.476, 3, 44988 MiB, 100 %
2026/10/03 15:54:32.477, 3, 44988 MiB, 100 %
2026/10/03 15:54:33.477, 3, 44988 MiB, 100 %
2026/10/03 15:54:34.477, 3, 44988 MiB, 100 %
2026/10/03 15:54:35.477, 3, 44988 MiB, 100 %
2026/10/03 15:54:36.478, 3, 44988 MiB, 100 %
2026/10/03 15:54:37.478, 3, 44988 MiB, 100 %
2026/10/03 15:54:38.478, 3, 44988 MiB, 100 %
2026/10/03 15:54:39.479, 3, 44988 MiB, 100 %
2026/10/03 15:54:40.479, 3, 44988 MiB, 100 %
2026/10/03 15:54:41.479, 3, 44988 MiB, 100 %
2026/10/03 15:54:42.479, 3, 44988 MiB, 100 %
2026/10/03 15:54:43.480, 3, 44988 MiB, 100 %
2026/10/03 15:54:44.480, 3, 44988 MiB, 100 %
2026/10/03 15:54:45.480, 3, 44988 MiB, 100 %
2026/10/03 15:54:46.481, 3, 44988 MiB, 100 %
2026/10/03 15:54:47.481, 3, 44988 MiB, 100 %
2026/10/03 15:54:48.482, 3, 44988 MiB, 100 %
2026/10/03 15:54:49.483, 3, 44988 MiB, 100 %
2026/10/03 15:54:50.483, 3, 44988 MiB, 100 %
2026/10/03 15:54:51.483, 3, 44988 MiB, 100 %
2026/10/03 15:54:52.484, 3, 44988 MiB, 100 %
2026/10/03 15:54:53.484, 3, 44988 MiB, 100 %
2026/10/03 15:54:54.484, 3, 44988 MiB, 100 %
2026/10/03 15:54:55.484, 3, 44988 MiB, 100 %
2026/10/03 15:54:56.485, 3, 44988 MiB, 100 %
2026/10/03 15:54:57.485, 3, 44988 MiB, 100 %
2026/10/03 15:54:58.485, 3, 44988 MiB, 100 %
2026/10/03 15:54:59.485, 3, 44988 MiB, 100 %
2026/10/03 15:55:00.486, 3, 44988 MiB, 100 %
2026/10/03 15:55:01.486, 3, 44988 MiB, 100 %
2026/10/03 15:55:02.486, 3, 44988 MiB, 100 %
2026/10/03 15:55:03.487, 3, 44988 MiB, 100 %
2026/10/03 15:55:04.487, 3, 44988 MiB, 100 %
2026/10/03 15:55:05.487, 3, 44988 MiB, 100 %
2026/10/03 15:55:06.487, 3, 44988 MiB, 100 %
2026/10/03 15:55:07.488, 3, 44988 MiB, 100 %
2026/10/03 15:55:08.488, 3, 44988 MiB, 100 %
2026/10/03 15:55:09.488, 3, 44988 MiB, 100 %
2026/10/03 15:55:10.488, 3, 44988 MiB, 100 %
2026/10/03 15:55:11.489, 3, 44988 MiB, 100 %
2026/10/03 15:55:12.489, 3, 44988 MiB, 100 %
2026/10/03 15:55:13.489, 3, 44988 MiB, 100 %
2026/10/03 15:55:14.489, 3, 44988 MiB, 100 %
2026/10/03 15:55:15.490, 3, 44988 MiB, 100 %
2026/10/03 15:55:16.490, 3, 44988 MiB, 100 %
2026/10/03 15:55:17.490, 3, 44988 MiB, 100 %
2026/10/03 15:55:18.490, 3, 44988 MiB, 100 %
2026/10/03 15:55:19.491, 3, 44988 MiB, 100 %
2026/10/03 15:55:20.491, 3, 44988 MiB, 100 %
2026/10/03 15:55:21.491, 3, 44988 MiB, 100 %
2026/10/03 15:55:22.491, 3, 44988 MiB, 100 %
2026/10/03 15:55:23.492, 3, 44988 MiB, 100 %
2026/10/03 15:55:24.492, 3, 44988 MiB, 100 %
2026/10/03 15:55:25.492, 3, 44988 MiB, 100 %
2026/10/03 15:55:26.492, 3, 44988 MiB, 100 %
2026/10/03 15:55:27.493, 3, 44988 MiB, 100 %
2026/10/03 15:55:28.493, 3, 44988 MiB, 100 %
2026/10/03 15:55:29.493, 3, 44988 MiB, 100 %
2026/10/03 15:55:30.493, 3, 44988 MiB, 100 %
2026/10/03 15:55:31.494, 3, 44988 MiB, 100 %
2026/10/03 15:55:32.494, 3, 44988 MiB, 100 %
2026/10/03 15:55:33.494, 3, 44988 MiB, 100 %
2026/10/03 15:55:34.495, 3, 44988 MiB, 100 %
2026/10/03 15:55:35.495, 3, 44988 MiB, 100 %
2026/10/03 15:55:36.495, 3, 44988 MiB, 100 %
2026/10/03 15:55:37.495, 3, 44988 MiB, 100 %
2026/10/03 15:55:38.496, 3, 44988 MiB, 100 %
2026/10/03 15:55:39.496, 3, 44988 MiB, 100 %
2026/10/03 15:55:40.496, 3, 44988 MiB, 100 %
2026/10/03 15:55:41.496, 3, 44988 MiB, 100 %
2026/10/03 15:55:42.497, 3, 44988 MiB, 100 %
2026/10/03 15:55:43.497, 3, 44988 MiB, 100 %
2026/10/03 15:55:44.497, 3, 44988 MiB, 100 %
2026/10/03 15:55:45.498, 3, 44988 MiB, 100 %
2026/10/03 15:55:46.498, 3, 44988 MiB, 100 %
2026/10/03 15:55:47.498, 3, 44988 MiB, 100 %
2026/10/03 15:55:48.498, 3, 44988 MiB, 100 %
2026/10/03 15:55:49.499, 3, 44988 MiB, 100 %
2026/10/03 15:55:50.499, 3, 44988 MiB, 100 %
2026/10/03 15:55:51.499, 3, 44988 MiB, 100 %
2026/10/03 15:55:52.499, 3, 44988 MiB, 100 %
2026/10/03 15:55:53.500, 3, 44988 MiB, 100 %
2026/10/03 15:55:54.500, 3, 44988 MiB, 100 %
2026/10/03 15:55:55.500, 3, 44988 MiB, 100 %
2026/10/03 15:55:56.500, 3, 44988 MiB, 100 %
2026/10/03 15:55:57.501, 3, 44988 MiB, 100 %
2026/10/03 15:55:58.501, 3, 44988 MiB, 100 %
2026/10/03 15:55:59.501, 3, 44988 MiB, 100 %
2026/10/03 15:56:00.502, 3, 44988 MiB, 100 %
2026/10/03 15:56:01.502, 3, 44988 MiB, 100 %
2026/10/03 15:56:02.502, 3, 44988 MiB, 100 %
2026/10/03 15:56:03.502, 3, 44988 MiB, 100 %
2026/10/03 15:56:04.503, 3, 44988 MiB, 100 %
2026/10/03 15:56:05.503, 3, 44988 MiB, 100 %
2026/10/03 15:56:06.503, 3, 44988 MiB, 100 %
2026/10/03 15:56:07.503, 3, 44988 MiB, 100 %
2026/10/03 15:56:08.504, 3, 44988 MiB, 100 %
2026/10/03 15:56:09.504, 3, 44988 MiB, 100 %
2026/10/03 15:56:10.504, 3, 44988 MiB, 100 %
2026/10/03 15:56:11.504, 3, 44988 MiB, 100 %
2026/10/03 15:56:12.505, 3, 44988 MiB, 100 %
2026/10/03 15:56:13.505, 3, 44988 MiB, 100 %
2026/10/03 15:56:14.505, 3, 44988 MiB, 100 %
2026/10/03 15:56:15.505, 3, 44988 MiB, 100 %
2026/10/03 15:56:16.506, 3, 44988 MiB, 100 %
2026/10/03 15:56:17.506, 3, 44988 MiB, 100 %
2026/10/03 15:56:18.506, 3, 44988 MiB, 100 %
2026/10/03 15:56:19.506, 3, 44988 MiB, 100 %
2026/10/03 15:56:20.507, 3, 44988 MiB, 100 %
2026/10/03 15:56:21.507, 3, 44988 MiB, 100 %
2026/10/03 15:56:22.507, 3, 44988 MiB, 100 %
2026/10/03 15:56:23.507, 3, 44988 MiB, 100 %
2026/10/03 15:56:24.508, 3, 44988 MiB, 100 %
2026/10/03 15:56:25.508, 3, 44988 MiB, 100 %
2026/10/03 15:56:26.508, 3, 44988 MiB, 100 %
2026/10/03 15:56:27.508, 3, 44988 MiB, 100 %
2026/10/03 15:56:28.509, 3, 44988 MiB, 100 %
2026/10/03 15:56:29.509, 3, 44988 MiB, 100 %
2026/10/03 15:56:30.509, 3, 44988 MiB, 100 %
2026/10/03 15:56:31.509, 3, 44988 MiB, 100 %
2026/10/03 15:56:32.510, 3, 44988 MiB, 100 %
2026/10/03 15:56:33.510, 3, 44988 MiB, 100 %
2026/10/03 15:56:34.510, 3, 44988 MiB, 100 %
2026/10/03 15:56:35.511, 3, 44988 MiB, 100 %
2026/10/03 15:56:36.511, 3, 44988 MiB, 100 %
2026/10/03 15:56:37.511, 3, 44988 MiB, 100 %
2026/10/03 15:56:38.511, 3, 44988 MiB, 100 %
2026/10/03 15:56:39.512, 3, 44988 MiB, 100 %
2026/10/03 15:56:40.512, 3, 44988 MiB, 100 %
2026/10/03 15:56:41.512, 3, 44988 MiB, 100 %
2026/10/03 15:56:42.512, 3, 44988 MiB, 100 %
2026/10/03 15:56:43.513, 3, 44988 MiB, 100 %
2026/10/03 15:56:44.513, 3, 44988 MiB, 100 %
2026/10/03 15:56:45.513, 3, 44988 MiB, 100 %
2026/10/03 15:56:46.513, 3, 44988 MiB, 100 %
2026/10/03 15:56:47.514, 3, 44988 MiB, 100 %
2026/10/03 15:56:48.514, 3, 44988 MiB, 100 %
2026/10/03 15:56:49.514, 3, 44988 MiB, 100 %
2026/10/03 15:56:50.515, 3, 44988 MiB, 100 %
2026/10/03 15:56:51.515, 3, 44988 MiB, 100 %
2026/10/03 15:56:52.515, 3, 44988 MiB, 100 %
2026/10/03 15:56:53.515, 3, 44988 MiB, 100 %
2026/10/03 15:56:54.516, 3, 44988 MiB, 100 %
2026/10/03 15:56:55.516, 3, 44988 MiB, 100 %
2026/10/03 15:56:56.516, 3, 44988 MiB, 100 %
2026/10/03 15:56:57.516, 3, 44988 MiB, 100 %
2026/10/03 15:56:58.517, 3, 44988 MiB, 100 %
2026/10/03 15:56:59.517, 3, 44988 MiB, 100 %
2026/10/03 15:57:00.517, 3, 44988 MiB, 100 %
2026/10/03 15:57:01.517, 3, 44988 MiB, 100 %
2026/10/03 15:57:02.518, 3, 44988 MiB, 100 %
2026/10/03 15:57:03.518, 3, 44988 MiB, 100 %
2026/10/03 15:57:04.518, 3, 44988 MiB, 100 %
2026/10/03 15:57:05.518, 3, 44988 MiB, 100 %
2026/10/03 15:57:06.519, 3, 44988 MiB, 100 %
2026/10/03 15:57:07.519, 3, 44988 MiB, 100 %
2026/10/03 15:57:08.519, 3, 44988 MiB, 100 %
2026/10/03 15:57:09.520, 3, 44988 MiB, 100 %
2026/10/03 15:57:10.520, 3, 44988 MiB, 100 %
2026/10/03 15:57:11.520, 3, 44988 MiB, 100 %
2026/10/03 15:57:12.520, 3, 44988 MiB, 100 %
2026/10/03 15:57:13.521, 3, 44988 MiB, 100 %
2026/10/03 15:57:14.521, 3, 44988 MiB, 100 %
2026/10/03 15:57:15.521, 3, 44988 MiB, 100 %
2026/10/03 15:57:16.521, 3, 44988 MiB, 100 %
2026/10/03 15:57:17.522, 3, 44988 MiB, 100 %
2026/10/03 15:57:18.522, 3, 44988 MiB, 100 %
2026/10/03 15:57:19.522, 3, 44988 MiB, 100 %
2026/10/03 15:57:20.522, 3, 44988 MiB, 100 %
2026/10/03 15:57:21.523, 3, 44988 MiB, 100 %
2026/10/03 15:57:22.523, 3, 44988 MiB, 100 %
2026/10/03 15:57:23.523, 3, 44988 MiB, 100 %
2026/10/03 15:57:24.524, 3, 44988 MiB, 100 %
2026/10/03 15:57:25.524, 3, 44988 MiB, 100 %
2026/10/03 15:57:26.524, 3, 44988 MiB, 100 %
2026/10/03 15:57:27.524, 3, 44988 MiB, 100 %
2026/10/03 15:57:28.525, 3, 44988 MiB, 100 %
2026/10/03 15:57:29.525, 3, 44988 MiB, 100 %
2026/10/03 15:57:30.525, 3, 44988 MiB, 100 %
2026/10/03 15:57:31.525, 3, 44988 MiB, 100 %
2026/10/03 15:57:32.526, 3, 44988 MiB, 100 %
2026/10/03 15:57:33.526, 3, 44988 MiB, 100 %
2026/10/03 15:57:34.526, 3, 44988 MiB, 100 %
2026/10/03 15:57:35.526, 3, 44988 MiB, 100 %
2026/10/03 15:57:36.527, 3, 44988 MiB, 100 %
2026/10/03 15:57:37.527, 3, 44988 MiB, 100 %
2026/10/03 15:57:38.527, 3, 44988 MiB, 100 %
2026/10/03 15:57:39.528, 3, 44988 MiB, 100 %
2026/10/03 15:57:40.528, 3, 44988 MiB, 100 %
2026/10/03 15:57:41.528, 3, 44988 MiB, 100 %
2026/10/03 15:57:42.528, 3, 44988 MiB, 100 %
2026/10/03 15:57:43.529, 3, 44988 MiB, 100 %
2026/10/03 15:57:44.529, 3, 44988 MiB, 100 %
2026/10/03 15:57:45.529, 3, 44988 MiB, 100 %
2026/10/03 15:57:46.529, 3, 44988 MiB, 100 %
2026/10/03 15:57:47.530, 3, 44988 MiB, 100 %
2026/10/03 15:57:48.530, 3, 44988 MiB, 100 %
2026/10/03 15:57:49.530, 3, 44988 MiB, 100 %
2026/10/03 15:57:50.531, 3, 44988 MiB, 100 %
2026/10/03 15:57:51.531, 3, 44988 MiB, 100 %
2026/10/03 15:57:52.531, 3, 44988 MiB, 100 %
2026/10/03 15:57:53.531, 3, 44988 MiB, 100 %
2026/10/03 15:57:54.532, 3, 44988 MiB, 100 %
2026/10/03 15:57:55.532, 3, 44988 MiB, 100 %
2026/10/03 15:57:56.532, 3, 44988 MiB, 100 %
2026/10/03 15:57:57.533, 3, 44988 MiB, 100 %
2026/10/03 15:57:58.533, 3, 44988 MiB, 100 %
2026/10/03 15:57:59.533, 3, 44988 MiB, 100 %
2026/10/03 15:58:00.533, 3, 44988 MiB, 100 %
2026/10/03 15:58:01.534, 3, 44988 MiB, 100 %
2026/10/03 15:58:02.534, 3, 44988 MiB, 100 %
2026/10/03 15:58:03.534, 3, 44988 MiB, 100 %
2026/10/03 15:58:04.534, 3, 44988 MiB, 100 %
2026/10/03 15:58:05.535, 3, 44988 MiB, 100 %
2026/10/03 15:58:06.535, 3, 44988 MiB, 100 %
2026/10/03 15:58:07.535, 3, 44988 MiB, 100 %
2026/10/03 15:58:08.535, 3, 44988 MiB, 100 %
2026/10/03 15:58:09.535, 3, 44988 MiB, 100 %
2026/10/03 15:58:10.535, 3, 44988 MiB, 100 %
2026/10/03 15:58:11.535, 3, 44988 MiB, 100 %
2026/10/03 15:58:12.535, 3, 44988 MiB, 100 %
2026/10/03 15:58:13.536, 3, 44988 MiB, 100 %
2026/10/03 15:58:14.536, 3, 44988 MiB, 100 %
2026/10/03 15:58:15.538, 3, 44988 MiB, 100 %
2026/10/03 15:58:16.538, 3, 44988 MiB, 100 %
2026/10/03 15:58:17.538, 3, 44988 MiB, 100 %
2026/10/03 15:58:18.538, 3, 44988 MiB, 100 %
2026/10/03 15:58:19.539, 3, 44988 MiB, 100 %
2026/10/03 15:58:20.539, 3, 44988 MiB, 100 %
2026/10/03 15:58:21.539, 3, 44988 MiB, 100 %
2026/10/03 15:58:22.539, 3, 44988 MiB, 100 %
2026/10/03 15:58:23.540, 3, 44988 MiB, 100 %
2026/10/03 15:58:24.540, 3, 44988 MiB, 100 %
2026/10/03 15:58:25.540, 3, 44988 MiB, 100 %
2026/10/03 15:58:26.541, 3, 44988 MiB, 100 %
2026/10/03 15:58:27.541, 3, 44988 MiB, 100 %
2026/10/03 15:58:28.541, 3, 44988 MiB, 100 %
2026/10/03 15:58:29.541, 3, 44988 MiB, 100 %
2026/10/03 15:58:30.542, 3, 44988 MiB, 100 %
2026/10/03 15:58:31.542, 3, 44988 MiB, 100 %
2026/10/03 15:58:32.542, 3, 44988 MiB, 100 %
2026/10/03 15:58:33.543, 3, 44988 MiB, 100 %
2026/10/03 15:58:34.543, 3, 44988 MiB, 100 %
2026/10/03 15:58:35.543, 3, 44988 MiB, 100 %
2026/10/03 15:58:36.543, 3, 44988 MiB, 89 %
2026/10/03 15:58:37.544, 3, 44988 MiB, 100 %
2026/10/03 15:58:38.544, 3, 44988 MiB, 100 %
2026/10/03 15:58:39.544, 3, 44988 MiB, 100 %
2026/10/03 15:58:40.545, 3, 44988 MiB, 100 %
2026/10/03 15:58:41.545, 3, 44988 MiB, 100 %
2026/10/03 15:58:42.545, 3, 44988 MiB, 100 %
2026/10/03 15:58:43.545, 3, 44988 MiB, 100 %
2026/10/03 15:58:44.546, 3, 44988 MiB, 100 %
2026/10/03 15:58:45.546, 3, 44988 MiB, 100 %
2026/10/03 15:58:46.546, 3, 44988 MiB, 100 %
2026/10/03 15:58:47.547, 3, 44988 MiB, 100 %
2026/10/03 15:58:48.547, 3, 44988 MiB, 100 %
2026/10/03 15:58:49.547, 3, 44988 MiB, 100 %
2026/10/03 15:58:50.547, 3, 44988 MiB, 100 %
2026/10/03 15:58:51.548, 3, 44988 MiB, 100 %
2026/10/03 15:58:52.548, 3, 44988 MiB, 100 %
2026/10/03 15:58:53.548, 3, 44988 MiB, 100 %
2026/10/03 15:58:54.548, 3, 44988 MiB, 100 %
2026/10/03 15:58:55.549, 3, 44988 MiB, 100 %
2026/10/03 15:58:56.549, 3, 44988 MiB, 100 %
2026/10/03 15:58:57.549, 3, 44988 MiB, 100 %
2026/10/03 15:58:58.550, 3, 44988 MiB, 100 %
2026/10/03 15:58:59.550, 3, 44988 MiB, 100 %
2026/10/03 15:59:00.550, 3, 44988 MiB, 100 %
2026/10/03 15:59:01.550, 3, 44988 MiB, 100 %
2026/10/03 15:59:02.551, 3, 44988 MiB, 100 %
2026/10/03 15:59:03.551, 3, 44988 MiB, 100 %
2026/10/03 15:59:04.551, 3, 44988 MiB, 100 %
2026/10/03 15:59:05.552, 3, 44988 MiB, 100 %
2026/10/03 15:59:06.552, 3, 44988 MiB, 100 %
2026/10/03 15:59:07.552, 3, 44988 MiB, 100 %
2026/10/03 15:59:08.552, 3, 44988 MiB, 100 %
2026/10/03 15:59:09.553, 3, 44988 MiB, 100 %
2026/10/03 15:59:10.553, 3, 44988 MiB, 100 %
2026/10/03 15:59:11.553, 3, 44988 MiB, 100 %
2026/10/03 15:59:12.554, 3, 44988 MiB, 100 %
2026/10/03 15:59:13.554, 3, 44988 MiB, 100 %
2026/10/03 15:59:14.554, 3, 44988 MiB, 100 %
2026/10/03 15:59:15.554, 3, 44988 MiB, 100 %
2026/10/03 15:59:16.555, 3, 44988 MiB, 100 %
2026/10/03 15:59:17.555, 3, 44988 MiB, 100 %
2026/10/03 15:59:18.555, 3, 44988 MiB, 100 %
2026/10/03 15:59:19.555, 3, 44988 MiB, 100 %
2026/10/03 15:59:20.556, 3, 44988 MiB, 100 %
2026/10/03 15:59:21.556, 3, 44988 MiB, 100 %
2026/10/03 15:59:22.556, 3, 44988 MiB, 100 %
2026/10/03 15:59:23.557, 3, 44988 MiB, 100 %
2026/10/03 15:59:24.557, 3, 44988 MiB, 100 %
2026/10/03 15:59:25.557, 3, 44988 MiB, 100 %
2026/10/03 15:59:26.557, 3, 44988 MiB, 100 %
2026/10/03 15:59:27.558, 3, 44988 MiB, 100 %
2026/10/03 15:59:28.558, 3, 44988 MiB, 100 %
2026/10/03 15:59:29.558, 3, 44988 MiB, 100 %
2026/10/03 15:59:30.559, 3, 44988 MiB, 100 %
2026/10/03 15:59:31.559, 3, 44988 MiB, 100 %
2026/10/03 15:59:32.559, 3, 44988 MiB, 100 %
2026/10/03 15:59:33.559, 3, 44988 MiB, 100 %
2026/10/03 15:59:34.560, 3, 44988 MiB, 100 %
2026/10/03 15:59:35.560, 3, 44988 MiB, 100 %
2026/10/03 15:59:36.560, 3, 44988 MiB, 100 %
2026/10/03 15:59:37.560, 3, 44988 MiB, 100 %
2026/10/03 15:59:38.561, 3, 44988 MiB, 100 %
2026/10/03 15:59:39.561, 3, 44988 MiB, 100 %
2026/10/03 15:59:40.561, 3, 44988 MiB, 100 %
2026/10/03 15:59:41.561, 3, 44988 MiB, 100 %
2026/10/03 15:59:42.562, 3, 44988 MiB, 100 %
2026/10/03 15:59:43.562, 3, 44988 MiB, 100 %
2026/10/03 15:59:44.562, 3, 44988 MiB, 100 %
2026/10/03 15:59:45.563, 3, 44988 MiB, 100 %
2026/10/03 15:59:46.563, 3, 44988 MiB, 100 %
2026/10/03 15:59:47.563, 3, 44988 MiB, 100 %
2026/10/03 15:59:48.563, 3, 44988 MiB, 100 %
2026/10/03 15:59:49.564, 3, 44988 MiB, 100 %
2026/10/03 15:59:50.564, 3, 44988 MiB, 100 %
2026/10/03 15:59:51.564, 3, 44988 MiB, 100 %
2026/10/03 15:59:52.565, 3, 44988 MiB, 100 %
2026/10/03 15:59:53.565, 3, 44988 MiB, 100 %
2026/10/03 15:59:54.565, 3, 44988 MiB, 100 %
2026/10/03 15:59:55.565, 3, 44988 MiB, 100 %
2026/10/03 15:59:56.566, 3, 44988 MiB, 100 %
2026/10/03 15:59:57.566, 3, 44988 MiB, 100 %
2026/10/03 15:59:58.566, 3, 44988 MiB, 100 %
2026/10/03 15:59:59.566, 3, 44988 MiB, 100 %
2026/10/03 16:00:00.567, 3, 44988 MiB, 100 %
2026/10/03 16:00:01.567, 3, 44988 MiB, 100 %
2026/10/03 16:00:02.567, 3, 44988 MiB, 100 %
2026/10/03 16:00:03.568, 3, 44988 MiB, 100 %
2026/10/03 16:00:04.568, 3, 44988 MiB, 100 %
2026/10/03 16:00:05.568, 3, 44988 MiB, 99 %
2026/10/03 16:00:06.568, 3, 44988 MiB, 100 %
2026/10/03 16:00:07.569, 3, 44988 MiB, 100 %
2026/10/03 16:00:08.569, 3, 44988 MiB, 100 %
2026/10/03 16:00:09.569, 3, 44988 MiB, 100 %
2026/10/03 16:00:10.570, 3, 44988 MiB, 100 %
2026/10/03 16:00:11.570, 3, 44988 MiB, 100 %
2026/10/03 16:00:12.570, 3, 44988 MiB, 100 %
2026/10/03 16:00:13.570, 3, 44988 MiB, 100 %
2026/10/03 16:00:14.571, 3, 44988 MiB, 100 %
2026/10/03 16:00:15.571, 3, 44988 MiB, 100 %
2026/10/03 16:00:16.571, 3, 44988 MiB, 100 %
2026/10/03 16:00:17.571, 3, 44988 MiB, 100 %
2026/10/03 16:00:18.572, 3, 44988 MiB, 100 %
2026/10/03 16:00:19.572, 3, 44988 MiB, 100 %
2026/10/03 16:00:20.572, 3, 44988 MiB, 100 %
2026/10/03 16:00:21.573, 3, 44988 MiB, 100 %
2026/10/03 16:00:22.573, 3, 44988 MiB, 100 %
2026/10/03 16:00:23.573, 3, 44988 MiB, 100 %
2026/10/03 16:00:24.573, 3, 44988 MiB, 100 %
2026/10/03 16:00:25.574, 3, 44988 MiB, 100 %
2026/10/03 16:00:26.574, 3, 44988 MiB, 100 %
2026/10/03 16:00:27.574, 3, 44988 MiB, 100 %
2026/10/03 16:00:28.574, 3, 44988 MiB, 100 %
2026/10/03 16:00:29.575, 3, 44988 MiB, 100 %
2026/10/03 16:00:30.575, 3, 44988 MiB, 100 %
2026/10/03 16:00:31.575, 3, 44988 MiB, 100 %
2026/10/03 16:00:32.576, 3, 44988 MiB, 100 %
2026/10/03 16:00:33.576, 3, 44988 MiB, 100 %
2026/10/03 16:00:34.576, 3, 44988 MiB, 100 %
2026/10/03 16:00:35.576, 3, 44988 MiB, 100 %
2026/10/03 16:00:36.577, 3, 44988 MiB, 100 %
2026/10/03 16:00:37.578, 3, 44988 MiB, 100 %
2026/10/03 16:00:38.578, 3, 44988 MiB, 100 %
2026/10/03 16:00:39.578, 3, 44988 MiB, 100 %
2026/10/03 16:00:40.579, 3, 44988 MiB, 100 %
2026/10/03 16:00:41.579, 3, 44988 MiB, 100 %
2026/10/03 16:00:42.579, 3, 44988 MiB, 100 %
2026/10/03 16:00:43.580, 3, 44988 MiB, 100 %
2026/10/03 16:00:44.580, 3, 44988 MiB, 100 %
2026/10/03 16:00:45.580, 3, 44988 MiB, 100 %
2026/10/03 16:00:46.581, 3, 44988 MiB, 100 %
2026/10/03 16:00:47.581, 3, 44988 MiB, 100 %
2026/10/03 16:00:48.581, 3, 44988 MiB, 100 %
2026/10/03 16:00:49.581, 3, 44988 MiB, 100 %
2026/10/03 16:00:50.582, 3, 44988 MiB, 100 %
2026/10/03 16:00:51.582, 3, 44988 MiB, 100 %
2026/10/03 16:00:52.582, 3, 44988 MiB, 100 %
2026/10/03 16:00:53.583, 3, 44988 MiB, 100 %
2026/10/03 16:00:54.583, 3, 44988 MiB, 100 %
2026/10/03 16:00:55.583, 3, 44988 MiB, 100 %
2026/10/03 16:00:56.583, 3, 44988 MiB, 100 %
2026/10/03 16:00:57.584, 3, 44988 MiB, 100 %
2026/10/03 16:00:58.585, 3, 44988 MiB, 100 %
2026/10/03 16:00:59.585, 3, 44988 MiB, 100 %
2026/10/03 16:01:00.585, 3, 44988 MiB, 100 %
2026/10/03 16:01:01.586, 3, 44988 MiB, 100 %
2026/10/03 16:01:02.586, 3, 44988 MiB, 100 %
2026/10/03 16:01:03.586, 3, 44988 MiB, 100 %
2026/10/03 16:01:04.586, 3, 44988 MiB, 100 %
2026/10/03 16:01:05.587, 3, 44988 MiB, 100 %
2026/10/03 16:01:06.587, 3, 44988 MiB, 100 %
2026/10/03 16:01:07.587, 3, 44988 MiB, 100 %
2026/10/03 16:01:08.588, 3, 44988 MiB, 100 %
2026/10/03 16:01:09.588, 3, 44988 MiB, 100 %
2026/10/03 16:01:10.588, 3, 44988 MiB, 100 %
2026/10/03 16:01:11.588, 3, 44988 MiB, 100 %
2026/10/03 16:01:12.589, 3, 44988 MiB, 100 %
2026/10/03 16:01:13.589, 3, 44988 MiB, 100 %
2026/10/03 16:01:14.589, 3, 44988 MiB, 100 %
2026/10/03 16:01:15.589, 3, 44988 MiB, 100 %
2026/10/03 16:01:16.590, 3, 44988 MiB, 100 %
2026/10/03 16:01:17.590, 3, 44988 MiB, 100 %
2026/10/03 16:01:18.590, 3, 44988 MiB, 100 %
2026/10/03 16:01:19.591, 3, 44988 MiB, 100 %
2026/10/03 16:01:20.591, 3, 44988 MiB, 100 %
2026/10/03 16:01:21.591, 3, 44988 MiB, 100 %
2026/10/03 16:01:22.591, 3, 44988 MiB, 100 %
2026/10/03 16:01:23.592, 3, 44988 MiB, 100 %
2026/10/03 16:01:24.592, 3, 44988 MiB, 100 %
2026/10/03 16:01:25.592, 3, 44988 MiB, 100 %
2026/10/03 16:01:26.593, 3, 44988 MiB, 100 %
2026/10/03 16:01:27.593, 3, 44988 MiB, 100 %
2026/10/03 16:01:28.593, 3, 44988 MiB, 100 %
2026/10/03 16:01:29.593, 3, 44988 MiB, 100 %
2026/10/03 16:01:30.594, 3, 44988 MiB, 100 %
2026/10/03 16:01:31.594, 3, 44988 MiB, 100 %
2026/10/03 16:01:32.594, 3, 44988 MiB, 100 %
2026/10/03 16:01:33.595, 3, 44988 MiB, 100 %
2026/10/03 16:01:34.595, 3, 44988 MiB, 100 %
2026/10/03 16:01:35.595, 3, 44988 MiB, 100 %
2026/10/03 16:01:36.596, 3, 44988 MiB, 100 %
2026/10/03 16:01:37.596, 3, 44988 MiB, 100 %
2026/10/03 16:01:38.596, 3, 44988 MiB, 100 %
2026/10/03 16:01:39.596, 3, 44988 MiB, 100 %
2026/10/03 16:01:40.596, 3, 44988 MiB, 100 %
2026/10/03 16:01:41.597, 3, 44988 MiB, 100 %
2026/10/03 16:01:42.597, 3, 44988 MiB, 100 %
2026/10/03 16:01:43.597, 3, 44988 MiB, 100 %
2026/10/03 16:01:44.598, 3, 44988 MiB, 100 %
2026/10/03 16:01:45.598, 3, 44988 MiB, 100 %
2026/10/03 16:01:46.598, 3, 44988 MiB, 100 %
2026/10/03 16:01:47.598, 3, 44988 MiB, 100 %
2026/10/03 16:01:48.599, 3, 44988 MiB, 100 %
2026/10/03 16:01:49.599, 3, 44988 MiB, 100 %
2026/10/03 16:01:50.599, 3, 44988 MiB, 100 %
2026/10/03 16:01:51.600, 3, 44988 MiB, 100 %
2026/10/03 16:01:52.600, 3, 44988 MiB, 100 %
2026/10/03 16:01:53.600, 3, 44988 MiB, 100 %
2026/10/03 16:01:54.600, 3, 44988 MiB, 100 %
2026/10/03 16:01:55.601, 3, 44988 MiB, 100 %
2026/10/03 16:01:56.601, 3, 44988 MiB, 100 %
2026/10/03 16:01:57.601, 3, 44988 MiB, 100 %
2026/10/03 16:01:58.602, 3, 44988 MiB, 100 %
2026/10/03 16:01:59.602, 3, 44988 MiB, 100 %
2026/10/03 16:02:00.602, 3, 44988 MiB, 100 %
2026/10/03 16:02:01.603, 3, 44988 MiB, 100 %
2026/10/03 16:02:02.603, 3, 44988 MiB, 100 %
2026/10/03 16:02:03.603, 3, 44988 MiB, 100 %
2026/10/03 16:02:04.603, 3, 44988 MiB, 100 %
2026/10/03 16:02:05.603, 3, 44988 MiB, 100 %
2026/10/03 16:02:06.604, 3, 44988 MiB, 100 %
2026/10/03 16:02:07.604, 3, 44988 MiB, 100 %
2026/10/03 16:02:08.604, 3, 44988 MiB, 100 %
2026/10/03 16:02:09.604, 3, 44988 MiB, 100 %
2026/10/03 16:02:10.604, 3, 44988 MiB, 100 %
2026/10/03 16:02:11.605, 3, 44988 MiB, 100 %
2026/10/03 16:02:12.605, 3, 44988 MiB, 100 %
2026/10/03 16:02:13.605, 3, 44988 MiB, 100 %
2026/10/03 16:02:14.605, 3, 44988 MiB, 100 %
2026/10/03 16:02:15.605, 3, 44988 MiB, 100 %
2026/10/03 16:02:16.606, 3, 44988 MiB, 100 %
2026/10/03 16:02:17.606, 3, 44988 MiB, 100 %
2026/10/03 16:02:18.606, 3, 44988 MiB, 100 %
2026/10/03 16:02:19.606, 3, 44988 MiB, 100 %
2026/10/03 16:02:20.606, 3, 44988 MiB, 100 %
2026/10/03 16:02:21.607, 3, 44988 MiB, 100 %
2026/10/03 16:02:22.607, 3, 44988 MiB, 100 %
2026/10/03 16:02:23.607, 3, 44988 MiB, 100 %
2026/10/03 16:02:24.607, 3, 44988 MiB, 100 %
2026/10/03 16:02:25.608, 3, 44988 MiB, 100 %
2026/10/03 16:02:26.608, 3, 44988 MiB, 100 %
2026/10/03 16:02:27.608, 3, 44988 MiB, 100 %
2026/10/03 16:02:28.608, 3, 44988 MiB, 100 %
2026/10/03 16:02:29.609, 3, 44988 MiB, 100 %
2026/10/03 16:02:30.610, 3, 44988 MiB, 100 %
2026/10/03 16:02:31.610, 3, 44988 MiB, 100 %
2026/10/03 16:02:32.610, 3, 44988 MiB, 100 %
2026/10/03 16:02:33.610, 3, 44988 MiB, 100 %
2026/10/03 16:02:34.611, 3, 44988 MiB, 100 %
2026/10/03 16:02:35.611, 3, 44988 MiB, 100 %
2026/10/03 16:02:36.612, 3, 44988 MiB, 100 %
2026/10/03 16:02:37.612, 3, 44988 MiB, 100 %
2026/10/03 16:02:38.612, 3, 44988 MiB, 100 %
2026/10/03 16:02:39.612, 3, 44988 MiB, 100 %
2026/10/03 16:02:40.612, 3, 44988 MiB, 100 %
2026/10/03 16:02:41.612, 3, 44988 MiB, 100 %
2026/10/03 16:02:42.612, 3, 44988 MiB, 100 %
2026/10/03 16:02:43.613, 3, 44988 MiB, 100 %
2026/10/03 16:02:44.613, 3, 44988 MiB, 97 %
2026/10/03 16:02:45.613, 3, 44988 MiB, 100 %
2026/10/03 16:02:46.613, 3, 44988 MiB, 100 %
2026/10/03 16:02:47.614, 3, 44988 MiB, 100 %
2026/10/03 16:02:48.614, 3, 44988 MiB, 100 %
2026/10/03 16:02:49.614, 3, 44988 MiB, 100 %
2026/10/03 16:02:50.615, 3, 44988 MiB, 100 %
2026/10/03 16:02:51.615, 3, 44988 MiB, 100 %
2026/10/03 16:02:52.615, 3, 44988 MiB, 100 %
2026/10/03 16:02:53.615, 3, 44988 MiB, 100 %
2026/10/03 16:02:54.615, 3, 44988 MiB, 100 %
2026/10/03 16:02:55.615, 3, 44988 MiB, 100 %
2026/10/03 16:02:56.616, 3, 44988 MiB, 100 %
2026/10/03 16:02:57.616, 3, 44988 MiB, 100 %
2026/10/03 16:02:58.616, 3, 44988 MiB, 100 %
2026/10/03 16:02:59.616, 3, 44988 MiB, 100 %
2026/10/03 16:03:00.616, 3, 44988 MiB, 100 %
2026/10/03 16:03:01.616, 3, 44988 MiB, 100 %
2026/10/03 16:03:02.617, 3, 44988 MiB, 100 %
2026/10/03 16:03:03.617, 3, 44988 MiB, 100 %
2026/10/03 16:03:04.617, 3, 44988 MiB, 100 %
2026/10/03 16:03:05.617, 3, 44988 MiB, 100 %
2026/10/03 16:03:06.618, 3, 44988 MiB, 100 %
2026/10/03 16:03:07.618, 3, 44988 MiB, 100 %
2026/10/03 16:03:08.618, 3, 44988 MiB, 100 %
2026/10/03 16:03:09.619, 3, 44988 MiB, 100 %
2026/10/03 16:03:10.619, 3, 44988 MiB, 100 %
2026/10/03 16:03:11.619, 3, 44988 MiB, 100 %
2026/10/03 16:03:12.619, 3, 44988 MiB, 100 %
2026/10/03 16:03:13.620, 3, 44988 MiB, 100 %
2026/10/03 16:03:14.620, 3, 44988 MiB, 100 %
2026/10/03 16:03:15.620, 3, 44988 MiB, 100 %
2026/10/03 16:03:16.620, 3, 44988 MiB, 100 %
2026/10/03 16:03:17.621, 3, 44988 MiB, 100 %
2026/10/03 16:03:18.621, 3, 44988 MiB, 100 %
2026/10/03 16:03:19.621, 3, 44988 MiB, 100 %
2026/10/03 16:03:20.621, 3, 44988 MiB, 100 %
2026/10/03 16:03:21.622, 3, 44988 MiB, 100 %
2026/10/03 16:03:22.622, 3, 44988 MiB, 100 %
2026/10/03 16:03:23.622, 3, 44988 MiB, 100 %
2026/10/03 16:03:24.622, 3, 44988 MiB, 100 %
2026/10/03 16:03:25.623, 3, 44988 MiB, 100 %
2026/10/03 16:03:26.623, 3, 44988 MiB, 100 %
2026/10/03 16:03:27.623, 3, 44988 MiB, 100 %
2026/10/03 16:03:28.623, 3, 44988 MiB, 100 %
2026/10/03 16:03:29.623, 3, 44988 MiB, 100 %
2026/10/03 16:03:30.624, 3, 44988 MiB, 100 %
2026/10/03 16:03:31.624, 3, 44988 MiB, 100 %
2026/10/03 16:03:32.624, 3, 44988 MiB, 100 %
2026/10/03 16:03:33.624, 3, 44988 MiB, 100 %
2026/10/03 16:03:34.624, 3, 44988 MiB, 100 %
2026/10/03 16:03:35.624, 3, 44988 MiB, 100 %
2026/10/03 16:03:36.624, 3, 44988 MiB, 100 %
2026/10/03 16:03:37.624, 3, 44988 MiB, 100 %
2026/10/03 16:03:38.624, 3, 44988 MiB, 100 %
2026/10/03 16:03:39.625, 3, 44988 MiB, 100 %
2026/10/03 16:03:40.625, 3, 44988 MiB, 100 %
2026/10/03 16:03:41.625, 3, 44988 MiB, 100 %
2026/10/03 16:03:42.625, 3, 44988 MiB, 100 %
2026/10/03 16:03:43.625, 3, 44988 MiB, 100 %
2026/10/03 16:03:44.625, 3, 44988 MiB, 100 %
2026/10/03 16:03:45.625, 3, 44988 MiB, 100 %
2026/10/03 16:03:46.626, 3, 44988 MiB, 100 %
2026/10/03 16:03:47.626, 3, 44988 MiB, 100 %
2026/10/03 16:03:48.626, 3, 44988 MiB, 100 %
2026/10/03 16:03:49.626, 3, 44988 MiB, 100 %
2026/10/03 16:03:50.627, 3, 44988 MiB, 100 %
2026/10/03 16:03:51.627, 3, 44988 MiB, 100 %
2026/10/03 16:03:52.627, 3, 44988 MiB, 100 %
2026/10/03 16:03:53.627, 3, 44988 MiB, 100 %
2026/10/03 16:03:54.627, 3, 44988 MiB, 100 %
2026/10/03 16:03:55.628, 3, 44988 MiB, 100 %
2026/10/03 16:03:56.628, 3, 44988 MiB, 100 %
2026/10/03 16:03:57.628, 3, 44988 MiB, 100 %
2026/10/03 16:03:58.628, 3, 44988 MiB, 100 %
2026/10/03 16:03:59.628, 3, 44988 MiB, 100 %
2026/10/03 16:04:00.629, 3, 44988 MiB, 100 %
2026/10/03 16:04:01.629, 3, 44988 MiB, 100 %
2026/10/03 16:04:02.629, 3, 44988 MiB, 100 %
2026/10/03 16:04:03.629, 3, 44988 MiB, 100 %
2026/10/03 16:04:04.629, 3, 44988 MiB, 100 %
2026/10/03 16:04:05.630, 3, 44988 MiB, 100 %
2026/10/03 16:04:06.630, 3, 44988 MiB, 100 %
2026/10/03 16:04:07.630, 3, 44988 MiB, 100 %
2026/10/03 16:04:08.630, 3, 44988 MiB, 100 %
2026/10/03 16:04:09.630, 3, 44988 MiB, 100 %
2026/10/03 16:04:10.630, 3, 44988 MiB, 100 %
2026/10/03 16:04:11.630, 3, 44988 MiB, 100 %
2026/10/03 16:04:12.631, 3, 44988 MiB, 100 %
2026/10/03 16:04:13.631, 3, 44988 MiB, 100 %
2026/10/03 16:04:14.631, 3, 44988 MiB, 100 %
2026/10/03 16:04:15.631, 3, 44988 MiB, 100 %
2026/10/03 16:04:16.631, 3, 44988 MiB, 100 %
2026/10/03 16:04:17.631, 3, 44988 MiB, 100 %
2026/10/03 16:04:18.631, 3, 44988 MiB, 100 %
2026/10/03 16:04:19.631, 3, 44988 MiB, 100 %
2026/10/03 16:04:20.632, 3, 44988 MiB, 100 %
2026/10/03 16:04:21.632, 3, 44988 MiB, 100 %
2026/10/03 16:04:22.632, 3, 44988 MiB, 100 %
2026/10/03 16:04:23.632, 3, 44988 MiB, 100 %
2026/10/03 16:04:24.632, 3, 44988 MiB, 100 %
2026/10/03 16:04:25.632, 3, 44988 MiB, 100 %
2026/10/03 16:04:26.632, 3, 44988 MiB, 100 %
2026/10/03 16:04:27.633, 3, 44988 MiB, 100 %
2026/10/03 16:04:28.633, 3, 44988 MiB, 100 %
2026/10/03 16:04:29.633, 3, 44988 MiB, 100 %
2026/10/03 16:04:30.633, 3, 44988 MiB, 100 %
2026/10/03 16:04:31.633, 3, 44988 MiB, 100 %
2026/10/03 16:04:32.633, 3, 44988 MiB, 100 %
2026/10/03 16:04:33.633, 3, 44988 MiB, 100 %
2026/10/03 16:04:34.634, 3, 44988 MiB, 100 %
2026/10/03 16:04:35.634, 3, 44988 MiB, 100 %
2026/10/03 16:04:36.634, 3, 44988 MiB, 100 %
2026/10/03 16:04:37.634, 3, 44988 MiB, 100 %
2026/10/03 16:04:38.635, 3, 44988 MiB, 100 %
2026/10/03 16:04:39.635, 3, 44988 MiB, 100 %
2026/10/03 16:04:40.635, 3, 44988 MiB, 100 %
2026/10/03 16:04:41.636, 3, 44988 MiB, 100 %
2026/10/03 16:04:42.636, 3, 44988 MiB, 100 %
2026/10/03 16:04:43.636, 3, 44988 MiB, 100 %
2026/10/03 16:04:44.636, 3, 44988 MiB, 100 %
2026/10/03 16:04:45.637, 3, 44988 MiB, 100 %
2026/10/03 16:04:46.637, 3, 44988 MiB, 100 %
2026/10/03 16:04:47.637, 3, 44988 MiB, 100 %
2026/10/03 16:04:48.638, 3, 44988 MiB, 100 %
2026/10/03 16:04:49.638, 3, 44988 MiB, 100 %
2026/10/03 16:04:50.638, 3, 44988 MiB, 100 %
2026/10/03 16:04:51.638, 3, 44988 MiB, 100 %
2026/10/03 16:04:52.639, 3, 44988 MiB, 100 %
2026/10/03 16:04:53.639, 3, 44988 MiB, 100 %
2026/10/03 16:04:54.639, 3, 44988 MiB, 100 %
2026/10/03 16:04:55.640, 3, 44988 MiB, 100 %
2026/10/03 16:04:56.640, 3, 44988 MiB, 100 %
2026/10/03 16:04:57.640, 3, 44988 MiB, 100 %
2026/10/03 16:04:58.640, 3, 44988 MiB, 100 %
2026/10/03 16:04:59.641, 3, 44988 MiB, 100 %
2026/10/03 16:05:00.641, 3, 44988 MiB, 100 %
2026/10/03 16:05:01.641, 3, 44988 MiB, 100 %
2026/10/03 16:05:02.641, 3, 44988 MiB, 100 %
2026/10/03 16:05:03.642, 3, 44988 MiB, 100 %
2026/10/03 16:05:04.642, 3, 44988 MiB, 100 %
2026/10/03 16:05:05.642, 3, 44988 MiB, 100 %
2026/10/03 16:05:06.643, 3, 44988 MiB, 100 %
2026/10/03 16:05:07.643, 3, 44988 MiB, 100 %
2026/10/03 16:05:08.643, 3, 44988 MiB, 100 %
2026/10/03 16:05:09.643, 3, 44988 MiB, 100 %
2026/10/03 16:05:10.644, 3, 44988 MiB, 100 %
2026/10/03 16:05:11.644, 3, 44988 MiB, 100 %
2026/10/03 16:05:12.644, 3, 44988 MiB, 100 %
2026/10/03 16:05:13.644, 3, 44988 MiB, 100 %
2026/10/03 16:05:14.645, 3, 44988 MiB, 100 %
2026/10/03 16:05:15.645, 3, 44988 MiB, 100 %
2026/10/03 16:05:16.645, 3, 44988 MiB, 100 %
2026/10/03 16:05:17.645, 3, 44988 MiB, 100 %
2026/10/03 16:05:18.646, 3, 44988 MiB, 100 %
2026/10/03 16:05:19.646, 3, 44988 MiB, 100 %
2026/10/03 16:05:20.646, 3, 44988 MiB, 100 %
2026/10/03 16:05:21.646, 3, 44988 MiB, 100 %
2026/10/03 16:05:22.646, 3, 44988 MiB, 100 %
2026/10/03 16:05:23.646, 3, 44988 MiB, 100 %
2026/10/03 16:05:24.646, 3, 44988 MiB, 100 %
2026/10/03 16:05:25.647, 3, 44988 MiB, 100 %
2026/10/03 16:05:26.647, 3, 44988 MiB, 100 %
2026/10/03 16:05:27.647, 3, 44988 MiB, 100 %
2026/10/03 16:05:28.647, 3, 44988 MiB, 100 %
2026/10/03 16:05:29.647, 3, 44988 MiB, 100 %
2026/10/03 16:05:30.647, 3, 44988 MiB, 100 %
2026/10/03 16:05:31.647, 3, 44988 MiB, 100 %
2026/10/03 16:05:32.647, 3, 44988 MiB, 100 %
2026/10/03 16:05:33.648, 3, 44988 MiB, 100 %
2026/10/03 16:05:34.648, 3, 44988 MiB, 100 %
2026/10/03 16:05:35.649, 3, 44988 MiB, 100 %
2026/10/03 16:05:36.649, 3, 44988 MiB, 100 %
2026/10/03 16:05:37.649, 3, 44988 MiB, 100 %
2026/10/03 16:05:38.650, 3, 44988 MiB, 100 %
2026/10/03 16:05:39.650, 3, 44988 MiB, 100 %
2026/10/03 16:05:40.650, 3, 44988 MiB, 100 %
2026/10/03 16:05:41.650, 3, 44988 MiB, 100 %
2026/10/03 16:05:42.651, 3, 44988 MiB, 100 %
2026/10/03 16:05:43.651, 3, 44988 MiB, 100 %
2026/10/03 16:05:44.651, 3, 44988 MiB, 100 %
2026/10/03 16:05:45.651, 3, 44988 MiB, 100 %
2026/10/03 16:05:46.652, 3, 44988 MiB, 100 %
2026/10/03 16:05:47.652, 3, 44988 MiB, 100 %
2026/10/03 16:05:48.652, 3, 44988 MiB, 100 %
2026/10/03 16:05:49.652, 3, 44988 MiB, 100 %
2026/10/03 16:05:50.653, 3, 44988 MiB, 100 %
2026/10/03 16:05:51.653, 3, 44988 MiB, 100 %
2026/10/03 16:05:52.653, 3, 44988 MiB, 100 %
2026/10/03 16:05:53.653, 3, 44988 MiB, 100 %
2026/10/03 16:05:54.654, 3, 44988 MiB, 100 %
2026/10/03 16:05:55.654, 3, 44988 MiB, 100 %
2026/10/03 16:05:56.654, 3, 44988 MiB, 100 %
2026/10/03 16:05:57.654, 3, 44988 MiB, 100 %
2026/10/03 16:05:58.655, 3, 44988 MiB, 100 %
2026/10/03 16:05:59.655, 3, 44988 MiB, 100 %
2026/10/03 16:06:00.655, 3, 44988 MiB, 100 %
2026/10/03 16:06:01.656, 3, 44988 MiB, 100 %
2026/10/03 16:06:02.656, 3, 44988 MiB, 100 %
2026/10/03 16:06:03.656, 3, 44988 MiB, 100 %
2026/10/03 16:06:04.656, 3, 44988 MiB, 100 %
2026/10/03 16:06:05.657, 3, 44988 MiB, 100 %
2026/10/03 16:06:06.657, 3, 44988 MiB, 100 %
2026/10/03 16:06:07.657, 3, 44988 MiB, 100 %
2026/10/03 16:06:08.658, 3, 44988 MiB, 100 %
2026/10/03 16:06:09.658, 3, 44988 MiB, 100 %
2026/10/03 16:06:10.658, 3, 44988 MiB, 100 %
2026/10/03 16:06:11.658, 3, 44988 MiB, 100 %
2026/10/03 16:06:12.659, 3, 44988 MiB, 100 %
2026/10/03 16:06:13.659, 3, 44988 MiB, 100 %
2026/10/03 16:06:14.659, 3, 44988 MiB, 100 %
2026/10/03 16:06:15.660, 3, 44988 MiB, 100 %
2026/10/03 16:06:16.660, 3, 44988 MiB, 100 %
2026/10/03 16:06:17.660, 3, 44988 MiB, 100 %
2026/10/03 16:06:18.660, 3, 44988 MiB, 100 %
2026/10/03 16:06:19.661, 3, 44988 MiB, 100 %
2026/10/03 16:06:20.661, 3, 44988 MiB, 100 %
2026/10/03 16:06:21.661, 3, 44988 MiB, 100 %
2026/10/03 16:06:22.662, 3, 44988 MiB, 100 %
2026/10/03 16:06:23.662, 3, 44988 MiB, 100 %
2026/10/03 16:06:24.662, 3, 44988 MiB, 100 %
2026/10/03 16:06:25.663, 3, 44988 MiB, 100 %
2026/10/03 16:06:26.663, 3, 44988 MiB, 100 %
2026/10/03 16:06:27.663, 3, 44988 MiB, 100 %
2026/10/03 16:06:28.663, 3, 44988 MiB, 100 %
2026/10/03 16:06:29.664, 3, 44988 MiB, 100 %
2026/10/03 16:06:30.664, 3, 44988 MiB, 100 %
2026/10/03 16:06:31.664, 3, 44988 MiB, 100 %
2026/10/03 16:06:32.665, 3, 44988 MiB, 100 %
2026/10/03 16:06:33.665, 3, 44988 MiB, 100 %
2026/10/03 16:06:34.665, 3, 44988 MiB, 100 %
2026/10/03 16:06:35.665, 3, 44988 MiB, 100 %
2026/10/03 16:06:36.666, 3, 44988 MiB, 100 %
2026/10/03 16:06:37.666, 3, 44988 MiB, 100 %
2026/10/03 16:06:38.666, 3, 44988 MiB, 100 %
2026/10/03 16:06:39.666, 3, 44988 MiB, 100 %
2026/10/03 16:06:40.667, 3, 44988 MiB, 0 %
2026/10/03 16:06:41.667, 3, 44988 MiB, 99 %
2026/10/03 16:06:42.667, 3, 44988 MiB, 100 %
2026/10/03 16:06:43.667, 3, 44988 MiB, 100 %
2026/10/03 16:06:44.668, 3, 44988 MiB, 100 %
2026/10/03 16:06:45.668, 3, 44988 MiB, 100 %
2026/10/03 16:06:46.668, 3, 44988 MiB, 100 %
2026/10/03 16:06:47.668, 3, 44988 MiB, 100 %
2026/10/03 16:06:48.669, 3, 44988 MiB, 100 %
2026/10/03 16:06:49.669, 3, 44988 MiB, 100 %
2026/10/03 16:06:50.669, 3, 44988 MiB, 100 %
2026/10/03 16:06:51.669, 3, 44988 MiB, 100 %
2026/10/03 16:06:52.670, 3, 44988 MiB, 100 %
2026/10/03 16:06:53.670, 3, 44988 MiB, 100 %
2026/10/03 16:06:54.670, 3, 44988 MiB, 100 %
2026/10/03 16:06:55.670, 3, 44988 MiB, 100 %
2026/10/03 16:06:56.671, 3, 44988 MiB, 100 %
2026/10/03 16:06:57.671, 3, 44988 MiB, 100 %
2026/10/03 16:06:58.671, 3, 44988 MiB, 100 %
2026/10/03 16:06:59.672, 3, 44988 MiB, 100 %
2026/10/03 16:07:00.672, 3, 44988 MiB, 100 %
2026/10/03 16:07:01.672, 3, 44988 MiB, 100 %
2026/10/03 16:07:02.672, 3, 44988 MiB, 100 %
2026/10/03 16:07:03.673, 3, 44988 MiB, 100 %
2026/10/03 16:07:04.673, 3, 44988 MiB, 100 %
2026/10/03 16:07:05.673, 3, 44988 MiB, 100 %
2026/10/03 16:07:06.674, 3, 44988 MiB, 100 %
2026/10/03 16:07:07.674, 3, 44988 MiB, 100 %
2026/10/03 16:07:08.674, 3, 44988 MiB, 100 %
2026/10/03 16:07:09.674, 3, 44988 MiB, 100 %
2026/10/03 16:07:10.675, 3, 44988 MiB, 100 %
2026/10/03 16:07:11.675, 3, 44988 MiB, 100 %
2026/10/03 16:07:12.677, 3, 44988 MiB, 100 %
2026/10/03 16:07:13.677, 3, 44988 MiB, 100 %
2026/10/03 16:07:14.677, 3, 44988 MiB, 100 %
2026/10/03 16:07:15.678, 3, 44988 MiB, 100 %
2026/10/03 16:07:16.678, 3, 44988 MiB, 100 %
2026/10/03 16:07:17.679, 3, 44988 MiB, 100 %
2026/10/03 16:07:18.680, 3, 44988 MiB, 100 %
2026/10/03 16:07:19.680, 3, 44988 MiB, 100 %
2026/10/03 16:07:20.680, 3, 44988 MiB, 100 %
2026/10/03 16:07:21.680, 3, 44988 MiB, 100 %
2026/10/03 16:07:22.682, 3, 44988 MiB, 100 %
2026/10/03 16:07:23.682, 3, 44988 MiB, 100 %
2026/10/03 16:07:24.682, 3, 44988 MiB, 100 %
2026/10/03 16:07:25.683, 3, 44988 MiB, 100 %
2026/10/03 16:07:26.683, 3, 44988 MiB, 100 %
2026/10/03 16:07:27.683, 3, 44988 MiB, 100 %
2026/10/03 16:07:28.684, 3, 44988 MiB, 100 %
2026/10/03 16:07:29.684, 3, 44988 MiB, 100 %
2026/10/03 16:07:30.684, 3, 44988 MiB, 100 %
2026/10/03 16:07:31.685, 3, 44988 MiB, 100 %
2026/10/03 16:07:32.685, 3, 44988 MiB, 100 %
2026/10/03 16:07:33.685, 3, 44988 MiB, 100 %
2026/10/03 16:07:34.685, 3, 44988 MiB, 100 %
2026/10/03 16:07:35.686, 3, 44988 MiB, 100 %
2026/10/03 16:07:36.686, 3, 44988 MiB, 100 %
2026/10/03 16:07:37.686, 3, 44988 MiB, 100 %
2026/10/03 16:07:38.686, 3, 44988 MiB, 100 %
2026/10/03 16:07:39.687, 3, 44988 MiB, 100 %
2026/10/03 16:07:40.687, 3, 44988 MiB, 100 %
2026/10/03 16:07:41.687, 3, 44988 MiB, 100 %
2026/10/03 16:07:42.688, 3, 44988 MiB, 100 %
2026/10/03 16:07:43.688, 3, 44988 MiB, 100 %
2026/10/03 16:07:44.688, 3, 44988 MiB, 100 %
2026/10/03 16:07:45.688, 3, 44988 MiB, 100 %
2026/10/03 16:07:46.689, 3, 44988 MiB, 100 %
2026/10/03 16:07:47.689, 3, 44988 MiB, 100 %
2026/10/03 16:07:48.689, 3, 44988 MiB, 100 %
2026/10/03 16:07:49.690, 3, 44988 MiB, 100 %
2026/10/03 16:07:50.690, 3, 44988 MiB, 100 %
2026/10/03 16:07:51.690, 3, 44988 MiB, 100 %
2026/10/03 16:07:52.690, 3, 44988 MiB, 100 %
2026/10/03 16:07:53.691, 3, 44988 MiB, 100 %
2026/10/03 16:07:54.691, 3, 44988 MiB, 100 %
2026/10/03 16:07:55.691, 3, 44988 MiB, 100 %
2026/10/03 16:07:56.692, 3, 44988 MiB, 100 %
2026/10/03 16:07:57.692, 3, 44988 MiB, 100 %
2026/10/03 16:07:58.692, 3, 44988 MiB, 100 %
2026/10/03 16:07:59.692, 3, 44988 MiB, 100 %
2026/10/03 16:08:00.693, 3, 44988 MiB, 100 %
2026/10/03 16:08:01.693, 3, 44988 MiB, 100 %
2026/10/03 16:08:02.693, 3, 44988 MiB, 100 %
2026/10/03 16:08:03.694, 3, 44988 MiB, 100 %
2026/10/03 16:08:04.694, 3, 44988 MiB, 100 %
2026/10/03 16:08:05.694, 3, 44988 MiB, 100 %
2026/10/03 16:08:06.695, 3, 44988 MiB, 100 %
2026/10/03 16:08:07.695, 3, 44988 MiB, 100 %
2026/10/03 16:08:08.695, 3, 44988 MiB, 100 %
2026/10/03 16:08:09.695, 3, 44988 MiB, 100 %
2026/10/03 16:08:10.696, 3, 44988 MiB, 100 %
2026/10/03 16:08:11.696, 3, 44988 MiB, 100 %
2026/10/03 16:08:12.696, 3, 44988 MiB, 100 %
2026/10/03 16:08:13.697, 3, 44988 MiB, 100 %
2026/10/03 16:08:14.697, 3, 44988 MiB, 100 %
2026/10/03 16:08:15.697, 3, 44988 MiB, 100 %
2026/10/03 16:08:16.697, 3, 44988 MiB, 100 %
2026/10/03 16:08:17.698, 3, 44988 MiB, 100 %
2026/10/03 16:08:18.698, 3, 44988 MiB, 100 %
2026/10/03 16:08:19.698, 3, 44988 MiB, 100 %
2026/10/03 16:08:20.698, 3, 44988 MiB, 100 %
2026/10/03 16:08:21.699, 3, 44988 MiB, 100 %
2026/10/03 16:08:22.699, 3, 44988 MiB, 100 %
2026/10/03 16:08:23.699, 3, 44988 MiB, 100 %
2026/10/03 16:08:24.700, 3, 44988 MiB, 100 %
2026/10/03 16:08:25.700, 3, 44988 MiB, 100 %
2026/10/03 16:08:26.700, 3, 44988 MiB, 100 %
2026/10/03 16:08:27.700, 3, 44988 MiB, 100 %
2026/10/03 16:08:28.701, 3, 44988 MiB, 100 %
2026/10/03 16:08:29.701, 3, 44988 MiB, 100 %
2026/10/03 16:08:30.701, 3, 44988 MiB, 100 %
2026/10/03 16:08:31.701, 3, 44988 MiB, 100 %
2026/10/03 16:08:32.702, 3, 44988 MiB, 100 %
2026/10/03 16:08:33.702, 3, 44988 MiB, 100 %
2026/10/03 16:08:34.702, 3, 44988 MiB, 100 %
2026/10/03 16:08:35.703, 3, 44988 MiB, 100 %
2026/10/03 16:08:36.703, 3, 44988 MiB, 100 %
2026/10/03 16:08:37.703, 3, 44988 MiB, 100 %
2026/10/03 16:08:38.703, 3, 44988 MiB, 100 %
2026/10/03 16:08:39.704, 3, 44988 MiB, 100 %
2026/10/03 16:08:40.704, 3, 44988 MiB, 100 %
2026/10/03 16:08:41.704, 3, 44988 MiB, 100 %
2026/10/03 16:08:42.705, 3, 44988 MiB, 100 %
2026/10/03 16:08:43.705, 3, 44988 MiB, 100 %
2026/10/03 16:08:44.705, 3, 44988 MiB, 100 %
2026/10/03 16:08:45.705, 3, 44988 MiB, 100 %
2026/10/03 16:08:46.706, 3, 44988 MiB, 100 %
2026/10/03 16:08:47.706, 3, 44988 MiB, 100 %
2026/10/03 16:08:48.706, 3, 44988 MiB, 100 %
2026/10/03 16:08:49.707, 3, 44988 MiB, 100 %
2026/10/03 16:08:50.707, 3, 44988 MiB, 66 %
2026/10/03 16:08:51.707, 3, 44988 MiB, 100 %
2026/10/03 16:08:52.708, 3, 44988 MiB, 100 %
2026/10/03 16:08:53.708, 3, 44988 MiB, 100 %
2026/10/03 16:08:54.709, 3, 44988 MiB, 100 %
2026/10/03 16:08:55.709, 3, 44988 MiB, 100 %
2026/10/03 16:08:56.709, 3, 44988 MiB, 100 %
2026/10/03 16:08:57.710, 3, 44988 MiB, 100 %
2026/10/03 16:08:58.710, 3, 44988 MiB, 100 %
2026/10/03 16:08:59.710, 3, 44988 MiB, 100 %
2026/10/03 16:09:00.710, 3, 44988 MiB, 100 %
2026/10/03 16:09:01.711, 3, 44988 MiB, 100 %
2026/10/03 16:09:02.711, 3, 44988 MiB, 100 %
2026/10/03 16:09:03.711, 3, 44988 MiB, 100 %
2026/10/03 16:09:04.711, 3, 44988 MiB, 100 %
2026/10/03 16:09:05.712, 3, 44988 MiB, 100 %
2026/10/03 16:09:06.712, 3, 44988 MiB, 100 %
2026/10/03 16:09:07.712, 3, 44988 MiB, 100 %
2026/10/03 16:09:08.713, 3, 44988 MiB, 100 %
2026/10/03 16:09:09.713, 3, 44988 MiB, 100 %
2026/10/03 16:09:10.713, 3, 44988 MiB, 100 %
2026/10/03 16:09:11.714, 3, 44988 MiB, 100 %
2026/10/03 16:09:12.714, 3, 44988 MiB, 100 %
2026/10/03 16:09:13.714, 3, 44988 MiB, 100 %
2026/10/03 16:09:14.715, 3, 44988 MiB, 100 %
2026/10/03 16:09:15.715, 3, 44988 MiB, 100 %
2026/10/03 16:09:16.715, 3, 44988 MiB, 100 %
2026/10/03 16:09:17.715, 3, 44988 MiB, 100 %
2026/10/03 16:09:18.716, 3, 44988 MiB, 100 %
2026/10/03 16:09:19.716, 3, 44988 MiB, 100 %
2026/10/03 16:09:20.716, 3, 44988 MiB, 100 %
2026/10/03 16:09:21.717, 3, 44988 MiB, 100 %
2026/10/03 16:09:22.717, 3, 44988 MiB, 100 %
2026/10/03 16:09:23.717, 3, 44988 MiB, 100 %
2026/10/03 16:09:24.717, 3, 44988 MiB, 100 %
2026/10/03 16:09:25.718, 3, 44988 MiB, 100 %
2026/10/03 16:09:26.718, 3, 44988 MiB, 100 %
2026/10/03 16:09:27.718, 3, 44988 MiB, 100 %
2026/10/03 16:09:28.719, 3, 44988 MiB, 100 %
2026/10/03 16:09:29.719, 3, 44988 MiB, 100 %
2026/10/03 16:09:30.719, 3, 44988 MiB, 100 %
2026/10/03 16:09:31.720, 3, 44988 MiB, 100 %
2026/10/03 16:09:32.720, 3, 44988 MiB, 100 %
2026/10/03 16:09:33.720, 3, 44988 MiB, 100 %
2026/10/03 16:09:34.720, 3, 44988 MiB, 100 %
2026/10/03 16:09:35.721, 3, 44988 MiB, 100 %
2026/10/03 16:09:36.721, 3, 44988 MiB, 100 %
2026/10/03 16:09:37.721, 3, 44988 MiB, 100 %
2026/10/03 16:09:38.722, 3, 44988 MiB, 100 %
2026/10/03 16:09:39.722, 3, 44988 MiB, 100 %
2026/10/03 16:09:40.722, 3, 44988 MiB, 100 %
2026/10/03 16:09:41.722, 3, 44988 MiB, 100 %
2026/10/03 16:09:42.723, 3, 44988 MiB, 100 %
2026/10/03 16:09:43.723, 3, 44988 MiB, 99 %
2026/10/03 16:09:44.723, 3, 44988 MiB, 100 %
2026/10/03 16:09:45.724, 3, 44988 MiB, 100 %
2026/10/03 16:09:46.724, 3, 44988 MiB, 100 %
2026/10/03 16:09:47.724, 3, 44988 MiB, 100 %
2026/10/03 16:09:48.724, 3, 44988 MiB, 100 %
2026/10/03 16:09:49.725, 3, 44988 MiB, 100 %
2026/10/03 16:09:50.725, 3, 44988 MiB, 100 %
2026/10/03 16:09:51.725, 3, 44988 MiB, 100 %
2026/10/03 16:09:52.725, 3, 44988 MiB, 100 %
2026/10/03 16:09:53.726, 3, 44988 MiB, 100 %
2026/10/03 16:09:54.726, 3, 44988 MiB, 100 %
2026/10/03 16:09:55.726, 3, 44988 MiB, 100 %
2026/10/03 16:09:56.727, 3, 44988 MiB, 100 %
2026/10/03 16:09:57.727, 3, 44988 MiB, 100 %
2026/10/03 16:09:58.727, 3, 44988 MiB, 100 %
2026/10/03 16:09:59.727, 3, 44988 MiB, 100 %
2026/10/03 16:10:00.728, 3, 44988 MiB, 100 %
2026/10/03 16:10:01.728, 3, 44988 MiB, 100 %
2026/10/03 16:10:02.728, 3, 44988 MiB, 100 %
2026/10/03 16:10:03.729, 3, 44988 MiB, 100 %
2026/10/03 16:10:04.729, 3, 44988 MiB, 100 %
2026/10/03 16:10:05.729, 3, 44988 MiB, 100 %
2026/10/03 16:10:06.729, 3, 44988 MiB, 100 %
2026/10/03 16:10:07.729, 3, 44988 MiB, 100 %
2026/10/03 16:10:08.730, 3, 44988 MiB, 100 %
2026/10/03 16:10:09.730, 3, 44988 MiB, 100 %
2026/10/03 16:10:10.730, 3, 44988 MiB, 65 %
2026/10/03 16:10:11.730, 3, 44988 MiB, 100 %
2026/10/03 16:10:12.730, 3, 44988 MiB, 100 %
2026/10/03 16:10:13.731, 3, 44988 MiB, 100 %
2026/10/03 16:10:14.731, 3, 44988 MiB, 100 %
2026/10/03 16:10:15.731, 3, 44988 MiB, 100 %
2026/10/03 16:10:16.731, 3, 44988 MiB, 100 %
2026/10/03 16:10:17.732, 3, 44988 MiB, 100 %
2026/10/03 16:10:18.732, 3, 44988 MiB, 100 %
2026/10/03 16:10:19.732, 3, 44988 MiB, 100 %
2026/10/03 16:10:20.733, 3, 44988 MiB, 100 %
2026/10/03 16:10:21.733, 3, 44988 MiB, 100 %
2026/10/03 16:10:22.733, 3, 44988 MiB, 100 %
2026/10/03 16:10:23.733, 3, 44988 MiB, 100 %
2026/10/03 16:10:24.734, 3, 44988 MiB, 100 %
2026/10/03 16:10:25.734, 3, 44988 MiB, 100 %
2026/10/03 16:10:26.734, 3, 44988 MiB, 100 %
2026/10/03 16:10:27.735, 3, 44988 MiB, 100 %
2026/10/03 16:10:28.735, 3, 44988 MiB, 100 %
2026/10/03 16:10:29.735, 3, 44988 MiB, 100 %
2026/10/03 16:10:30.735, 3, 44988 MiB, 100 %
2026/10/03 16:10:31.736, 3, 44988 MiB, 100 %
2026/10/03 16:10:32.736, 3, 44988 MiB, 100 %
2026/10/03 16:10:33.736, 3, 44988 MiB, 100 %
2026/10/03 16:10:34.736, 3, 44988 MiB, 100 %
2026/10/03 16:10:35.737, 3, 44988 MiB, 100 %
2026/10/03 16:10:36.737, 3, 44988 MiB, 100 %
2026/10/03 16:10:37.737, 3, 44988 MiB, 100 %
2026/10/03 16:10:38.738, 3, 44988 MiB, 100 %
2026/10/03 16:10:39.738, 3, 44988 MiB, 100 %
2026/10/03 16:10:40.738, 3, 44988 MiB, 100 %
2026/10/03 16:10:41.738, 3, 44988 MiB, 100 %
2026/10/03 16:10:42.739, 3, 44988 MiB, 100 %
2026/10/03 16:10:43.739, 3, 44988 MiB, 100 %
2026/10/03 16:10:44.739, 3, 44988 MiB, 100 %
2026/10/03 16:10:45.740, 3, 44988 MiB, 100 %
2026/10/03 16:10:46.740, 3, 44988 MiB, 100 %
2026/10/03 16:10:47.740, 3, 44988 MiB, 100 %
2026/10/03 16:10:48.741, 3, 44988 MiB, 100 %
2026/10/03 16:10:49.741, 3, 44988 MiB, 100 %
2026/10/03 16:10:50.741, 3, 44988 MiB, 100 %
2026/10/03 16:10:51.741, 3, 44988 MiB, 100 %
2026/10/03 16:10:52.742, 3, 44988 MiB, 100 %
2026/10/03 16:10:53.742, 3, 44988 MiB, 100 %
2026/10/03 16:10:54.742, 3, 44988 MiB, 100 %
2026/10/03 16:10:55.743, 3, 44988 MiB, 100 %
2026/10/03 16:10:56.743, 3, 44988 MiB, 100 %
2026/10/03 16:10:57.743, 3, 44988 MiB, 100 %
2026/10/03 16:10:58.743, 3, 44988 MiB, 100 %
2026/10/03 16:10:59.744, 3, 44988 MiB, 79 %
2026/10/03 16:11:00.744, 3, 44988 MiB, 100 %
2026/10/03 16:11:01.744, 3, 44988 MiB, 100 %
2026/10/03 16:11:02.744, 3, 44988 MiB, 100 %
2026/10/03 16:11:03.745, 3, 44988 MiB, 100 %
2026/10/03 16:11:04.745, 3, 44988 MiB, 100 %
2026/10/03 16:11:05.745, 3, 44988 MiB, 100 %
2026/10/03 16:11:06.745, 3, 44988 MiB, 100 %
2026/10/03 16:11:07.746, 3, 44988 MiB, 100 %
2026/10/03 16:11:08.746, 3, 44988 MiB, 93 %
2026/10/03 16:11:09.746, 3, 44988 MiB, 100 %
2026/10/03 16:11:10.747, 3, 44988 MiB, 100 %
2026/10/03 16:11:11.747, 3, 44988 MiB, 100 %
2026/10/03 16:11:12.747, 3, 44988 MiB, 100 %
2026/10/03 16:11:13.747, 3, 44988 MiB, 100 %
2026/10/03 16:11:14.748, 3, 44988 MiB, 100 %
2026/10/03 16:11:15.748, 3, 44988 MiB, 100 %
2026/10/03 16:11:16.748, 3, 44988 MiB, 100 %
2026/10/03 16:11:17.749, 3, 44988 MiB, 100 %
2026/10/03 16:11:18.749, 3, 44988 MiB, 100 %
2026/10/03 16:11:19.749, 3, 44988 MiB, 100 %
2026/10/03 16:11:20.750, 3, 44988 MiB, 100 %
2026/10/03 16:11:21.750, 3, 44988 MiB, 100 %
2026/10/03 16:11:22.750, 3, 44988 MiB, 100 %
2026/10/03 16:11:23.750, 3, 44988 MiB, 100 %
2026/10/03 16:11:24.751, 3, 44988 MiB, 100 %
2026/10/03 16:11:25.751, 3, 44988 MiB, 100 %
2026/10/03 16:11:26.751, 3, 44988 MiB, 100 %
2026/10/03 16:11:27.752, 3, 44988 MiB, 100 %
2026/10/03 16:11:28.752, 3, 44988 MiB, 100 %
2026/10/03 16:11:29.752, 3, 44988 MiB, 100 %
2026/10/03 16:11:30.753, 3, 44988 MiB, 100 %
2026/10/03 16:11:31.753, 3, 44988 MiB, 100 %
2026/10/03 16:11:32.753, 3, 44988 MiB, 100 %
2026/10/03 16:11:33.753, 3, 44988 MiB, 100 %
2026/10/03 16:11:34.754, 3, 44988 MiB, 100 %
2026/10/03 16:11:35.754, 3, 44988 MiB, 100 %
2026/10/03 16:11:36.754, 3, 44988 MiB, 100 %
2026/10/03 16:11:37.754, 3, 44988 MiB, 100 %
2026/10/03 16:11:38.755, 3, 44988 MiB, 100 %
2026/10/03 16:11:39.755, 3, 44988 MiB, 100 %
2026/10/03 16:11:40.755, 3, 44988 MiB, 100 %
2026/10/03 16:11:41.756, 3, 44988 MiB, 100 %
2026/10/03 16:11:42.756, 3, 44988 MiB, 100 %
2026/10/03 16:11:43.756, 3, 44988 MiB, 100 %
2026/10/03 16:11:44.756, 3, 44988 MiB, 100 %
2026/10/03 16:11:45.757, 3, 44988 MiB, 100 %
2026/10/03 16:11:46.757, 3, 44988 MiB, 100 %
2026/10/03 16:11:47.757, 3, 44988 MiB, 100 %
2026/10/03 16:11:48.757, 3, 44988 MiB, 100 %
2026/10/03 16:11:49.758, 3, 44988 MiB, 100 %
2026/10/03 16:11:50.758, 3, 44988 MiB, 100 %
2026/10/03 16:11:51.758, 3, 44988 MiB, 100 %
2026/10/03 16:11:52.758, 3, 44988 MiB, 98 %
2026/10/03 16:11:53.759, 3, 44988 MiB, 100 %
2026/10/03 16:11:54.759, 3, 44988 MiB, 100 %
2026/10/03 16:11:55.759, 3, 44988 MiB, 100 %
2026/10/03 16:11:56.760, 3, 44988 MiB, 100 %
2026/10/03 16:11:57.760, 3, 44988 MiB, 100 %
2026/10/03 16:11:58.760, 3, 44988 MiB, 100 %
2026/10/03 16:11:59.760, 3, 44988 MiB, 100 %
2026/10/03 16:12:00.761, 3, 44988 MiB, 100 %
2026/10/03 16:12:01.761, 3, 44988 MiB, 100 %
2026/10/03 16:12:02.761, 3, 44988 MiB, 100 %
2026/10/03 16:12:03.761, 3, 44988 MiB, 100 %
2026/10/03 16:12:04.762, 3, 44988 MiB, 100 %
2026/10/03 16:12:05.762, 3, 44988 MiB, 100 %
2026/10/03 16:12:06.762, 3, 44988 MiB, 100 %
2026/10/03 16:12:07.763, 3, 44988 MiB, 100 %
2026/10/03 16:12:08.763, 3, 44988 MiB, 100 %
2026/10/03 16:12:09.763, 3, 44988 MiB, 100 %
2026/10/03 16:12:10.763, 3, 44988 MiB, 100 %
2026/10/03 16:12:11.764, 3, 44988 MiB, 100 %
2026/10/03 16:12:12.764, 3, 44988 MiB, 100 %
2026/10/03 16:12:13.764, 3, 44988 MiB, 100 %
2026/10/03 16:12:14.765, 3, 44988 MiB, 100 %
2026/10/03 16:12:15.765, 3, 44988 MiB, 100 %
2026/10/03 16:12:16.765, 3, 44988 MiB, 100 %
2026/10/03 16:12:17.765, 3, 44988 MiB, 100 %
2026/10/03 16:12:18.766, 3, 44988 MiB, 100 %
2026/10/03 16:12:19.766, 3, 44988 MiB, 100 %
2026/10/03 16:12:20.766, 3, 44988 MiB, 100 %
2026/10/03 16:12:21.767, 3, 44988 MiB, 100 %
2026/10/03 16:12:22.767, 3, 44988 MiB, 100 %
2026/10/03 16:12:23.767, 3, 44988 MiB, 100 %
2026/10/03 16:12:24.767, 3, 44988 MiB, 100 %
2026/10/03 16:12:25.768, 3, 44988 MiB, 100 %
2026/10/03 16:12:26.768, 3, 44988 MiB, 100 %
2026/10/03 16:12:27.768, 3, 44988 MiB, 100 %
2026/10/03 16:12:28.768, 3, 44988 MiB, 100 %
2026/10/03 16:12:29.769, 3, 44988 MiB, 100 %
2026/10/03 16:12:30.769, 3, 44988 MiB, 100 %
2026/10/03 16:12:31.769, 3, 44988 MiB, 100 %
2026/10/03 16:12:32.770, 3, 44988 MiB, 100 %
2026/10/03 16:12:33.770, 3, 44988 MiB, 100 %
2026/10/03 16:12:34.770, 3, 44988 MiB, 100 %
2026/10/03 16:12:35.770, 3, 44988 MiB, 100 %
2026/10/03 16:12:36.771, 3, 44988 MiB, 100 %
2026/10/03 16:12:37.771, 3, 44988 MiB, 100 %
2026/10/03 16:12:38.771, 3, 44988 MiB, 100 %
2026/10/03 16:12:39.771, 3, 44988 MiB, 100 %
2026/10/03 16:12:40.772, 3, 44988 MiB, 99 %
2026/10/03 16:12:41.772, 3, 44988 MiB, 99 %
2026/10/03 16:12:42.772, 3, 44988 MiB, 100 %
2026/10/03 16:12:43.773, 3, 44988 MiB, 100 %
2026/10/03 16:12:44.773, 3, 44988 MiB, 100 %
2026/10/03 16:12:45.773, 3, 44988 MiB, 100 %
2026/10/03 16:12:46.773, 3, 44988 MiB, 100 %
2026/10/03 16:12:47.774, 3, 44988 MiB, 100 %
2026/10/03 16:12:48.774, 3, 44988 MiB, 100 %
2026/10/03 16:12:49.774, 3, 44988 MiB, 100 %
2026/10/03 16:12:50.774, 3, 44988 MiB, 100 %
2026/10/03 16:12:51.775, 3, 44988 MiB, 100 %
2026/10/03 16:12:52.775, 3, 44988 MiB, 100 %
2026/10/03 16:12:53.775, 3, 44988 MiB, 100 %
2026/10/03 16:12:54.776, 3, 44988 MiB, 100 %
2026/10/03 16:12:55.776, 3, 44988 MiB, 100 %
2026/10/03 16:12:56.776, 3, 44988 MiB, 100 %
2026/10/03 16:12:57.776, 3, 44988 MiB, 100 %
2026/10/03 16:12:58.777, 3, 44988 MiB, 100 %
2026/10/03 16:12:59.777, 3, 44988 MiB, 100 %
2026/10/03 16:13:00.777, 3, 44988 MiB, 100 %
2026/10/03 16:13:01.778, 3, 44988 MiB, 100 %
2026/10/03 16:13:02.778, 3, 44988 MiB, 100 %
2026/10/03 16:13:03.778, 3, 44988 MiB, 100 %
2026/10/03 16:13:04.778, 3, 44988 MiB, 100 %
2026/10/03 16:13:05.779, 3, 44988 MiB, 100 %
2026/10/03 16:13:06.779, 3, 44988 MiB, 100 %
2026/10/03 16:13:07.779, 3, 44988 MiB, 100 %
2026/10/03 16:13:08.779, 3, 44988 MiB, 100 %
2026/10/03 16:13:09.780, 3, 44988 MiB, 100 %
2026/10/03 16:13:10.780, 3, 44988 MiB, 64 %
2026/10/03 16:13:11.780, 3, 44988 MiB, 100 %
2026/10/03 16:13:12.781, 3, 44988 MiB, 100 %
2026/10/03 16:13:13.781, 3, 44988 MiB, 100 %
2026/10/03 16:13:14.781, 3, 44988 MiB, 100 %
2026/10/03 16:13:15.781, 3, 44988 MiB, 100 %
2026/10/03 16:13:16.782, 3, 44988 MiB, 100 %
2026/10/03 16:13:17.782, 3, 44988 MiB, 100 %
2026/10/03 16:13:18.782, 3, 44988 MiB, 100 %
2026/10/03 16:13:19.783, 3, 44988 MiB, 100 %
2026/10/03 16:13:20.783, 3, 44988 MiB, 100 %
2026/10/03 16:13:21.783, 3, 44988 MiB, 100 %
2026/10/03 16:13:22.783, 3, 44988 MiB, 100 %
2026/10/03 16:13:23.784, 3, 44988 MiB, 100 %
2026/10/03 16:13:24.784, 3, 44988 MiB, 100 %
2026/10/03 16:13:25.784, 3, 44988 MiB, 100 %
2026/10/03 16:13:26.785, 3, 44988 MiB, 100 %
2026/10/03 16:13:27.785, 3, 44988 MiB, 100 %
2026/10/03 16:13:28.785, 3, 44988 MiB, 100 %
2026/10/03 16:13:29.786, 3, 44988 MiB, 100 %
2026/10/03 16:13:30.786, 3, 44988 MiB, 100 %
2026/10/03 16:13:31.786, 3, 44988 MiB, 100 %
2026/10/03 16:13:32.786, 3, 44988 MiB, 100 %
2026/10/03 16:13:33.787, 3, 44988 MiB, 100 %
2026/10/03 16:13:34.787, 3, 44988 MiB, 100 %
2026/10/03 16:13:35.787, 3, 44988 MiB, 100 %
2026/10/03 16:13:36.787, 3, 44988 MiB, 100 %
2026/10/03 16:13:37.788, 3, 44988 MiB, 100 %
2026/10/03 16:13:38.788, 3, 44988 MiB, 100 %
2026/10/03 16:13:39.788, 3, 44988 MiB, 100 %
2026/10/03 16:13:40.789, 3, 44988 MiB, 100 %
2026/10/03 16:13:41.789, 3, 44988 MiB, 100 %
2026/10/03 16:13:42.789, 3, 44988 MiB, 100 %
2026/10/03 16:13:43.789, 3, 44988 MiB, 100 %
2026/10/03 16:13:44.790, 3, 44988 MiB, 100 %
2026/10/03 16:13:45.790, 3, 44988 MiB, 100 %
2026/10/03 16:13:46.790, 3, 44988 MiB, 100 %
2026/10/03 16:13:47.791, 3, 44988 MiB, 100 %
2026/10/03 16:13:48.791, 3, 44988 MiB, 100 %
2026/10/03 16:13:49.791, 3, 44988 MiB, 100 %
2026/10/03 16:13:50.791, 3, 44988 MiB, 100 %
2026/10/03 16:13:51.792, 3, 44988 MiB, 100 %
2026/10/03 16:13:52.792, 3, 44988 MiB, 100 %
2026/10/03 16:13:53.792, 3, 44988 MiB, 100 %
2026/10/03 16:13:54.793, 3, 44988 MiB, 100 %
2026/10/03 16:13:55.793, 3, 44988 MiB, 100 %
2026/10/03 16:13:56.793, 3, 44988 MiB, 100 %
2026/10/03 16:13:57.793, 3, 44988 MiB, 100 %
2026/10/03 16:13:58.794, 3, 44988 MiB, 100 %
2026/10/03 16:13:59.794, 3, 44988 MiB, 100 %
2026/10/03 16:14:00.794, 3, 44988 MiB, 100 %
2026/10/03 16:14:01.795, 3, 44988 MiB, 100 %
2026/10/03 16:14:02.795, 3, 44988 MiB, 100 %
2026/10/03 16:14:03.795, 3, 44988 MiB, 100 %
2026/10/03 16:14:04.795, 3, 44988 MiB, 100 %
2026/10/03 16:14:05.795, 3, 44988 MiB, 100 %
2026/10/03 16:14:06.795, 3, 44988 MiB, 100 %
2026/10/03 16:14:07.795, 3, 44988 MiB, 100 %
2026/10/03 16:14:08.795, 3, 44988 MiB, 58 %
2026/10/03 16:14:09.796, 3, 44988 MiB, 100 %
2026/10/03 16:14:10.796, 3, 44988 MiB, 100 %
2026/10/03 16:14:11.796, 3, 44988 MiB, 100 %
2026/10/03 16:14:12.796, 3, 44988 MiB, 100 %
2026/10/03 16:14:13.796, 3, 44988 MiB, 100 %
2026/10/03 16:14:14.796, 3, 44988 MiB, 100 %
2026/10/03 16:14:15.796, 3, 44988 MiB, 100 %
2026/10/03 16:14:16.796, 3, 44988 MiB, 100 %
2026/10/03 16:14:17.797, 3, 44988 MiB, 100 %
2026/10/03 16:14:18.797, 3, 44988 MiB, 100 %
2026/10/03 16:14:19.797, 3, 44988 MiB, 100 %
2026/10/03 16:14:20.797, 3, 44988 MiB, 100 %
2026/10/03 16:14:21.797, 3, 44988 MiB, 100 %
2026/10/03 16:14:22.797, 3, 44988 MiB, 100 %
2026/10/03 16:14:23.798, 3, 44988 MiB, 100 %
2026/10/03 16:14:24.798, 3, 44988 MiB, 100 %
2026/10/03 16:14:25.798, 3, 44988 MiB, 100 %
2026/10/03 16:14:26.799, 3, 44988 MiB, 100 %
2026/10/03 16:14:27.799, 3, 44988 MiB, 100 %
2026/10/03 16:14:28.799, 3, 44988 MiB, 100 %
2026/10/03 16:14:29.799, 3, 44988 MiB, 100 %
2026/10/03 16:14:30.800, 3, 44988 MiB, 100 %
2026/10/03 16:14:31.800, 3, 44988 MiB, 100 %
2026/10/03 16:14:32.800, 3, 44988 MiB, 100 %
2026/10/03 16:14:33.801, 3, 44988 MiB, 100 %
2026/10/03 16:14:34.801, 3, 44988 MiB, 100 %
2026/10/03 16:14:35.801, 3, 44988 MiB, 100 %
2026/10/03 16:14:36.801, 3, 44988 MiB, 100 %
2026/10/03 16:14:37.802, 3, 44988 MiB, 100 %
2026/10/03 16:14:38.802, 3, 44988 MiB, 100 %
2026/10/03 16:14:39.802, 3, 44988 MiB, 100 %
2026/10/03 16:14:40.803, 3, 44988 MiB, 100 %
2026/10/03 16:14:41.803, 3, 44988 MiB, 100 %
2026/10/03 16:14:42.803, 3, 44988 MiB, 100 %
2026/10/03 16:14:43.804, 3, 44988 MiB, 100 %
2026/10/03 16:14:44.804, 3, 44988 MiB, 100 %
2026/10/03 16:14:45.804, 3, 44988 MiB, 100 %
2026/10/03 16:14:46.804, 3, 44988 MiB, 100 %
2026/10/03 16:14:47.805, 3, 44988 MiB, 100 %
2026/10/03 16:14:48.805, 3, 44988 MiB, 100 %
2026/10/03 16:14:49.805, 3, 44988 MiB, 100 %
2026/10/03 16:14:50.805, 3, 44988 MiB, 100 %
2026/10/03 16:14:51.806, 3, 44988 MiB, 100 %
2026/10/03 16:14:52.806, 3, 44988 MiB, 100 %
2026/10/03 16:14:53.806, 3, 44988 MiB, 100 %
2026/10/03 16:14:54.806, 3, 44988 MiB, 100 %
2026/10/03 16:14:55.807, 3, 44988 MiB, 100 %
2026/10/03 16:14:56.807, 3, 44988 MiB, 100 %
2026/10/03 16:14:57.807, 3, 44988 MiB, 100 %
2026/10/03 16:14:58.807, 3, 44988 MiB, 100 %
2026/10/03 16:14:59.808, 3, 44988 MiB, 100 %
2026/10/03 16:15:00.808, 3, 44988 MiB, 100 %
2026/10/03 16:15:01.808, 3, 44988 MiB, 100 %
2026/10/03 16:15:02.808, 3, 44988 MiB, 100 %
2026/10/03 16:15:03.809, 3, 44988 MiB, 100 %
2026/10/03 16:15:04.809, 3, 44988 MiB, 100 %
2026/10/03 16:15:05.809, 3, 44988 MiB, 100 %
2026/10/03 16:15:06.810, 3, 44988 MiB, 100 %
2026/10/03 16:15:07.810, 3, 44988 MiB, 100 %
2026/10/03 16:15:08.810, 3, 44988 MiB, 100 %
2026/10/03 16:15:09.810, 3, 44988 MiB, 100 %
2026/10/03 16:15:10.811, 3, 44988 MiB, 100 %
2026/10/03 16:15:11.811, 3, 44988 MiB, 100 %
2026/10/03 16:15:12.811, 3, 44988 MiB, 100 %
2026/10/03 16:15:13.811, 3, 44988 MiB, 100 %
2026/10/03 16:15:14.812, 3, 44988 MiB, 100 %
2026/10/03 16:15:15.812, 3, 44988 MiB, 100 %
2026/10/03 16:15:16.812, 3, 44988 MiB, 100 %
2026/10/03 16:15:17.812, 3, 44988 MiB, 100 %
2026/10/03 16:15:18.813, 3, 44988 MiB, 100 %
2026/10/03 16:15:19.813, 3, 44988 MiB, 100 %
2026/10/03 16:15:20.813, 3, 44988 MiB, 100 %
2026/10/03 16:15:21.813, 3, 44988 MiB, 100 %
2026/10/03 16:15:22.814, 3, 44988 MiB, 100 %
2026/10/03 16:15:23.814, 3, 44988 MiB, 100 %
2026/10/03 16:15:24.814, 3, 44988 MiB, 100 %
2026/10/03 16:15:25.814, 3, 44988 MiB, 100 %
2026/10/03 16:15:26.814, 3, 44988 MiB, 100 %
2026/10/03 16:15:27.815, 3, 44988 MiB, 100 %
2026/10/03 16:15:28.815, 3, 44988 MiB, 100 %
2026/10/03 16:15:29.815, 3, 44988 MiB, 100 %
2026/10/03 16:15:30.816, 3, 44988 MiB, 100 %
2026/10/03 16:15:31.816, 3, 44988 MiB, 100 %
2026/10/03 16:15:32.816, 3, 44988 MiB, 100 %
2026/10/03 16:15:33.816, 3, 44988 MiB, 100 %
2026/10/03 16:15:34.817, 3, 44988 MiB, 100 %
2026/10/03 16:15:35.817, 3, 44988 MiB, 100 %
2026/10/03 16:15:36.817, 3, 44988 MiB, 100 %
2026/10/03 16:15:37.818, 3, 44988 MiB, 100 %
2026/10/03 16:15:38.818, 3, 44988 MiB, 100 %
2026/10/03 16:15:39.818, 3, 44988 MiB, 100 %
2026/10/03 16:15:40.818, 3, 44988 MiB, 99 %
2026/10/03 16:15:41.819, 3, 44988 MiB, 99 %
2026/10/03 16:15:42.819, 3, 45588 MiB, 100 %
2026/10/03 16:15:43.819, 3, 45588 MiB, 100 %
2026/10/03 16:15:44.819, 3, 45588 MiB, 100 %
2026/10/03 16:15:45.820, 3, 45588 MiB, 100 %
2026/10/03 16:15:46.820, 3, 45588 MiB, 100 %
2026/10/03 16:15:47.820, 3, 45588 MiB, 100 %
2026/10/03 16:15:48.820, 3, 45588 MiB, 100 %
2026/10/03 16:15:49.821, 3, 45588 MiB, 100 %
2026/10/03 16:15:50.821, 3, 45588 MiB, 100 %
2026/10/03 16:15:51.821, 3, 45588 MiB, 100 %
2026/10/03 16:15:52.821, 3, 45588 MiB, 100 %
2026/10/03 16:15:53.822, 3, 45588 MiB, 100 %
2026/10/03 16:15:54.822, 3, 45588 MiB, 100 %
2026/10/03 16:15:55.822, 3, 45588 MiB, 100 %
2026/10/03 16:15:56.822, 3, 45588 MiB, 100 %
2026/10/03 16:15:57.823, 3, 45588 MiB, 100 %
2026/10/03 16:15:58.823, 3, 45588 MiB, 100 %
2026/10/03 16:15:59.823, 3, 45588 MiB, 100 %
2026/10/03 16:16:00.823, 3, 45588 MiB, 100 %
2026/10/03 16:16:01.824, 3, 45588 MiB, 100 %
2026/10/03 16:16:02.824, 3, 45588 MiB, 100 %
2026/10/03 16:16:03.824, 3, 45588 MiB, 100 %
2026/10/03 16:16:04.824, 3, 45588 MiB, 100 %
2026/10/03 16:16:05.825, 3, 45588 MiB, 100 %
2026/10/03 16:16:06.825, 3, 45588 MiB, 100 %
2026/10/03 16:16:07.825, 3, 45588 MiB, 100 %
2026/10/03 16:16:08.825, 3, 45588 MiB, 100 %
2026/10/03 16:16:09.826, 3, 45588 MiB, 100 %
2026/10/03 16:16:10.826, 3, 45588 MiB, 99 %
2026/10/03 16:16:11.826, 3, 45588 MiB, 100 %
2026/10/03 16:16:12.827, 3, 45588 MiB, 99 %
2026/10/03 16:16:13.827, 3, 45588 MiB, 100 %
2026/10/03 16:16:14.827, 3, 45588 MiB, 100 %
2026/10/03 16:16:15.827, 3, 45588 MiB, 100 %
2026/10/03 16:16:16.828, 3, 45588 MiB, 100 %
2026/10/03 16:16:17.828, 3, 45588 MiB, 100 %
2026/10/03 16:16:18.828, 3, 45588 MiB, 100 %
2026/10/03 16:16:19.829, 3, 45588 MiB, 100 %
2026/10/03 16:16:20.829, 3, 45588 MiB, 100 %
2026/10/03 16:16:21.829, 3, 45588 MiB, 100 %
2026/10/03 16:16:22.829, 3, 45588 MiB, 100 %
2026/10/03 16:16:23.830, 3, 45588 MiB, 100 %
2026/10/03 16:16:24.830, 3, 45588 MiB, 100 %
2026/10/03 16:16:25.830, 3, 45588 MiB, 100 %
2026/10/03 16:16:26.831, 3, 45588 MiB, 100 %
2026/10/03 16:16:27.831, 3, 45588 MiB, 100 %
2026/10/03 16:16:28.831, 3, 45588 MiB, 100 %
2026/10/03 16:16:29.832, 3, 45588 MiB, 100 %
2026/10/03 16:16:30.832, 3, 45588 MiB, 100 %
2026/10/03 16:16:31.832, 3, 45588 MiB, 100 %
2026/10/03 16:16:32.832, 3, 45588 MiB, 100 %
2026/10/03 16:16:33.833, 3, 45588 MiB, 100 %
2026/10/03 16:16:34.833, 3, 45588 MiB, 100 %
2026/10/03 16:16:35.833, 3, 45588 MiB, 100 %
2026/10/03 16:16:36.834, 3, 45588 MiB, 100 %
2026/10/03 16:16:37.834, 3, 45588 MiB, 100 %
2026/10/03 16:16:38.834, 3, 45588 MiB, 100 %
2026/10/03 16:16:39.834, 3, 45588 MiB, 100 %
2026/10/03 16:16:40.835, 3, 45588 MiB, 96 %
2026/10/03 16:16:41.835, 3, 45588 MiB, 100 %
2026/10/03 16:16:42.835, 3, 45588 MiB, 100 %
2026/10/03 16:16:43.836, 3, 45588 MiB, 100 %
2026/10/03 16:16:44.836, 3, 45588 MiB, 100 %
2026/10/03 16:16:45.836, 3, 45588 MiB, 100 %
2026/10/03 16:16:46.836, 3, 45588 MiB, 100 %
2026/10/03 16:16:47.836, 3, 45588 MiB, 100 %
2026/10/03 16:16:48.837, 3, 45588 MiB, 100 %
2026/10/03 16:16:49.837, 3, 45588 MiB, 100 %
2026/10/03 16:16:50.837, 3, 45588 MiB, 100 %
2026/10/03 16:16:51.838, 3, 45588 MiB, 100 %
2026/10/03 16:16:52.838, 3, 45588 MiB, 100 %
2026/10/03 16:16:53.838, 3, 45588 MiB, 100 %
2026/10/03 16:16:54.838, 3, 45588 MiB, 100 %
2026/10/03 16:16:55.839, 3, 45588 MiB, 100 %
2026/10/03 16:16:56.839, 3, 45588 MiB, 100 %
2026/10/03 16:16:57.839, 3, 45588 MiB, 100 %
2026/10/03 16:16:58.839, 3, 45588 MiB, 100 %
2026/10/03 16:16:59.840, 3, 45588 MiB, 100 %
2026/10/03 16:17:00.840, 3, 45588 MiB, 100 %
2026/10/03 16:17:01.840, 3, 45588 MiB, 100 %
2026/10/03 16:17:02.840, 3, 45588 MiB, 100 %
2026/10/03 16:17:03.841, 3, 45588 MiB, 100 %
2026/10/03 16:17:04.841, 3, 45588 MiB, 100 %
2026/10/03 16:17:05.841, 3, 45588 MiB, 100 %
2026/10/03 16:17:06.841, 3, 45588 MiB, 100 %
2026/10/03 16:17:07.842, 3, 45588 MiB, 100 %
2026/10/03 16:17:08.842, 3, 45588 MiB, 79 %
2026/10/03 16:17:09.842, 3, 45588 MiB, 100 %
2026/10/03 16:17:10.842, 3, 45588 MiB, 100 %
2026/10/03 16:17:11.843, 3, 45588 MiB, 100 %
2026/10/03 16:17:12.843, 3, 45588 MiB, 100 %
2026/10/03 16:17:13.843, 3, 45588 MiB, 100 %
2026/10/03 16:17:14.843, 3, 45588 MiB, 100 %
2026/10/03 16:17:15.844, 3, 45588 MiB, 100 %
2026/10/03 16:17:16.844, 3, 45588 MiB, 100 %
2026/10/03 16:17:17.844, 3, 45588 MiB, 100 %
2026/10/03 16:17:18.845, 3, 45588 MiB, 100 %
2026/10/03 16:17:19.845, 3, 45588 MiB, 100 %
2026/10/03 16:17:20.845, 3, 45588 MiB, 100 %
2026/10/03 16:17:21.845, 3, 45588 MiB, 100 %
2026/10/03 16:17:22.846, 3, 45588 MiB, 100 %
2026/10/03 16:17:23.846, 3, 45588 MiB, 100 %
2026/10/03 16:17:24.846, 3, 45588 MiB, 100 %
2026/10/03 16:17:25.846, 3, 45588 MiB, 100 %
2026/10/03 16:17:26.847, 3, 45588 MiB, 100 %
2026/10/03 16:17:27.847, 3, 45588 MiB, 100 %
2026/10/03 16:17:28.847, 3, 45588 MiB, 100 %
2026/10/03 16:17:29.848, 3, 45588 MiB, 100 %
2026/10/03 16:17:30.848, 3, 45588 MiB, 100 %
2026/10/03 16:17:31.848, 3, 45588 MiB, 100 %
2026/10/03 16:17:32.848, 3, 45588 MiB, 100 %
2026/10/03 16:17:33.849, 3, 45588 MiB, 100 %
2026/10/03 16:17:34.849, 3, 45588 MiB, 100 %
2026/10/03 16:17:35.849, 3, 45588 MiB, 100 %
2026/10/03 16:17:36.849, 3, 45588 MiB, 100 %
2026/10/03 16:17:37.850, 3, 45588 MiB, 100 %
2026/10/03 16:17:38.850, 3, 45588 MiB, 100 %
2026/10/03 16:17:39.850, 3, 45588 MiB, 100 %
2026/10/03 16:17:40.850, 3, 45588 MiB, 100 %
2026/10/03 16:17:41.851, 3, 45588 MiB, 100 %
2026/10/03 16:17:42.851, 3, 45588 MiB, 100 %
2026/10/03 16:17:43.851, 3, 45588 MiB, 100 %
2026/10/03 16:17:44.851, 3, 45588 MiB, 100 %
2026/10/03 16:17:45.852, 3, 45588 MiB, 100 %
2026/10/03 16:17:46.852, 3, 45588 MiB, 100 %
2026/10/03 16:17:47.852, 3, 45588 MiB, 100 %
2026/10/03 16:17:48.853, 3, 45588 MiB, 100 %
2026/10/03 16:17:49.853, 3, 45588 MiB, 100 %
2026/10/03 16:17:50.853, 3, 45588 MiB, 100 %
2026/10/03 16:17:51.853, 3, 45588 MiB, 100 %
2026/10/03 16:17:52.854, 3, 45588 MiB, 100 %
2026/10/03 16:17:53.854, 3, 45588 MiB, 100 %
2026/10/03 16:17:54.854, 3, 45588 MiB, 100 %
2026/10/03 16:17:55.855, 3, 45588 MiB, 100 %
2026/10/03 16:17:56.855, 3, 45588 MiB, 100 %
2026/10/03 16:17:57.855, 3, 45588 MiB, 100 %
2026/10/03 16:17:58.855, 3, 45588 MiB, 100 %
2026/10/03 16:17:59.856, 3, 45588 MiB, 100 %
2026/10/03 16:18:00.856, 3, 45588 MiB, 100 %
2026/10/03 16:18:01.856, 3, 45588 MiB, 100 %
2026/10/03 16:18:02.856, 3, 45588 MiB, 100 %
2026/10/03 16:18:03.857, 3, 45588 MiB, 100 %
2026/10/03 16:18:04.857, 3, 45588 MiB, 100 %
2026/10/03 16:18:05.857, 3, 45588 MiB, 100 %
2026/10/03 16:18:06.858, 3, 45588 MiB, 100 %
2026/10/03 16:18:07.858, 3, 45588 MiB, 100 %
2026/10/03 16:18:08.858, 3, 45588 MiB, 100 %
2026/10/03 16:18:09.858, 3, 45588 MiB, 100 %
2026/10/03 16:18:10.859, 3, 45588 MiB, 100 %
2026/10/03 16:18:11.859, 3, 45588 MiB, 100 %
2026/10/03 16:18:12.859, 3, 45588 MiB, 100 %
2026/10/03 16:18:13.860, 3, 45588 MiB, 100 %
2026/10/03 16:18:14.860, 3, 45588 MiB, 100 %
2026/10/03 16:18:15.860, 3, 45588 MiB, 100 %
2026/10/03 16:18:16.861, 3, 45588 MiB, 100 %
2026/10/03 16:18:17.861, 3, 45588 MiB, 100 %
2026/10/03 16:18:18.861, 3, 45588 MiB, 100 %
2026/10/03 16:18:19.861, 3, 45588 MiB, 100 %
2026/10/03 16:18:20.862, 3, 45588 MiB, 100 %
2026/10/03 16:18:21.862, 3, 45588 MiB, 100 %
2026/10/03 16:18:22.862, 3, 45588 MiB, 100 %
2026/10/03 16:18:23.863, 3, 45588 MiB, 100 %
2026/10/03 16:18:24.863, 3, 45588 MiB, 100 %
2026/10/03 16:18:25.863, 3, 45588 MiB, 100 %
2026/10/03 16:18:26.863, 3, 45588 MiB, 100 %
2026/10/03 16:18:27.864, 3, 45588 MiB, 100 %
2026/10/03 16:18:28.864, 3, 45588 MiB, 100 %
2026/10/03 16:18:29.864, 3, 45588 MiB, 100 %
2026/10/03 16:18:30.864, 3, 45588 MiB, 100 %
2026/10/03 16:18:31.865, 3, 45588 MiB, 100 %
2026/10/03 16:18:32.865, 3, 45588 MiB, 100 %
2026/10/03 16:18:33.865, 3, 45588 MiB, 100 %
2026/10/03 16:18:34.866, 3, 45588 MiB, 100 %
2026/10/03 16:18:35.866, 3, 45588 MiB, 100 %
2026/10/03 16:18:36.866, 3, 45588 MiB, 100 %
2026/10/03 16:18:37.866, 3, 45588 MiB, 100 %
2026/10/03 16:18:38.867, 3, 45588 MiB, 100 %
2026/10/03 16:18:39.867, 3, 45588 MiB, 100 %
2026/10/03 16:18:40.867, 3, 45588 MiB, 99 %
2026/10/03 16:18:41.868, 3, 45588 MiB, 100 %
2026/10/03 16:18:42.868, 3, 46098 MiB, 100 %
2026/10/03 16:18:43.868, 3, 46098 MiB, 100 %
2026/10/03 16:18:44.868, 3, 46098 MiB, 100 %
2026/10/03 16:18:45.869, 3, 46098 MiB, 100 %
2026/10/03 16:18:46.869, 3, 46098 MiB, 100 %
2026/10/03 16:18:47.869, 3, 46098 MiB, 100 %
2026/10/03 16:18:48.870, 3, 46098 MiB, 100 %
2026/10/03 16:18:49.870, 3, 46098 MiB, 100 %
2026/10/03 16:18:50.870, 3, 46098 MiB, 100 %
2026/10/03 16:18:51.870, 3, 46098 MiB, 100 %
2026/10/03 16:18:52.871, 3, 46098 MiB, 100 %
2026/10/03 16:18:53.871, 3, 46098 MiB, 100 %
2026/10/03 16:18:54.871, 3, 46098 MiB, 100 %
2026/10/03 16:18:55.871, 3, 46098 MiB, 100 %
2026/10/03 16:18:56.872, 3, 46098 MiB, 100 %
2026/10/03 16:18:57.872, 3, 46098 MiB, 100 %
2026/10/03 16:18:58.872, 3, 46098 MiB, 100 %
2026/10/03 16:18:59.873, 3, 46098 MiB, 100 %
2026/10/03 16:19:00.873, 3, 46098 MiB, 100 %
2026/10/03 16:19:01.873, 3, 46098 MiB, 100 %
2026/10/03 16:19:02.873, 3, 46098 MiB, 100 %
2026/10/03 16:19:03.874, 3, 46098 MiB, 100 %
2026/10/03 16:19:04.874, 3, 46098 MiB, 100 %
2026/10/03 16:19:05.874, 3, 46098 MiB, 100 %
2026/10/03 16:19:06.875, 3, 46098 MiB, 100 %
2026/10/03 16:19:07.875, 3, 46098 MiB, 100 %
2026/10/03 16:19:08.875, 3, 46098 MiB, 100 %
2026/10/03 16:19:09.875, 3, 46098 MiB, 100 %
2026/10/03 16:19:10.876, 3, 46098 MiB, 100 %
2026/10/03 16:19:11.876, 3, 46098 MiB, 100 %
2026/10/03 16:19:12.876, 3, 46098 MiB, 100 %
2026/10/03 16:19:13.877, 3, 46098 MiB, 100 %
2026/10/03 16:19:14.877, 3, 46098 MiB, 100 %
2026/10/03 16:19:15.877, 3, 46098 MiB, 99 %
2026/10/03 16:19:16.877, 3, 46098 MiB, 100 %
2026/10/03 16:19:17.878, 3, 46098 MiB, 100 %
2026/10/03 16:19:18.878, 3, 46098 MiB, 100 %
2026/10/03 16:19:19.878, 3, 46098 MiB, 100 %
2026/10/03 16:19:20.879, 3, 46098 MiB, 100 %
2026/10/03 16:19:21.879, 3, 46098 MiB, 100 %
2026/10/03 16:19:22.879, 3, 46098 MiB, 100 %
2026/10/03 16:19:23.880, 3, 46098 MiB, 100 %
2026/10/03 16:19:24.880, 3, 46098 MiB, 100 %
2026/10/03 16:19:25.880, 3, 46098 MiB, 100 %
2026/10/03 16:19:26.880, 3, 46098 MiB, 100 %
2026/10/03 16:19:27.881, 3, 46098 MiB, 100 %
2026/10/03 16:19:28.881, 3, 46098 MiB, 100 %
2026/10/03 16:19:29.881, 3, 46098 MiB, 100 %
2026/10/03 16:19:30.881, 3, 46098 MiB, 100 %
2026/10/03 16:19:31.882, 3, 46098 MiB, 100 %
2026/10/03 16:19:32.882, 3, 46098 MiB, 100 %
2026/10/03 16:19:33.882, 3, 46098 MiB, 100 %
2026/10/03 16:19:34.883, 3, 46098 MiB, 100 %
2026/10/03 16:19:35.883, 3, 46098 MiB, 100 %
2026/10/03 16:19:36.883, 3, 46098 MiB, 100 %
2026/10/03 16:19:37.883, 3, 46098 MiB, 100 %
2026/10/03 16:19:38.884, 3, 46098 MiB, 100 %
2026/10/03 16:19:39.884, 3, 46098 MiB, 100 %
2026/10/03 16:19:40.884, 3, 46098 MiB, 79 %
2026/10/03 16:19:41.885, 3, 46098 MiB, 100 %
2026/10/03 16:19:42.885, 3, 46098 MiB, 100 %
2026/10/03 16:19:43.885, 3, 46098 MiB, 100 %
2026/10/03 16:19:44.886, 3, 46098 MiB, 100 %
2026/10/03 16:19:45.886, 3, 46098 MiB, 100 %
2026/10/03 16:19:46.886, 3, 46098 MiB, 100 %
2026/10/03 16:19:47.886, 3, 46098 MiB, 100 %
2026/10/03 16:19:48.887, 3, 46098 MiB, 100 %
2026/10/03 16:19:49.887, 3, 46098 MiB, 100 %
2026/10/03 16:19:50.887, 3, 46098 MiB, 100 %
2026/10/03 16:19:51.888, 3, 46098 MiB, 100 %
2026/10/03 16:19:52.888, 3, 46098 MiB, 100 %
2026/10/03 16:19:53.888, 3, 46098 MiB, 100 %
2026/10/03 16:19:54.888, 3, 46098 MiB, 100 %
2026/10/03 16:19:55.889, 3, 46098 MiB, 100 %
2026/10/03 16:19:56.889, 3, 46098 MiB, 100 %
2026/10/03 16:19:57.889, 3, 46098 MiB, 100 %
2026/10/03 16:19:58.890, 3, 46098 MiB, 100 %
2026/10/03 16:19:59.890, 3, 46098 MiB, 100 %
2026/10/03 16:20:00.890, 3, 46098 MiB, 100 %
2026/10/03 16:20:01.890, 3, 46098 MiB, 100 %
2026/10/03 16:20:02.891, 3, 46098 MiB, 100 %
2026/10/03 16:20:03.891, 3, 46098 MiB, 100 %
2026/10/03 16:20:04.891, 3, 46098 MiB, 100 %
2026/10/03 16:20:05.892, 3, 46098 MiB, 100 %
2026/10/03 16:20:06.892, 3, 46098 MiB, 100 %
2026/10/03 16:20:07.892, 3, 46098 MiB, 100 %
2026/10/03 16:20:08.892, 3, 46098 MiB, 100 %
2026/10/03 16:20:09.893, 3, 46098 MiB, 100 %
2026/10/03 16:20:10.893, 3, 46098 MiB, 100 %
2026/10/03 16:20:11.893, 3, 46098 MiB, 100 %
2026/10/03 16:20:12.894, 3, 46098 MiB, 100 %
2026/10/03 16:20:13.894, 3, 46098 MiB, 100 %
2026/10/03 16:20:14.894, 3, 46098 MiB, 100 %
2026/10/03 16:20:15.895, 3, 46098 MiB, 100 %
2026/10/03 16:20:16.895, 3, 46098 MiB, 100 %
2026/10/03 16:20:17.895, 3, 46098 MiB, 100 %
2026/10/03 16:20:18.895, 3, 46098 MiB, 100 %
2026/10/03 16:20:19.896, 3, 46098 MiB, 100 %
2026/10/03 16:20:20.896, 3, 46098 MiB, 100 %
2026/10/03 16:20:21.896, 3, 46098 MiB, 100 %
2026/10/03 16:20:22.897, 3, 46098 MiB, 100 %
2026/10/03 16:20:23.897, 3, 46098 MiB, 100 %
2026/10/03 16:20:24.897, 3, 46098 MiB, 100 %
2026/10/03 16:20:25.897, 3, 46098 MiB, 100 %
2026/10/03 16:20:26.898, 3, 46098 MiB, 100 %
2026/10/03 16:20:27.898, 3, 46098 MiB, 100 %
2026/10/03 16:20:28.898, 3, 46098 MiB, 100 %
2026/10/03 16:20:29.898, 3, 46098 MiB, 100 %
2026/10/03 16:20:30.899, 3, 46098 MiB, 99 %
2026/10/03 16:20:31.899, 3, 46098 MiB, 100 %
2026/10/03 16:20:32.899, 3, 46098 MiB, 100 %
2026/10/03 16:20:33.899, 3, 46098 MiB, 100 %
2026/10/03 16:20:34.900, 3, 46098 MiB, 100 %
2026/10/03 16:20:35.900, 3, 46098 MiB, 100 %
2026/10/03 16:20:36.900, 3, 46098 MiB, 100 %
2026/10/03 16:20:37.901, 3, 46098 MiB, 100 %
2026/10/03 16:20:38.901, 3, 46098 MiB, 100 %
2026/10/03 16:20:39.901, 3, 46098 MiB, 100 %
2026/10/03 16:20:40.901, 3, 46098 MiB, 100 %
2026/10/03 16:20:41.902, 3, 46098 MiB, 100 %
2026/10/03 16:20:42.902, 3, 46098 MiB, 100 %
2026/10/03 16:20:43.902, 3, 46098 MiB, 100 %
2026/10/03 16:20:44.903, 3, 46098 MiB, 100 %
2026/10/03 16:20:45.903, 3, 46098 MiB, 100 %
2026/10/03 16:20:46.903, 3, 46098 MiB, 100 %
2026/10/03 16:20:47.903, 3, 46098 MiB, 100 %
2026/10/03 16:20:48.904, 3, 46098 MiB, 100 %
2026/10/03 16:20:49.904, 3, 46098 MiB, 100 %
2026/10/03 16:20:50.904, 3, 46098 MiB, 100 %
2026/10/03 16:20:51.905, 3, 46098 MiB, 100 %
2026/10/03 16:20:52.905, 3, 46098 MiB, 100 %
2026/10/03 16:20:53.905, 3, 46098 MiB, 100 %
2026/10/03 16:20:54.905, 3, 46098 MiB, 100 %
2026/10/03 16:20:55.906, 3, 46098 MiB, 100 %
2026/10/03 16:20:56.906, 3, 46098 MiB, 100 %
2026/10/03 16:20:57.906, 3, 46098 MiB, 100 %
2026/10/03 16:20:58.906, 3, 46098 MiB, 100 %
2026/10/03 16:20:59.907, 3, 46098 MiB, 100 %
2026/10/03 16:21:00.907, 3, 46098 MiB, 100 %
2026/10/03 16:21:01.907, 3, 46098 MiB, 100 %
2026/10/03 16:21:02.908, 3, 46098 MiB, 100 %
2026/10/03 16:21:03.908, 3, 46098 MiB, 100 %
2026/10/03 16:21:04.908, 3, 46098 MiB, 100 %
2026/10/03 16:21:05.908, 3, 46098 MiB, 100 %
2026/10/03 16:21:06.909, 3, 46098 MiB, 100 %
2026/10/03 16:21:07.909, 3, 46098 MiB, 100 %
2026/10/03 16:21:08.909, 3, 46098 MiB, 100 %
2026/10/03 16:21:09.909, 3, 46098 MiB, 100 %
2026/10/03 16:21:10.910, 3, 46098 MiB, 100 %
2026/10/03 16:21:11.910, 3, 46098 MiB, 100 %
2026/10/03 16:21:12.910, 3, 46098 MiB, 100 %
2026/10/03 16:21:13.911, 3, 46098 MiB, 100 %
2026/10/03 16:21:14.911, 3, 46098 MiB, 100 %
2026/10/03 16:21:15.911, 3, 46098 MiB, 100 %
2026/10/03 16:21:16.911, 3, 46098 MiB, 100 %
2026/10/03 16:21:17.912, 3, 46098 MiB, 100 %
2026/10/03 16:21:18.912, 3, 46098 MiB, 100 %
2026/10/03 16:21:19.912, 3, 46098 MiB, 100 %
2026/10/03 16:21:20.912, 3, 46098 MiB, 100 %
2026/10/03 16:21:21.913, 3, 46098 MiB, 100 %
2026/10/03 16:21:22.913, 3, 46098 MiB, 100 %
2026/10/03 16:21:23.913, 3, 46098 MiB, 100 %
2026/10/03 16:21:24.913, 3, 46098 MiB, 100 %
2026/10/03 16:21:25.914, 3, 46098 MiB, 100 %
2026/10/03 16:21:26.914, 3, 46098 MiB, 100 %
2026/10/03 16:21:27.914, 3, 46098 MiB, 100 %
2026/10/03 16:21:28.914, 3, 46098 MiB, 100 %
2026/10/03 16:21:29.915, 3, 46098 MiB, 100 %
2026/10/03 16:21:30.915, 3, 46098 MiB, 100 %
2026/10/03 16:21:31.915, 3, 46098 MiB, 100 %
2026/10/03 16:21:32.916, 3, 46098 MiB, 100 %
2026/10/03 16:21:33.916, 3, 46098 MiB, 100 %
2026/10/03 16:21:34.916, 3, 46098 MiB, 100 %
2026/10/03 16:21:35.916, 3, 46098 MiB, 100 %
2026/10/03 16:21:36.917, 3, 46098 MiB, 100 %
2026/10/03 16:21:37.917, 3, 46098 MiB, 100 %
2026/10/03 16:21:38.917, 3, 46098 MiB, 100 %
2026/10/03 16:21:39.917, 3, 46098 MiB, 100 %
2026/10/03 16:21:40.918, 3, 46098 MiB, 99 %
2026/10/03 16:21:41.918, 3, 46098 MiB, 100 %
2026/10/03 16:21:42.918, 3, 46098 MiB, 100 %
2026/10/03 16:21:43.919, 3, 46098 MiB, 100 %
2026/10/03 16:21:44.919, 3, 46098 MiB, 100 %
2026/10/03 16:21:45.919, 3, 46098 MiB, 100 %
2026/10/03 16:21:46.919, 3, 46098 MiB, 100 %
2026/10/03 16:21:47.919, 3, 46098 MiB, 100 %
2026/10/03 16:21:48.920, 3, 46098 MiB, 100 %
2026/10/03 16:21:49.920, 3, 46098 MiB, 100 %
2026/10/03 16:21:50.920, 3, 46098 MiB, 100 %
2026/10/03 16:21:51.921, 3, 46098 MiB, 100 %
2026/10/03 16:21:52.921, 3, 46098 MiB, 100 %
2026/10/03 16:21:53.921, 3, 46098 MiB, 100 %
2026/10/03 16:21:54.921, 3, 46098 MiB, 100 %
2026/10/03 16:21:55.922, 3, 46098 MiB, 100 %
2026/10/03 16:21:56.922, 3, 46098 MiB, 100 %
2026/10/03 16:21:57.922, 3, 46098 MiB, 100 %
2026/10/03 16:21:58.922, 3, 46098 MiB, 100 %
2026/10/03 16:21:59.923, 3, 46098 MiB, 100 %
2026/10/03 16:22:00.923, 3, 46098 MiB, 100 %
2026/10/03 16:22:01.923, 3, 46098 MiB, 100 %
2026/10/03 16:22:02.923, 3, 46098 MiB, 100 %
2026/10/03 16:22:03.924, 3, 46098 MiB, 100 %
2026/10/03 16:22:04.924, 3, 46098 MiB, 100 %
2026/10/03 16:22:05.924, 3, 46098 MiB, 100 %
2026/10/03 16:22:06.925, 3, 46098 MiB, 100 %
2026/10/03 16:22:07.925, 3, 46098 MiB, 100 %
2026/10/03 16:22:08.925, 3, 46098 MiB, 100 %
2026/10/03 16:22:09.925, 3, 46098 MiB, 100 %
2026/10/03 16:22:10.926, 3, 46098 MiB, 98 %
2026/10/03 16:22:11.926, 3, 46098 MiB, 100 %
2026/10/03 16:22:12.926, 3, 46098 MiB, 100 %
2026/10/03 16:22:13.927, 3, 46098 MiB, 100 %
2026/10/03 16:22:14.927, 3, 46098 MiB, 100 %
2026/10/03 16:22:15.927, 3, 46098 MiB, 99 %
2026/10/03 16:22:16.927, 3, 46098 MiB, 100 %
2026/10/03 16:22:17.928, 3, 46098 MiB, 100 %
2026/10/03 16:22:18.928, 3, 46098 MiB, 100 %
2026/10/03 16:22:19.928, 3, 46098 MiB, 100 %
2026/10/03 16:22:20.929, 3, 46098 MiB, 100 %
2026/10/03 16:22:21.929, 3, 46098 MiB, 100 %
2026/10/03 16:22:22.929, 3, 46098 MiB, 100 %
2026/10/03 16:22:23.929, 3, 46098 MiB, 100 %
2026/10/03 16:22:24.930, 3, 46098 MiB, 100 %
2026/10/03 16:22:25.930, 3, 46098 MiB, 100 %
2026/10/03 16:22:26.930, 3, 46098 MiB, 100 %
2026/10/03 16:22:27.931, 3, 46098 MiB, 100 %
2026/10/03 16:22:28.931, 3, 46098 MiB, 100 %
2026/10/03 16:22:29.931, 3, 46098 MiB, 100 %
2026/10/03 16:22:30.932, 3, 46098 MiB, 100 %
2026/10/03 16:22:31.932, 3, 46098 MiB, 100 %
2026/10/03 16:22:32.932, 3, 46098 MiB, 100 %
2026/10/03 16:22:33.933, 3, 46098 MiB, 100 %
2026/10/03 16:22:34.933, 3, 46098 MiB, 100 %
2026/10/03 16:22:35.933, 3, 46098 MiB, 100 %
2026/10/03 16:22:36.934, 3, 46098 MiB, 100 %
2026/10/03 16:22:37.934, 3, 46098 MiB, 100 %
2026/10/03 16:22:38.934, 3, 46098 MiB, 100 %
2026/10/03 16:22:39.935, 3, 46098 MiB, 100 %
2026/10/03 16:22:40.935, 3, 46098 MiB, 100 %
2026/10/03 16:22:41.935, 3, 46098 MiB, 100 %
2026/10/03 16:22:42.936, 3, 46098 MiB, 100 %
2026/10/03 16:22:43.936, 3, 46098 MiB, 100 %
2026/10/03 16:22:44.936, 3, 46098 MiB, 100 %
2026/10/03 16:22:45.937, 3, 46098 MiB, 100 %
2026/10/03 16:22:46.937, 3, 46098 MiB, 100 %
2026/10/03 16:22:47.937, 3, 46098 MiB, 100 %
2026/10/03 16:22:48.938, 3, 46098 MiB, 100 %
2026/10/03 16:22:49.938, 3, 46098 MiB, 100 %
2026/10/03 16:22:50.938, 3, 46098 MiB, 100 %
2026/10/03 16:22:51.939, 3, 46098 MiB, 100 %
2026/10/03 16:22:52.939, 3, 46098 MiB, 100 %
2026/10/03 16:22:53.939, 3, 46098 MiB, 100 %
2026/10/03 16:22:54.940, 3, 46098 MiB, 100 %
2026/10/03 16:22:55.940, 3, 46098 MiB, 100 %
2026/10/03 16:22:56.940, 3, 46098 MiB, 100 %
2026/10/03 16:22:57.941, 3, 46098 MiB, 100 %
2026/10/03 16:22:58.941, 3, 46098 MiB, 100 %
2026/10/03 16:22:59.941, 3, 46098 MiB, 100 %
2026/10/03 16:23:00.942, 3, 46098 MiB, 100 %
2026/10/03 16:23:01.942, 3, 46098 MiB, 100 %
2026/10/03 16:23:02.942, 3, 46098 MiB, 100 %
2026/10/03 16:23:03.943, 3, 46098 MiB, 100 %
2026/10/03 16:23:04.943, 3, 46098 MiB, 100 %
2026/10/03 16:23:05.943, 3, 46098 MiB, 100 %
2026/10/03 16:23:06.944, 3, 46098 MiB, 100 %
2026/10/03 16:23:07.944, 3, 46098 MiB, 100 %
2026/10/03 16:23:08.944, 3, 46098 MiB, 100 %
2026/10/03 16:23:09.944, 3, 46098 MiB, 100 %
2026/10/03 16:23:10.945, 3, 46098 MiB, 100 %
2026/10/03 16:23:11.945, 3, 46098 MiB, 100 %
2026/10/03 16:23:12.945, 3, 46098 MiB, 100 %
2026/10/03 16:23:13.945, 3, 46098 MiB, 100 %
2026/10/03 16:23:14.946, 3, 46098 MiB, 100 %
2026/10/03 16:23:15.946, 3, 46098 MiB, 100 %
2026/10/03 16:23:16.946, 3, 46098 MiB, 100 %
2026/10/03 16:23:17.946, 3, 46098 MiB, 100 %
2026/10/03 16:23:18.947, 3, 46098 MiB, 100 %
2026/10/03 16:23:19.947, 3, 46098 MiB, 100 %
2026/10/03 16:23:20.947, 3, 46098 MiB, 100 %
2026/10/03 16:23:21.947, 3, 46098 MiB, 100 %
2026/10/03 16:23:22.947, 3, 46098 MiB, 100 %
2026/10/03 16:23:23.948, 3, 46098 MiB, 100 %
2026/10/03 16:23:24.948, 3, 46098 MiB, 100 %
2026/10/03 16:23:25.948, 3, 46098 MiB, 100 %
2026/10/03 16:23:26.948, 3, 46098 MiB, 100 %
2026/10/03 16:23:27.949, 3, 46098 MiB, 100 %
2026/10/03 16:23:28.949, 3, 46098 MiB, 100 %
2026/10/03 16:23:29.949, 3, 46098 MiB, 100 %
2026/10/03 16:23:30.949, 3, 46098 MiB, 100 %
2026/10/03 16:23:31.949, 3, 46098 MiB, 100 %
2026/10/03 16:23:32.949, 3, 46098 MiB, 100 %
2026/10/03 16:23:33.950, 3, 46098 MiB, 100 %
2026/10/03 16:23:34.950, 3, 46098 MiB, 100 %
2026/10/03 16:23:35.950, 3, 46098 MiB, 100 %
2026/10/03 16:23:36.950, 3, 46098 MiB, 100 %
2026/10/03 16:23:37.951, 3, 46098 MiB, 100 %
2026/10/03 16:23:38.951, 3, 46098 MiB, 100 %
2026/10/03 16:23:39.951, 3, 46098 MiB, 100 %
2026/10/03 16:23:40.952, 3, 46098 MiB, 100 %
2026/10/03 16:23:41.952, 3, 46098 MiB, 100 %
2026/10/03 16:23:42.952, 3, 46098 MiB, 87 %
2026/10/03 16:23:43.952, 3, 46098 MiB, 100 %
2026/10/03 16:23:44.953, 3, 46098 MiB, 100 %
2026/10/03 16:23:45.953, 3, 46098 MiB, 100 %
2026/10/03 16:23:46.953, 3, 46098 MiB, 100 %
2026/10/03 16:23:47.954, 3, 46098 MiB, 100 %
2026/10/03 16:23:48.954, 3, 46098 MiB, 100 %
2026/10/03 16:23:49.954, 3, 46098 MiB, 100 %
2026/10/03 16:23:50.955, 3, 46098 MiB, 100 %
2026/10/03 16:23:51.955, 3, 46098 MiB, 100 %
2026/10/03 16:23:52.955, 3, 46098 MiB, 100 %
2026/10/03 16:23:53.955, 3, 46098 MiB, 100 %
2026/10/03 16:23:54.956, 3, 46098 MiB, 100 %
2026/10/03 16:23:55.956, 3, 46098 MiB, 100 %
2026/10/03 16:23:56.956, 3, 46098 MiB, 100 %
2026/10/03 16:23:57.957, 3, 46098 MiB, 100 %
2026/10/03 16:23:58.957, 3, 46098 MiB, 100 %
2026/10/03 16:23:59.957, 3, 46098 MiB, 100 %
2026/10/03 16:24:00.958, 3, 46098 MiB, 100 %
2026/10/03 16:24:01.958, 3, 46098 MiB, 100 %
2026/10/03 16:24:02.958, 3, 46098 MiB, 100 %
2026/10/03 16:24:03.959, 3, 46098 MiB, 100 %
2026/10/03 16:24:04.959, 3, 46098 MiB, 100 %
2026/10/03 16:24:05.959, 3, 46098 MiB, 100 %
2026/10/03 16:24:06.959, 3, 46098 MiB, 100 %
2026/10/03 16:24:07.960, 3, 46098 MiB, 100 %
2026/10/03 16:24:08.960, 3, 46098 MiB, 100 %
2026/10/03 16:24:09.960, 3, 46098 MiB, 100 %
2026/10/03 16:24:10.961, 3, 46098 MiB, 100 %
2026/10/03 16:24:11.961, 3, 46098 MiB, 100 %
2026/10/03 16:24:12.961, 3, 46098 MiB, 100 %
2026/10/03 16:24:13.962, 3, 46098 MiB, 100 %
2026/10/03 16:24:14.962, 3, 46098 MiB, 100 %
2026/10/03 16:24:15.962, 3, 46098 MiB, 100 %
2026/10/03 16:24:16.962, 3, 46098 MiB, 100 %
2026/10/03 16:24:17.963, 3, 46098 MiB, 100 %
2026/10/03 16:24:18.963, 3, 46098 MiB, 100 %
2026/10/03 16:24:19.963, 3, 46098 MiB, 100 %
2026/10/03 16:24:20.964, 3, 46098 MiB, 100 %
2026/10/03 16:24:21.964, 3, 46098 MiB, 100 %
2026/10/03 16:24:22.964, 3, 46098 MiB, 100 %
2026/10/03 16:24:23.964, 3, 46098 MiB, 100 %
2026/10/03 16:24:24.965, 3, 46098 MiB, 100 %
2026/10/03 16:24:25.965, 3, 46098 MiB, 100 %
2026/10/03 16:24:26.965, 3, 46098 MiB, 100 %
2026/10/03 16:24:27.965, 3, 46098 MiB, 100 %
2026/10/03 16:24:28.966, 3, 46098 MiB, 100 %
2026/10/03 16:24:29.966, 3, 46098 MiB, 100 %
2026/10/03 16:24:30.966, 3, 46098 MiB, 100 %
2026/10/03 16:24:31.966, 3, 46098 MiB, 100 %
2026/10/03 16:24:32.966, 3, 46098 MiB, 100 %
2026/10/03 16:24:33.967, 3, 46098 MiB, 100 %
2026/10/03 16:24:34.967, 3, 46098 MiB, 100 %
2026/10/03 16:24:35.967, 3, 46098 MiB, 100 %
2026/10/03 16:24:36.968, 3, 46098 MiB, 100 %
2026/10/03 16:24:37.968, 3, 46098 MiB, 100 %
2026/10/03 16:24:38.968, 3, 46098 MiB, 100 %
2026/10/03 16:24:39.968, 3, 46098 MiB, 100 %
2026/10/03 16:24:40.969, 3, 46098 MiB, 99 %
2026/10/03 16:24:41.969, 3, 46098 MiB, 100 %
2026/10/03 16:24:42.969, 3, 46098 MiB, 100 %
2026/10/03 16:24:43.969, 3, 46098 MiB, 100 %
2026/10/03 16:24:44.970, 3, 46098 MiB, 100 %
2026/10/03 16:24:45.970, 3, 46098 MiB, 100 %
2026/10/03 16:24:46.970, 3, 46098 MiB, 100 %
2026/10/03 16:24:47.971, 3, 46098 MiB, 100 %
2026/10/03 16:24:48.971, 3, 46098 MiB, 100 %
2026/10/03 16:24:49.971, 3, 46098 MiB, 100 %
2026/10/03 16:24:50.971, 3, 46098 MiB, 100 %
2026/10/03 16:24:51.972, 3, 46098 MiB, 100 %
2026/10/03 16:24:52.972, 3, 46098 MiB, 100 %
2026/10/03 16:24:53.972, 3, 46098 MiB, 100 %
2026/10/03 16:24:54.973, 3, 46098 MiB, 100 %
2026/10/03 16:24:55.973, 3, 46098 MiB, 100 %
2026/10/03 16:24:56.973, 3, 46098 MiB, 100 %
2026/10/03 16:24:57.974, 3, 46098 MiB, 100 %
2026/10/03 16:24:58.974, 3, 46098 MiB, 100 %
2026/10/03 16:24:59.974, 3, 46098 MiB, 100 %
2026/10/03 16:25:00.974, 3, 46098 MiB, 100 %
2026/10/03 16:25:01.975, 3, 46098 MiB, 100 %
2026/10/03 16:25:02.975, 3, 46098 MiB, 100 %
2026/10/03 16:25:03.975, 3, 46098 MiB, 100 %
2026/10/03 16:25:04.975, 3, 46098 MiB, 100 %
2026/10/03 16:25:05.976, 3, 46098 MiB, 100 %
2026/10/03 16:25:06.976, 3, 46098 MiB, 100 %
2026/10/03 16:25:07.976, 3, 46098 MiB, 100 %
2026/10/03 16:25:08.977, 3, 46098 MiB, 100 %
2026/10/03 16:25:09.977, 3, 46098 MiB, 100 %
2026/10/03 16:25:10.977, 3, 46098 MiB, 100 %
2026/10/03 16:25:11.977, 3, 46098 MiB, 100 %
2026/10/03 16:25:12.978, 3, 46098 MiB, 100 %
2026/10/03 16:25:13.978, 3, 46098 MiB, 100 %
2026/10/03 16:25:14.978, 3, 46098 MiB, 100 %
2026/10/03 16:25:15.979, 3, 46098 MiB, 99 %
2026/10/03 16:25:16.979, 3, 46098 MiB, 100 %
2026/10/03 16:25:17.979, 3, 46098 MiB, 100 %
2026/10/03 16:25:18.980, 3, 46098 MiB, 100 %
2026/10/03 16:25:19.980, 3, 46098 MiB, 100 %
2026/10/03 16:25:20.980, 3, 46098 MiB, 100 %
2026/10/03 16:25:21.980, 3, 46098 MiB, 57 %
2026/10/03 16:25:22.981, 3, 46098 MiB, 100 %
2026/10/03 16:25:23.981, 3, 46098 MiB, 100 %
2026/10/03 16:25:24.981, 3, 46098 MiB, 100 %
2026/10/03 16:25:25.982, 3, 46098 MiB, 100 %
2026/10/03 16:25:26.982, 3, 46098 MiB, 100 %
2026/10/03 16:25:27.982, 3, 46098 MiB, 100 %
2026/10/03 16:25:28.983, 3, 46098 MiB, 100 %
2026/10/03 16:25:29.983, 3, 46098 MiB, 100 %
2026/10/03 16:25:30.983, 3, 46098 MiB, 100 %
2026/10/03 16:25:31.983, 3, 46098 MiB, 100 %
2026/10/03 16:25:32.983, 3, 46098 MiB, 100 %
2026/10/03 16:25:33.983, 3, 46098 MiB, 100 %
2026/10/03 16:25:34.984, 3, 46098 MiB, 100 %
2026/10/03 16:25:35.984, 3, 46098 MiB, 100 %
2026/10/03 16:25:36.984, 3, 46098 MiB, 100 %
2026/10/03 16:25:37.984, 3, 46098 MiB, 100 %
2026/10/03 16:25:38.984, 3, 46098 MiB, 100 %
2026/10/03 16:25:39.985, 3, 46098 MiB, 100 %
2026/10/03 16:25:40.985, 3, 46098 MiB, 100 %
2026/10/03 16:25:41.985, 3, 46098 MiB, 100 %
2026/10/03 16:25:42.985, 3, 46098 MiB, 100 %
2026/10/03 16:25:43.985, 3, 46098 MiB, 100 %
2026/10/03 16:25:44.986, 3, 46098 MiB, 100 %
2026/10/03 16:25:45.986, 3, 46098 MiB, 100 %
2026/10/03 16:25:46.986, 3, 46098 MiB, 100 %
2026/10/03 16:25:47.986, 3, 46098 MiB, 100 %
2026/10/03 16:25:48.987, 3, 46098 MiB, 100 %
2026/10/03 16:25:49.987, 3, 46098 MiB, 100 %
2026/10/03 16:25:50.987, 3, 46098 MiB, 100 %
2026/10/03 16:25:51.987, 3, 46098 MiB, 100 %
2026/10/03 16:25:52.988, 3, 46098 MiB, 100 %
2026/10/03 16:25:53.988, 3, 46098 MiB, 100 %
2026/10/03 16:25:54.988, 3, 46098 MiB, 100 %
2026/10/03 16:25:55.988, 3, 46098 MiB, 100 %
2026/10/03 16:25:56.988, 3, 46098 MiB, 100 %
2026/10/03 16:25:57.989, 3, 46098 MiB, 100 %
2026/10/03 16:25:58.989, 3, 46098 MiB, 100 %
2026/10/03 16:25:59.989, 3, 46098 MiB, 100 %
2026/10/03 16:26:00.989, 3, 46098 MiB, 100 %
2026/10/03 16:26:01.990, 3, 46098 MiB, 100 %
2026/10/03 16:26:02.990, 3, 46098 MiB, 100 %
2026/10/03 16:26:03.990, 3, 46098 MiB, 100 %
2026/10/03 16:26:04.990, 3, 46098 MiB, 100 %
2026/10/03 16:26:05.990, 3, 46098 MiB, 100 %
2026/10/03 16:26:06.991, 3, 46098 MiB, 100 %
2026/10/03 16:26:07.991, 3, 46098 MiB, 100 %
2026/10/03 16:26:08.991, 3, 46098 MiB, 100 %
2026/10/03 16:26:09.991, 3, 46098 MiB, 100 %
2026/10/03 16:26:10.991, 3, 46098 MiB, 100 %
2026/10/03 16:26:11.991, 3, 46098 MiB, 100 %
2026/10/03 16:26:12.992, 3, 46098 MiB, 100 %
2026/10/03 16:26:13.992, 3, 46098 MiB, 100 %
2026/10/03 16:26:14.992, 3, 46098 MiB, 100 %
2026/10/03 16:26:15.992, 3, 46098 MiB, 100 %
2026/10/03 16:26:16.992, 3, 46098 MiB, 100 %
2026/10/03 16:26:17.992, 3, 46098 MiB, 100 %
2026/10/03 16:26:18.992, 3, 46098 MiB, 100 %
2026/10/03 16:26:19.993, 3, 46098 MiB, 100 %
2026/10/03 16:26:20.993, 3, 46098 MiB, 100 %
2026/10/03 16:26:21.993, 3, 46098 MiB, 100 %
2026/10/03 16:26:22.993, 3, 46098 MiB, 100 %
2026/10/03 16:26:23.993, 3, 46098 MiB, 100 %
2026/10/03 16:26:24.994, 3, 46098 MiB, 100 %
2026/10/03 16:26:25.994, 3, 46098 MiB, 100 %
2026/10/03 16:26:26.994, 3, 46098 MiB, 100 %
2026/10/03 16:26:27.994, 3, 46098 MiB, 100 %
2026/10/03 16:26:28.994, 3, 46098 MiB, 100 %
2026/10/03 16:26:29.994, 3, 46098 MiB, 100 %
2026/10/03 16:26:30.994, 3, 46098 MiB, 100 %
2026/10/03 16:26:31.995, 3, 46098 MiB, 100 %
2026/10/03 16:26:32.995, 3, 46098 MiB, 100 %
2026/10/03 16:26:33.995, 3, 46098 MiB, 100 %
2026/10/03 16:26:34.995, 3, 46098 MiB, 100 %
2026/10/03 16:26:35.995, 3, 46098 MiB, 100 %
2026/10/03 16:26:36.995, 3, 46098 MiB, 100 %
2026/10/03 16:26:37.995, 3, 46098 MiB, 82 %
2026/10/03 16:26:38.995, 3, 46098 MiB, 100 %
2026/10/03 16:26:39.996, 3, 46098 MiB, 100 %
2026/10/03 16:26:40.996, 3, 46098 MiB, 100 %
2026/10/03 16:26:41.996, 3, 46098 MiB, 100 %
2026/10/03 16:26:42.996, 3, 46098 MiB, 100 %
2026/10/03 16:26:43.996, 3, 46098 MiB, 100 %
2026/10/03 16:26:44.996, 3, 46098 MiB, 100 %
2026/10/03 16:26:45.996, 3, 46098 MiB, 100 %
2026/10/03 16:26:46.997, 3, 46098 MiB, 100 %
2026/10/03 16:26:47.997, 3, 46098 MiB, 100 %
2026/10/03 16:26:48.997, 3, 46098 MiB, 100 %
2026/10/03 16:26:49.997, 3, 46098 MiB, 100 %
2026/10/03 16:26:50.997, 3, 46098 MiB, 100 %
2026/10/03 16:26:51.997, 3, 46098 MiB, 100 %
2026/10/03 16:26:52.997, 3, 46098 MiB, 100 %
2026/10/03 16:26:53.998, 3, 46098 MiB, 100 %
2026/10/03 16:26:54.998, 3, 46098 MiB, 100 %
2026/10/03 16:26:55.998, 3, 46098 MiB, 100 %
2026/10/03 16:26:56.998, 3, 46098 MiB, 100 %
2026/10/03 16:26:57.998, 3, 46098 MiB, 100 %
2026/10/03 16:26:58.998, 3, 46098 MiB, 100 %
2026/10/03 16:26:59.998, 3, 46098 MiB, 100 %
2026/10/03 16:27:00.998, 3, 46098 MiB, 100 %
2026/10/03 16:27:01.999, 3, 46098 MiB, 100 %
2026/10/03 16:27:02.999, 3, 46098 MiB, 100 %
2026/10/03 16:27:03.999, 3, 46098 MiB, 100 %
2026/10/03 16:27:04.999, 3, 46098 MiB, 100 %
2026/10/03 16:27:05.999, 3, 46098 MiB, 100 %
2026/10/03 16:27:06.999, 3, 46098 MiB, 100 %
2026/10/03 16:27:07.999, 3, 46098 MiB, 100 %
2026/10/03 16:27:09.000, 3, 46098 MiB, 100 %
2026/10/03 16:27:10.000, 3, 46098 MiB, 100 %
2026/10/03 16:27:11.000, 3, 46098 MiB, 100 %
2026/10/03 16:27:12.000, 3, 46098 MiB, 100 %
2026/10/03 16:27:13.000, 3, 46098 MiB, 100 %
2026/10/03 16:27:14.000, 3, 46098 MiB, 100 %
2026/10/03 16:27:15.000, 3, 46098 MiB, 100 %
2026/10/03 16:27:16.000, 3, 46098 MiB, 100 %
2026/10/03 16:27:17.001, 3, 46098 MiB, 100 %
2026/10/03 16:27:18.001, 3, 46098 MiB, 100 %
2026/10/03 16:27:19.001, 3, 46098 MiB, 100 %
2026/10/03 16:27:20.001, 3, 46098 MiB, 100 %
2026/10/03 16:27:21.001, 3, 46098 MiB, 100 %
2026/10/03 16:27:22.001, 3, 46098 MiB, 100 %
2026/10/03 16:27:23.002, 3, 46098 MiB, 100 %
2026/10/03 16:27:24.002, 3, 46098 MiB, 100 %
2026/10/03 16:27:25.002, 3, 46098 MiB, 100 %
2026/10/03 16:27:26.002, 3, 46098 MiB, 100 %
2026/10/03 16:27:27.002, 3, 46098 MiB, 100 %
2026/10/03 16:27:28.003, 3, 46098 MiB, 100 %
2026/10/03 16:27:29.003, 3, 46098 MiB, 100 %
2026/10/03 16:27:30.003, 3, 46098 MiB, 100 %
2026/10/03 16:27:31.003, 3, 46098 MiB, 100 %
2026/10/03 16:27:32.003, 3, 46098 MiB, 100 %
2026/10/03 16:27:33.003, 3, 46098 MiB, 100 %
2026/10/03 16:27:34.003, 3, 46098 MiB, 100 %
2026/10/03 16:27:35.003, 3, 46098 MiB, 100 %
2026/10/03 16:27:36.004, 3, 46098 MiB, 100 %
2026/10/03 16:27:37.004, 3, 46098 MiB, 100 %
2026/10/03 16:27:38.004, 3, 46098 MiB, 100 %
2026/10/03 16:27:39.004, 3, 46098 MiB, 86 %
2026/10/03 16:27:40.004, 3, 46098 MiB, 100 %
2026/10/03 16:27:41.004, 3, 46098 MiB, 100 %
2026/10/03 16:27:42.004, 3, 46652 MiB, 100 %
2026/10/03 16:27:43.005, 3, 46652 MiB, 100 %
2026/10/03 16:27:44.005, 3, 47212 MiB, 100 %
2026/10/03 16:27:45.005, 3, 47212 MiB, 100 %
2026/10/03 16:27:46.005, 3, 47212 MiB, 100 %
2026/10/03 16:27:47.005, 3, 47212 MiB, 100 %
2026/10/03 16:27:48.005, 3, 47212 MiB, 100 %
2026/10/03 16:27:49.005, 3, 47212 MiB, 100 %
2026/10/03 16:27:50.005, 3, 47212 MiB, 100 %
2026/10/03 16:27:51.006, 3, 47212 MiB, 100 %
2026/10/03 16:27:52.006, 3, 47212 MiB, 100 %
2026/10/03 16:27:53.006, 3, 47212 MiB, 100 %
2026/10/03 16:27:54.006, 3, 47212 MiB, 100 %
2026/10/03 16:27:55.006, 3, 47212 MiB, 100 %
2026/10/03 16:27:56.006, 3, 47212 MiB, 100 %
2026/10/03 16:27:57.006, 3, 47212 MiB, 100 %
2026/10/03 16:27:58.007, 3, 47212 MiB, 100 %
2026/10/03 16:27:59.007, 3, 47212 MiB, 100 %
2026/10/03 16:28:00.007, 3, 47212 MiB, 100 %
2026/10/03 16:28:01.007, 3, 47212 MiB, 100 %
2026/10/03 16:28:02.007, 3, 47212 MiB, 100 %
2026/10/03 16:28:03.008, 3, 47212 MiB, 100 %
2026/10/03 16:28:04.008, 3, 47212 MiB, 100 %
2026/10/03 16:28:05.008, 3, 47212 MiB, 100 %
2026/10/03 16:28:06.008, 3, 47212 MiB, 100 %
2026/10/03 16:28:07.009, 3, 47212 MiB, 100 %
2026/10/03 16:28:08.009, 3, 47212 MiB, 100 %
2026/10/03 16:28:09.009, 3, 47212 MiB, 100 %
2026/10/03 16:28:10.009, 3, 47212 MiB, 100 %
2026/10/03 16:28:11.009, 3, 47212 MiB, 100 %
2026/10/03 16:28:12.009, 3, 47212 MiB, 100 %
2026/10/03 16:28:13.009, 3, 47212 MiB, 100 %
2026/10/03 16:28:14.010, 3, 47212 MiB, 100 %
2026/10/03 16:28:15.010, 3, 47212 MiB, 100 %
2026/10/03 16:28:16.010, 3, 47212 MiB, 100 %
2026/10/03 16:28:17.010, 3, 47212 MiB, 100 %
2026/10/03 16:28:18.010, 3, 47212 MiB, 100 %
2026/10/03 16:28:19.010, 3, 47212 MiB, 100 %
2026/10/03 16:28:20.010, 3, 47212 MiB, 100 %
2026/10/03 16:28:21.010, 3, 47212 MiB, 100 %
2026/10/03 16:28:22.011, 3, 47212 MiB, 100 %
2026/10/03 16:28:23.011, 3, 47212 MiB, 100 %
2026/10/03 16:28:24.011, 3, 47212 MiB, 100 %
2026/10/03 16:28:25.011, 3, 47212 MiB, 100 %
2026/10/03 16:28:26.011, 3, 47212 MiB, 100 %
2026/10/03 16:28:27.011, 3, 47212 MiB, 100 %
2026/10/03 16:28:28.011, 3, 47212 MiB, 100 %
2026/10/03 16:28:29.012, 3, 47212 MiB, 100 %
2026/10/03 16:28:30.012, 3, 47212 MiB, 90 %
2026/10/03 16:28:31.012, 3, 47212 MiB, 100 %
2026/10/03 16:28:32.012, 3, 47212 MiB, 100 %
2026/10/03 16:28:33.012, 3, 47212 MiB, 99 %
2026/10/03 16:28:34.012, 3, 47212 MiB, 100 %
2026/10/03 16:28:35.012, 3, 47212 MiB, 100 %
2026/10/03 16:28:36.012, 3, 47212 MiB, 100 %
2026/10/03 16:28:37.013, 3, 47212 MiB, 100 %
2026/10/03 16:28:38.013, 3, 47212 MiB, 100 %
2026/10/03 16:28:39.013, 3, 47212 MiB, 100 %
2026/10/03 16:28:40.013, 3, 47212 MiB, 100 %
2026/10/03 16:28:41.013, 3, 47212 MiB, 100 %
2026/10/03 16:28:42.013, 3, 47212 MiB, 100 %
2026/10/03 16:28:43.013, 3, 47212 MiB, 100 %
2026/10/03 16:28:44.014, 3, 47212 MiB, 100 %
2026/10/03 16:28:45.014, 3, 47212 MiB, 100 %
2026/10/03 16:28:46.014, 3, 47212 MiB, 100 %
2026/10/03 16:28:47.014, 3, 47212 MiB, 100 %
2026/10/03 16:28:48.015, 3, 47212 MiB, 100 %
2026/10/03 16:28:49.015, 3, 47212 MiB, 100 %
2026/10/03 16:28:50.015, 3, 47212 MiB, 100 %
2026/10/03 16:28:51.016, 3, 47212 MiB, 100 %
2026/10/03 16:28:52.016, 3, 47212 MiB, 100 %
2026/10/03 16:28:53.016, 3, 47212 MiB, 100 %
2026/10/03 16:28:54.016, 3, 47212 MiB, 100 %
2026/10/03 16:28:55.017, 3, 47212 MiB, 100 %
2026/10/03 16:28:56.017, 3, 47212 MiB, 100 %
2026/10/03 16:28:57.017, 3, 47212 MiB, 100 %
2026/10/03 16:28:58.017, 3, 47212 MiB, 100 %
2026/10/03 16:28:59.017, 3, 47212 MiB, 100 %
2026/10/03 16:29:00.018, 3, 47212 MiB, 100 %
2026/10/03 16:29:01.018, 3, 47212 MiB, 100 %
2026/10/03 16:29:02.018, 3, 47212 MiB, 100 %
2026/10/03 16:29:03.019, 3, 47212 MiB, 100 %
2026/10/03 16:29:04.019, 3, 47212 MiB, 100 %
2026/10/03 16:29:05.019, 3, 47212 MiB, 100 %
2026/10/03 16:29:06.019, 3, 47212 MiB, 100 %
2026/10/03 16:29:07.020, 3, 47212 MiB, 100 %
2026/10/03 16:29:08.020, 3, 47212 MiB, 100 %
2026/10/03 16:29:09.020, 3, 47212 MiB, 100 %
2026/10/03 16:29:10.020, 3, 47212 MiB, 100 %
2026/10/03 16:29:11.021, 3, 47212 MiB, 100 %
2026/10/03 16:29:12.021, 3, 47212 MiB, 100 %
2026/10/03 16:29:13.021, 3, 47212 MiB, 100 %
2026/10/03 16:29:14.021, 3, 47212 MiB, 100 %
2026/10/03 16:29:15.022, 3, 47212 MiB, 100 %
2026/10/03 16:29:16.022, 3, 47212 MiB, 100 %
2026/10/03 16:29:17.022, 3, 47212 MiB, 100 %
2026/10/03 16:29:18.022, 3, 47212 MiB, 100 %
2026/10/03 16:29:19.023, 3, 47212 MiB, 100 %
2026/10/03 16:29:20.023, 3, 47212 MiB, 100 %
2026/10/03 16:29:21.023, 3, 47212 MiB, 100 %
2026/10/03 16:29:22.023, 3, 47212 MiB, 100 %
2026/10/03 16:29:23.024, 3, 47212 MiB, 100 %
2026/10/03 16:29:24.024, 3, 47212 MiB, 100 %
2026/10/03 16:29:25.024, 3, 47212 MiB, 100 %
2026/10/03 16:29:26.024, 3, 47212 MiB, 100 %
2026/10/03 16:29:27.025, 3, 47212 MiB, 100 %
2026/10/03 16:29:28.025, 3, 47212 MiB, 100 %
2026/10/03 16:29:29.025, 3, 47212 MiB, 100 %
2026/10/03 16:29:30.025, 3, 47212 MiB, 100 %
2026/10/03 16:29:31.026, 3, 47212 MiB, 100 %
2026/10/03 16:29:32.026, 3, 47212 MiB, 100 %
2026/10/03 16:29:33.026, 3, 47212 MiB, 100 %
2026/10/03 16:29:34.026, 3, 47212 MiB, 100 %
2026/10/03 16:29:35.027, 3, 47212 MiB, 100 %
2026/10/03 16:29:36.027, 3, 47212 MiB, 100 %
2026/10/03 16:29:37.027, 3, 47212 MiB, 100 %
2026/10/03 16:29:38.027, 3, 47212 MiB, 100 %
2026/10/03 16:29:39.028, 3, 47212 MiB, 100 %
2026/10/03 16:29:40.028, 3, 47212 MiB, 100 %
2026/10/03 16:29:41.028, 3, 47212 MiB, 100 %
2026/10/03 16:29:42.028, 3, 47212 MiB, 100 %
2026/10/03 16:29:43.029, 3, 47212 MiB, 100 %
2026/10/03 16:29:44.029, 3, 47212 MiB, 100 %
2026/10/03 16:29:45.029, 3, 47212 MiB, 100 %
2026/10/03 16:29:46.029, 3, 47212 MiB, 100 %
2026/10/03 16:29:47.030, 3, 47212 MiB, 100 %
2026/10/03 16:29:48.030, 3, 47212 MiB, 100 %
2026/10/03 16:29:49.030, 3, 47212 MiB, 100 %
2026/10/03 16:29:50.030, 3, 47212 MiB, 100 %
2026/10/03 16:29:51.031, 3, 47212 MiB, 100 %
2026/10/03 16:29:52.031, 3, 47212 MiB, 100 %
2026/10/03 16:29:53.031, 3, 47212 MiB, 100 %
2026/10/03 16:29:54.031, 3, 47212 MiB, 100 %
2026/10/03 16:29:55.031, 3, 47212 MiB, 100 %
2026/10/03 16:29:56.032, 3, 47212 MiB, 100 %
2026/10/03 16:29:57.032, 3, 47212 MiB, 100 %
2026/10/03 16:29:58.032, 3, 47212 MiB, 100 %
2026/10/03 16:29:59.032, 3, 47212 MiB, 100 %
2026/10/03 16:30:00.033, 3, 47212 MiB, 100 %
2026/10/03 16:30:01.033, 3, 47212 MiB, 100 %
2026/10/03 16:30:02.033, 3, 47212 MiB, 100 %
2026/10/03 16:30:03.033, 3, 47212 MiB, 100 %
2026/10/03 16:30:04.034, 3, 47212 MiB, 100 %
2026/10/03 16:30:05.034, 3, 47212 MiB, 100 %
2026/10/03 16:30:06.034, 3, 47212 MiB, 100 %
2026/10/03 16:30:07.034, 3, 47212 MiB, 100 %
2026/10/03 16:30:08.035, 3, 47212 MiB, 100 %
2026/10/03 16:30:09.035, 3, 47212 MiB, 100 %
2026/10/03 16:30:10.035, 3, 47212 MiB, 100 %
2026/10/03 16:30:11.035, 3, 47212 MiB, 100 %
2026/10/03 16:30:12.036, 3, 47212 MiB, 100 %
2026/10/03 16:30:13.036, 3, 47212 MiB, 100 %
2026/10/03 16:30:14.036, 3, 47212 MiB, 100 %
2026/10/03 16:30:15.036, 3, 47212 MiB, 100 %
2026/10/03 16:30:16.037, 3, 47212 MiB, 100 %
2026/10/03 16:30:17.037, 3, 47212 MiB, 100 %
2026/10/03 16:30:18.037, 3, 47212 MiB, 100 %
2026/10/03 16:30:19.037, 3, 47212 MiB, 100 %
2026/10/03 16:30:20.038, 3, 47212 MiB, 100 %
2026/10/03 16:30:21.038, 3, 47212 MiB, 100 %
2026/10/03 16:30:22.038, 3, 47212 MiB, 100 %
2026/10/03 16:30:23.038, 3, 47212 MiB, 100 %
2026/10/03 16:30:24.039, 3, 47212 MiB, 100 %
2026/10/03 16:30:25.039, 3, 47212 MiB, 100 %
2026/10/03 16:30:26.039, 3, 47212 MiB, 100 %
2026/10/03 16:30:27.039, 3, 47212 MiB, 100 %
2026/10/03 16:30:28.040, 3, 47212 MiB, 100 %
2026/10/03 16:30:29.040, 3, 47212 MiB, 100 %
2026/10/03 16:30:30.040, 3, 47212 MiB, 100 %
2026/10/03 16:30:31.040, 3, 47212 MiB, 100 %
2026/10/03 16:30:32.041, 3, 47212 MiB, 100 %
2026/10/03 16:30:33.041, 3, 47212 MiB, 100 %
2026/10/03 16:30:34.041, 3, 47212 MiB, 100 %
2026/10/03 16:30:35.041, 3, 47212 MiB, 100 %
2026/10/03 16:30:36.042, 3, 47212 MiB, 100 %
2026/10/03 16:30:37.042, 3, 47212 MiB, 100 %
2026/10/03 16:30:38.042, 3, 47212 MiB, 100 %
2026/10/03 16:30:39.042, 3, 47212 MiB, 100 %
2026/10/03 16:30:40.043, 3, 47212 MiB, 100 %
2026/10/03 16:30:41.043, 3, 47212 MiB, 100 %
2026/10/03 16:30:42.043, 3, 47956 MiB, 100 %
2026/10/03 16:30:43.043, 3, 47956 MiB, 100 %
2026/10/03 16:30:44.044, 3, 47956 MiB, 100 %
2026/10/03 16:30:45.044, 3, 47956 MiB, 100 %
2026/10/03 16:30:46.044, 3, 47956 MiB, 100 %
2026/10/03 16:30:47.044, 3, 47956 MiB, 100 %
2026/10/03 16:30:48.045, 3, 47956 MiB, 100 %
2026/10/03 16:30:49.045, 3, 47956 MiB, 100 %
2026/10/03 16:30:50.045, 3, 47956 MiB, 100 %
2026/10/03 16:30:51.045, 3, 47956 MiB, 100 %
2026/10/03 16:30:52.046, 3, 47956 MiB, 100 %
2026/10/03 16:30:53.046, 3, 47956 MiB, 100 %
2026/10/03 16:30:54.046, 3, 47956 MiB, 100 %
2026/10/03 16:30:55.047, 3, 47956 MiB, 100 %
2026/10/03 16:30:56.047, 3, 47956 MiB, 100 %
2026/10/03 16:30:57.047, 3, 47956 MiB, 100 %
2026/10/03 16:30:58.047, 3, 47956 MiB, 100 %
2026/10/03 16:30:59.048, 3, 47956 MiB, 100 %
2026/10/03 16:31:00.048, 3, 47956 MiB, 100 %
2026/10/03 16:31:01.048, 3, 47956 MiB, 100 %
2026/10/03 16:31:02.048, 3, 47956 MiB, 100 %
2026/10/03 16:31:03.049, 3, 47956 MiB, 100 %
2026/10/03 16:31:04.049, 3, 47956 MiB, 100 %
2026/10/03 16:31:05.049, 3, 47956 MiB, 100 %
2026/10/03 16:31:06.049, 3, 47956 MiB, 100 %
2026/10/03 16:31:07.050, 3, 47956 MiB, 100 %
2026/10/03 16:31:08.050, 3, 47956 MiB, 100 %
2026/10/03 16:31:09.050, 3, 47956 MiB, 100 %
2026/10/03 16:31:10.050, 3, 47956 MiB, 100 %
2026/10/03 16:31:11.051, 3, 47956 MiB, 100 %
2026/10/03 16:31:12.051, 3, 47956 MiB, 100 %
2026/10/03 16:31:13.051, 3, 47956 MiB, 100 %
2026/10/03 16:31:14.052, 3, 47956 MiB, 100 %
2026/10/03 16:31:15.052, 3, 47956 MiB, 100 %
2026/10/03 16:31:16.052, 3, 47956 MiB, 100 %
2026/10/03 16:31:17.052, 3, 47956 MiB, 100 %
2026/10/03 16:31:18.053, 3, 47956 MiB, 100 %
2026/10/03 16:31:19.053, 3, 47956 MiB, 100 %
2026/10/03 16:31:20.053, 3, 47956 MiB, 100 %
2026/10/03 16:31:21.053, 3, 47956 MiB, 100 %
2026/10/03 16:31:22.054, 3, 47956 MiB, 100 %
2026/10/03 16:31:23.054, 3, 47956 MiB, 100 %
2026/10/03 16:31:24.054, 3, 47956 MiB, 100 %
2026/10/03 16:31:25.054, 3, 47956 MiB, 100 %
2026/10/03 16:31:26.055, 3, 47956 MiB, 100 %
2026/10/03 16:31:27.055, 3, 47956 MiB, 100 %
2026/10/03 16:31:28.055, 3, 47956 MiB, 100 %
2026/10/03 16:31:29.056, 3, 47956 MiB, 100 %
2026/10/03 16:31:30.056, 3, 47956 MiB, 100 %
2026/10/03 16:31:31.056, 3, 47956 MiB, 100 %
2026/10/03 16:31:32.056, 3, 47956 MiB, 100 %
2026/10/03 16:31:33.057, 3, 47956 MiB, 100 %
2026/10/03 16:31:34.057, 3, 47956 MiB, 100 %
2026/10/03 16:31:35.057, 3, 47956 MiB, 100 %
2026/10/03 16:31:36.057, 3, 47956 MiB, 100 %
2026/10/03 16:31:37.058, 3, 47956 MiB, 100 %
2026/10/03 16:31:38.058, 3, 47956 MiB, 100 %
2026/10/03 16:31:39.058, 3, 47956 MiB, 100 %
2026/10/03 16:31:40.059, 3, 47956 MiB, 100 %
2026/10/03 16:31:41.059, 3, 47956 MiB, 100 %
2026/10/03 16:31:42.059, 3, 47956 MiB, 100 %
2026/10/03 16:31:43.059, 3, 47956 MiB, 100 %
2026/10/03 16:31:44.060, 3, 47956 MiB, 100 %
2026/10/03 16:31:45.060, 3, 47956 MiB, 100 %
2026/10/03 16:31:46.060, 3, 47956 MiB, 100 %
2026/10/03 16:31:47.060, 3, 47956 MiB, 100 %
2026/10/03 16:31:48.061, 3, 47956 MiB, 100 %
2026/10/03 16:31:49.061, 3, 47956 MiB, 100 %
2026/10/03 16:31:50.061, 3, 47956 MiB, 100 %
2026/10/03 16:31:51.061, 3, 47956 MiB, 100 %
2026/10/03 16:31:52.062, 3, 47956 MiB, 100 %
2026/10/03 16:31:53.062, 3, 47956 MiB, 100 %
2026/10/03 16:31:54.062, 3, 47956 MiB, 100 %
2026/10/03 16:31:55.062, 3, 47956 MiB, 100 %
2026/10/03 16:31:56.063, 3, 47956 MiB, 100 %
2026/10/03 16:31:57.063, 3, 47956 MiB, 100 %
2026/10/03 16:31:58.063, 3, 47956 MiB, 100 %
2026/10/03 16:31:59.064, 3, 47956 MiB, 100 %
2026/10/03 16:32:00.064, 3, 47956 MiB, 100 %
2026/10/03 16:32:01.064, 3, 47956 MiB, 100 %
2026/10/03 16:32:02.064, 3, 47956 MiB, 100 %
2026/10/03 16:32:03.065, 3, 47956 MiB, 100 %
2026/10/03 16:32:04.065, 3, 47956 MiB, 100 %
2026/10/03 16:32:05.065, 3, 47956 MiB, 100 %
2026/10/03 16:32:06.065, 3, 47956 MiB, 100 %
2026/10/03 16:32:07.066, 3, 47956 MiB, 100 %
2026/10/03 16:32:08.066, 3, 47956 MiB, 100 %
2026/10/03 16:32:09.066, 3, 47956 MiB, 100 %
2026/10/03 16:32:10.066, 3, 47956 MiB, 100 %
2026/10/03 16:32:11.067, 3, 47956 MiB, 100 %
2026/10/03 16:32:12.067, 3, 47956 MiB, 100 %
2026/10/03 16:32:13.067, 3, 47956 MiB, 100 %
2026/10/03 16:32:14.067, 3, 47956 MiB, 100 %
2026/10/03 16:32:15.067, 3, 47956 MiB, 100 %
2026/10/03 16:32:16.068, 3, 47956 MiB, 100 %
2026/10/03 16:32:17.068, 3, 47956 MiB, 100 %
2026/10/03 16:32:18.068, 3, 47956 MiB, 100 %
2026/10/03 16:32:19.069, 3, 47956 MiB, 89 %
2026/10/03 16:32:20.069, 3, 47956 MiB, 100 %
2026/10/03 16:32:21.069, 3, 47956 MiB, 100 %
2026/10/03 16:32:22.069, 3, 47956 MiB, 100 %
2026/10/03 16:32:23.070, 3, 47956 MiB, 100 %
2026/10/03 16:32:24.070, 3, 47956 MiB, 100 %
2026/10/03 16:32:25.070, 3, 47956 MiB, 100 %
2026/10/03 16:32:26.070, 3, 47956 MiB, 100 %
2026/10/03 16:32:27.071, 3, 47956 MiB, 100 %
2026/10/03 16:32:28.071, 3, 47956 MiB, 100 %
2026/10/03 16:32:29.071, 3, 47956 MiB, 100 %
2026/10/03 16:32:30.071, 3, 47956 MiB, 100 %
2026/10/03 16:32:31.072, 3, 47956 MiB, 100 %
2026/10/03 16:32:32.072, 3, 47956 MiB, 100 %
2026/10/03 16:32:33.072, 3, 47956 MiB, 100 %
2026/10/03 16:32:34.072, 3, 47956 MiB, 100 %
2026/10/03 16:32:35.073, 3, 47956 MiB, 100 %
2026/10/03 16:32:36.073, 3, 47956 MiB, 100 %
2026/10/03 16:32:37.073, 3, 47956 MiB, 100 %
2026/10/03 16:32:38.073, 3, 47956 MiB, 100 %
2026/10/03 16:32:39.074, 3, 47956 MiB, 100 %
2026/10/03 16:32:40.074, 3, 47956 MiB, 100 %
2026/10/03 16:32:41.074, 3, 47956 MiB, 100 %
2026/10/03 16:32:42.075, 3, 47956 MiB, 100 %
2026/10/03 16:32:43.075, 3, 47956 MiB, 100 %
2026/10/03 16:32:44.075, 3, 47956 MiB, 100 %
2026/10/03 16:32:45.075, 3, 47956 MiB, 100 %
2026/10/03 16:32:46.076, 3, 47956 MiB, 100 %
2026/10/03 16:32:47.076, 3, 47956 MiB, 100 %
2026/10/03 16:32:48.076, 3, 47956 MiB, 100 %
2026/10/03 16:32:49.076, 3, 47956 MiB, 100 %
2026/10/03 16:32:50.077, 3, 47956 MiB, 100 %
2026/10/03 16:32:51.077, 3, 47956 MiB, 100 %
2026/10/03 16:32:52.077, 3, 47956 MiB, 100 %
2026/10/03 16:32:53.077, 3, 47956 MiB, 100 %
2026/10/03 16:32:54.078, 3, 47956 MiB, 100 %
2026/10/03 16:32:55.078, 3, 47956 MiB, 100 %
2026/10/03 16:32:56.078, 3, 47956 MiB, 100 %
2026/10/03 16:32:57.079, 3, 47956 MiB, 100 %
2026/10/03 16:32:58.079, 3, 47956 MiB, 100 %
2026/10/03 16:32:59.079, 3, 47956 MiB, 100 %
2026/10/03 16:33:00.079, 3, 47956 MiB, 100 %
2026/10/03 16:33:01.080, 3, 47956 MiB, 100 %
2026/10/03 16:33:02.080, 3, 47956 MiB, 100 %
2026/10/03 16:33:03.080, 3, 47956 MiB, 100 %
2026/10/03 16:33:04.080, 3, 47956 MiB, 100 %
2026/10/03 16:33:05.081, 3, 47956 MiB, 100 %
2026/10/03 16:33:06.081, 3, 47956 MiB, 100 %
2026/10/03 16:33:07.081, 3, 47956 MiB, 100 %
2026/10/03 16:33:08.082, 3, 47956 MiB, 100 %
2026/10/03 16:33:09.082, 3, 47956 MiB, 100 %
2026/10/03 16:33:10.082, 3, 47956 MiB, 100 %
2026/10/03 16:33:11.082, 3, 47956 MiB, 100 %
2026/10/03 16:33:12.083, 3, 47956 MiB, 100 %
2026/10/03 16:33:13.083, 3, 47956 MiB, 100 %
2026/10/03 16:33:14.083, 3, 47956 MiB, 100 %
2026/10/03 16:33:15.083, 3, 47956 MiB, 100 %
2026/10/03 16:33:16.084, 3, 47956 MiB, 100 %
2026/10/03 16:33:17.084, 3, 47956 MiB, 100 %
2026/10/03 16:33:18.084, 3, 47956 MiB, 100 %
2026/10/03 16:33:19.084, 3, 47956 MiB, 100 %
2026/10/03 16:33:20.085, 3, 47956 MiB, 100 %
2026/10/03 16:33:21.085, 3, 47956 MiB, 100 %
2026/10/03 16:33:22.085, 3, 47956 MiB, 100 %
2026/10/03 16:33:23.086, 3, 47956 MiB, 100 %
2026/10/03 16:33:24.086, 3, 47956 MiB, 100 %
2026/10/03 16:33:25.086, 3, 47956 MiB, 100 %
2026/10/03 16:33:26.086, 3, 47956 MiB, 100 %
2026/10/03 16:33:27.087, 3, 47956 MiB, 100 %
2026/10/03 16:33:28.087, 3, 47956 MiB, 100 %
2026/10/03 16:33:29.087, 3, 47956 MiB, 100 %
2026/10/03 16:33:30.087, 3, 47956 MiB, 100 %
2026/10/03 16:33:31.088, 3, 47956 MiB, 100 %
2026/10/03 16:33:32.088, 3, 47956 MiB, 100 %
2026/10/03 16:33:33.088, 3, 47956 MiB, 100 %
2026/10/03 16:33:34.089, 3, 47956 MiB, 100 %
2026/10/03 16:33:35.089, 3, 47956 MiB, 100 %
2026/10/03 16:33:36.089, 3, 47956 MiB, 100 %
2026/10/03 16:33:37.090, 3, 47956 MiB, 100 %
2026/10/03 16:33:38.090, 3, 47956 MiB, 100 %
2026/10/03 16:33:39.090, 3, 47956 MiB, 100 %
2026/10/03 16:33:40.091, 3, 47956 MiB, 100 %
2026/10/03 16:33:41.091, 3, 47956 MiB, 99 %
2026/10/03 16:33:42.091, 3, 47956 MiB, 100 %
2026/10/03 16:33:43.091, 3, 47956 MiB, 99 %
2026/10/03 16:33:44.092, 3, 47956 MiB, 100 %
2026/10/03 16:33:45.092, 3, 47956 MiB, 99 %
2026/10/03 16:33:46.092, 3, 47956 MiB, 100 %
2026/10/03 16:33:47.092, 3, 47956 MiB, 100 %
2026/10/03 16:33:48.093, 3, 47956 MiB, 100 %
2026/10/03 16:33:49.093, 3, 47956 MiB, 100 %
2026/10/03 16:33:50.093, 3, 47956 MiB, 100 %
2026/10/03 16:33:51.093, 3, 47956 MiB, 100 %
2026/10/03 16:33:52.094, 3, 47956 MiB, 100 %
2026/10/03 16:33:53.094, 3, 47956 MiB, 100 %
2026/10/03 16:33:54.094, 3, 47956 MiB, 100 %
2026/10/03 16:33:55.094, 3, 47956 MiB, 100 %
2026/10/03 16:33:56.095, 3, 47956 MiB, 100 %
2026/10/03 16:33:57.095, 3, 47956 MiB, 100 %
2026/10/03 16:33:58.095, 3, 47956 MiB, 100 %
2026/10/03 16:33:59.095, 3, 47956 MiB, 100 %
2026/10/03 16:34:00.096, 3, 47956 MiB, 100 %
2026/10/03 16:34:01.096, 3, 47956 MiB, 100 %
2026/10/03 16:34:02.096, 3, 47956 MiB, 100 %
2026/10/03 16:34:03.096, 3, 47956 MiB, 100 %
2026/10/03 16:34:04.097, 3, 47956 MiB, 100 %
2026/10/03 16:34:05.097, 3, 47956 MiB, 100 %
2026/10/03 16:34:06.097, 3, 47956 MiB, 100 %
2026/10/03 16:34:07.098, 3, 47956 MiB, 100 %
2026/10/03 16:34:08.098, 3, 47956 MiB, 100 %
2026/10/03 16:34:09.098, 3, 47956 MiB, 100 %
2026/10/03 16:34:10.098, 3, 47956 MiB, 100 %
2026/10/03 16:34:11.099, 3, 47956 MiB, 100 %
2026/10/03 16:34:12.099, 3, 47956 MiB, 100 %
2026/10/03 16:34:13.099, 3, 47956 MiB, 100 %
2026/10/03 16:34:14.099, 3, 47956 MiB, 100 %
2026/10/03 16:34:15.100, 3, 47956 MiB, 100 %
2026/10/03 16:34:16.100, 3, 47956 MiB, 100 %
2026/10/03 16:34:17.100, 3, 47956 MiB, 100 %
2026/10/03 16:34:18.100, 3, 47956 MiB, 100 %
2026/10/03 16:34:19.101, 3, 47956 MiB, 100 %
2026/10/03 16:34:20.101, 3, 47956 MiB, 100 %
2026/10/03 16:34:21.101, 3, 47956 MiB, 100 %
2026/10/03 16:34:22.101, 3, 47956 MiB, 100 %
2026/10/03 16:34:23.102, 3, 47956 MiB, 100 %
2026/10/03 16:34:24.102, 3, 47956 MiB, 100 %
2026/10/03 16:34:25.102, 3, 47956 MiB, 100 %
2026/10/03 16:34:26.102, 3, 47956 MiB, 100 %
2026/10/03 16:34:27.103, 3, 47956 MiB, 66 %
2026/10/03 16:34:28.103, 3, 47956 MiB, 100 %
2026/10/03 16:34:29.103, 3, 47956 MiB, 100 %
2026/10/03 16:34:30.103, 3, 47956 MiB, 100 %
2026/10/03 16:34:31.104, 3, 47956 MiB, 100 %
2026/10/03 16:34:32.104, 3, 47956 MiB, 100 %
2026/10/03 16:34:33.104, 3, 47956 MiB, 100 %
2026/10/03 16:34:34.105, 3, 47956 MiB, 100 %
2026/10/03 16:34:35.105, 3, 47956 MiB, 100 %
2026/10/03 16:34:36.105, 3, 47956 MiB, 100 %
2026/10/03 16:34:37.105, 3, 47956 MiB, 100 %
2026/10/03 16:34:38.106, 3, 47956 MiB, 100 %
2026/10/03 16:34:39.106, 3, 47956 MiB, 100 %
2026/10/03 16:34:40.106, 3, 47956 MiB, 100 %
2026/10/03 16:34:41.106, 3, 47956 MiB, 100 %
2026/10/03 16:34:42.107, 3, 47956 MiB, 100 %
2026/10/03 16:34:43.107, 3, 47956 MiB, 100 %
2026/10/03 16:34:44.107, 3, 47956 MiB, 100 %
2026/10/03 16:34:45.107, 3, 47956 MiB, 100 %
2026/10/03 16:34:46.108, 3, 47956 MiB, 100 %
2026/10/03 16:34:47.108, 3, 47956 MiB, 100 %
2026/10/03 16:34:48.108, 3, 47956 MiB, 100 %
2026/10/03 16:34:49.108, 3, 47956 MiB, 100 %
2026/10/03 16:34:50.109, 3, 47956 MiB, 100 %
2026/10/03 16:34:51.109, 3, 47956 MiB, 100 %
2026/10/03 16:34:52.109, 3, 47956 MiB, 100 %
2026/10/03 16:34:53.109, 3, 47956 MiB, 100 %
2026/10/03 16:34:54.110, 3, 47956 MiB, 100 %
2026/10/03 16:34:55.110, 3, 47956 MiB, 100 %
2026/10/03 16:34:56.110, 3, 47956 MiB, 100 %
2026/10/03 16:34:57.110, 3, 47956 MiB, 100 %
2026/10/03 16:34:58.111, 3, 47956 MiB, 100 %
2026/10/03 16:34:59.111, 3, 47956 MiB, 100 %
2026/10/03 16:35:00.111, 3, 47956 MiB, 100 %
2026/10/03 16:35:01.112, 3, 47956 MiB, 100 %
2026/10/03 16:35:02.112, 3, 47956 MiB, 100 %
2026/10/03 16:35:03.112, 3, 47956 MiB, 100 %
2026/10/03 16:35:04.112, 3, 47956 MiB, 100 %
2026/10/03 16:35:05.113, 3, 47956 MiB, 100 %
2026/10/03 16:35:06.113, 3, 47956 MiB, 100 %
2026/10/03 16:35:07.113, 3, 47956 MiB, 66 %
2026/10/03 16:35:08.113, 3, 47956 MiB, 100 %
2026/10/03 16:35:09.114, 3, 47956 MiB, 64 %
2026/10/03 16:35:10.114, 3, 47956 MiB, 100 %
2026/10/03 16:35:11.114, 3, 47956 MiB, 100 %
2026/10/03 16:35:12.114, 3, 47956 MiB, 100 %
2026/10/03 16:35:13.115, 3, 47956 MiB, 100 %
2026/10/03 16:35:14.115, 3, 47956 MiB, 100 %
2026/10/03 16:35:15.115, 3, 47956 MiB, 100 %
2026/10/03 16:35:16.116, 3, 47956 MiB, 100 %
2026/10/03 16:35:17.116, 3, 47956 MiB, 100 %
2026/10/03 16:35:18.116, 3, 47956 MiB, 100 %
2026/10/03 16:35:19.117, 3, 47956 MiB, 100 %
2026/10/03 16:35:20.117, 3, 47956 MiB, 100 %
2026/10/03 16:35:21.117, 3, 47956 MiB, 100 %
2026/10/03 16:35:22.117, 3, 47956 MiB, 100 %
2026/10/03 16:35:23.118, 3, 47956 MiB, 100 %
2026/10/03 16:35:24.118, 3, 47956 MiB, 100 %
2026/10/03 16:35:25.118, 3, 47956 MiB, 100 %
2026/10/03 16:35:26.118, 3, 47956 MiB, 100 %
2026/10/03 16:35:27.119, 3, 47956 MiB, 100 %
2026/10/03 16:35:28.119, 3, 47956 MiB, 100 %
2026/10/03 16:35:29.119, 3, 47956 MiB, 100 %
2026/10/03 16:35:30.119, 3, 47956 MiB, 100 %
2026/10/03 16:35:31.120, 3, 47956 MiB, 100 %
2026/10/03 16:35:32.120, 3, 47956 MiB, 100 %
2026/10/03 16:35:33.120, 3, 47956 MiB, 100 %
2026/10/03 16:35:34.121, 3, 47956 MiB, 100 %
2026/10/03 16:35:35.121, 3, 47956 MiB, 100 %
2026/10/03 16:35:36.121, 3, 47956 MiB, 100 %
2026/10/03 16:35:37.121, 3, 47956 MiB, 100 %
2026/10/03 16:35:38.122, 3, 47956 MiB, 100 %
2026/10/03 16:35:39.122, 3, 47956 MiB, 100 %
2026/10/03 16:35:40.122, 3, 47956 MiB, 100 %
2026/10/03 16:35:41.122, 3, 47956 MiB, 100 %
2026/10/03 16:35:42.123, 3, 47956 MiB, 100 %
2026/10/03 16:35:43.123, 3, 47956 MiB, 100 %
2026/10/03 16:35:44.123, 3, 47956 MiB, 100 %
2026/10/03 16:35:45.124, 3, 47956 MiB, 100 %
2026/10/03 16:35:46.124, 3, 47956 MiB, 100 %
2026/10/03 16:35:47.124, 3, 47956 MiB, 100 %
2026/10/03 16:35:48.124, 3, 47956 MiB, 100 %
2026/10/03 16:35:49.125, 3, 47956 MiB, 100 %
2026/10/03 16:35:50.125, 3, 47956 MiB, 100 %
2026/10/03 16:35:51.125, 3, 47956 MiB, 100 %
2026/10/03 16:35:52.125, 3, 47956 MiB, 100 %
2026/10/03 16:35:53.126, 3, 47956 MiB, 100 %
2026/10/03 16:35:54.126, 3, 47956 MiB, 100 %
2026/10/03 16:35:55.126, 3, 47956 MiB, 100 %
2026/10/03 16:35:56.127, 3, 47956 MiB, 100 %
2026/10/03 16:35:57.127, 3, 47956 MiB, 100 %
2026/10/03 16:35:58.127, 3, 47956 MiB, 100 %
2026/10/03 16:35:59.127, 3, 47956 MiB, 100 %
2026/10/03 16:36:00.128, 3, 47956 MiB, 100 %
2026/10/03 16:36:01.128, 3, 47956 MiB, 100 %
2026/10/03 16:36:02.128, 3, 47956 MiB, 100 %
2026/10/03 16:36:03.128, 3, 47956 MiB, 100 %
2026/10/03 16:36:04.129, 3, 47956 MiB, 100 %
2026/10/03 16:36:05.129, 3, 47956 MiB, 100 %
2026/10/03 16:36:06.130, 3, 47956 MiB, 100 %
2026/10/03 16:36:07.130, 3, 47956 MiB, 100 %
2026/10/03 16:36:08.130, 3, 47956 MiB, 100 %
2026/10/03 16:36:09.130, 3, 47956 MiB, 100 %
2026/10/03 16:36:10.131, 3, 47956 MiB, 100 %
2026/10/03 16:36:11.131, 3, 47956 MiB, 100 %
2026/10/03 16:36:12.131, 3, 47956 MiB, 100 %
2026/10/03 16:36:13.131, 3, 47956 MiB, 100 %
2026/10/03 16:36:14.132, 3, 47956 MiB, 100 %
2026/10/03 16:36:15.132, 3, 47956 MiB, 100 %
2026/10/03 16:36:16.132, 3, 47956 MiB, 100 %
2026/10/03 16:36:17.132, 3, 47956 MiB, 100 %
2026/10/03 16:36:18.133, 3, 47956 MiB, 100 %
2026/10/03 16:36:19.133, 3, 47956 MiB, 100 %
2026/10/03 16:36:20.133, 3, 47956 MiB, 100 %
2026/10/03 16:36:21.133, 3, 47956 MiB, 100 %
2026/10/03 16:36:22.134, 3, 47956 MiB, 100 %
2026/10/03 16:36:23.134, 3, 47956 MiB, 100 %
2026/10/03 16:36:24.134, 3, 47956 MiB, 100 %
2026/10/03 16:36:25.135, 3, 47956 MiB, 100 %
2026/10/03 16:36:26.135, 3, 47956 MiB, 100 %
2026/10/03 16:36:27.135, 3, 47956 MiB, 100 %
2026/10/03 16:36:28.135, 3, 47956 MiB, 100 %
2026/10/03 16:36:29.136, 3, 47956 MiB, 100 %
2026/10/03 16:36:30.136, 3, 47956 MiB, 100 %
2026/10/03 16:36:31.136, 3, 47956 MiB, 100 %
2026/10/03 16:36:32.137, 3, 47956 MiB, 100 %
2026/10/03 16:36:33.137, 3, 47956 MiB, 100 %
2026/10/03 16:36:34.137, 3, 47956 MiB, 100 %
2026/10/03 16:36:35.137, 3, 47956 MiB, 100 %
2026/10/03 16:36:36.138, 3, 47956 MiB, 100 %
2026/10/03 16:36:37.138, 3, 47956 MiB, 100 %
2026/10/03 16:36:38.138, 3, 47956 MiB, 100 %
2026/10/03 16:36:39.138, 3, 47956 MiB, 100 %
2026/10/03 16:36:40.139, 3, 47956 MiB, 100 %
2026/10/03 16:36:41.139, 3, 47956 MiB, 85 %
2026/10/03 16:36:42.139, 3, 47956 MiB, 100 %
2026/10/03 16:36:43.139, 3, 47956 MiB, 100 %
2026/10/03 16:36:44.140, 3, 47956 MiB, 99 %
2026/10/03 16:36:45.140, 3, 47956 MiB, 99 %
2026/10/03 16:36:46.140, 3, 47956 MiB, 100 %
2026/10/03 16:36:47.140, 3, 47956 MiB, 100 %
2026/10/03 16:36:48.141, 3, 47956 MiB, 100 %
2026/10/03 16:36:49.141, 3, 47956 MiB, 100 %
2026/10/03 16:36:50.141, 3, 47956 MiB, 100 %
2026/10/03 16:36:51.142, 3, 47956 MiB, 100 %
2026/10/03 16:36:52.142, 3, 47956 MiB, 100 %
2026/10/03 16:36:53.142, 3, 47956 MiB, 100 %
2026/10/03 16:36:54.142, 3, 47956 MiB, 100 %
2026/10/03 16:36:55.143, 3, 47956 MiB, 100 %
2026/10/03 16:36:56.143, 3, 47956 MiB, 100 %
2026/10/03 16:36:57.143, 3, 47956 MiB, 100 %
2026/10/03 16:36:58.143, 3, 47956 MiB, 100 %
2026/10/03 16:36:59.144, 3, 47956 MiB, 100 %
2026/10/03 16:37:00.144, 3, 47956 MiB, 100 %
2026/10/03 16:37:01.144, 3, 47956 MiB, 100 %
2026/10/03 16:37:02.145, 3, 47956 MiB, 100 %
2026/10/03 16:37:03.145, 3, 47956 MiB, 100 %
2026/10/03 16:37:04.145, 3, 47956 MiB, 100 %
2026/10/03 16:37:05.145, 3, 47956 MiB, 100 %
2026/10/03 16:37:06.146, 3, 47956 MiB, 100 %
2026/10/03 16:37:07.146, 3, 47956 MiB, 99 %
2026/10/03 16:37:08.146, 3, 47956 MiB, 100 %
2026/10/03 16:37:09.147, 3, 47956 MiB, 100 %
2026/10/03 16:37:10.147, 3, 47956 MiB, 100 %
2026/10/03 16:37:11.147, 3, 47956 MiB, 100 %
2026/10/03 16:37:12.147, 3, 47956 MiB, 100 %
2026/10/03 16:37:13.148, 3, 47956 MiB, 100 %
2026/10/03 16:37:14.148, 3, 47956 MiB, 100 %
2026/10/03 16:37:15.148, 3, 47956 MiB, 100 %
2026/10/03 16:37:16.149, 3, 47956 MiB, 100 %
2026/10/03 16:37:17.149, 3, 47956 MiB, 100 %
2026/10/03 16:37:18.149, 3, 47956 MiB, 100 %
2026/10/03 16:37:19.149, 3, 47956 MiB, 100 %
2026/10/03 16:37:20.150, 3, 47956 MiB, 100 %
2026/10/03 16:37:21.150, 3, 47956 MiB, 100 %
2026/10/03 16:37:22.150, 3, 47956 MiB, 100 %
2026/10/03 16:37:23.150, 3, 47956 MiB, 100 %
2026/10/03 16:37:24.151, 3, 47956 MiB, 100 %
2026/10/03 16:37:25.151, 3, 47956 MiB, 100 %
2026/10/03 16:37:26.151, 3, 47956 MiB, 100 %
2026/10/03 16:37:27.152, 3, 47956 MiB, 100 %
2026/10/03 16:37:28.152, 3, 47956 MiB, 100 %
2026/10/03 16:37:29.152, 3, 47956 MiB, 100 %
2026/10/03 16:37:30.153, 3, 47956 MiB, 100 %
2026/10/03 16:37:31.153, 3, 47956 MiB, 100 %
2026/10/03 16:37:32.153, 3, 47956 MiB, 100 %
2026/10/03 16:37:33.154, 3, 47956 MiB, 100 %
2026/10/03 16:37:34.154, 3, 47956 MiB, 100 %
2026/10/03 16:37:35.154, 3, 47956 MiB, 100 %
2026/10/03 16:37:36.154, 3, 47956 MiB, 100 %
2026/10/03 16:37:37.155, 3, 47956 MiB, 100 %
2026/10/03 16:37:38.155, 3, 47956 MiB, 100 %
2026/10/03 16:37:39.155, 3, 47956 MiB, 100 %
2026/10/03 16:37:40.156, 3, 47956 MiB, 100 %
2026/10/03 16:37:41.156, 3, 47956 MiB, 100 %
2026/10/03 16:37:42.156, 3, 47956 MiB, 100 %
2026/10/03 16:37:43.156, 3, 47956 MiB, 100 %
2026/10/03 16:37:44.157, 3, 47956 MiB, 100 %
2026/10/03 16:37:45.157, 3, 47956 MiB, 100 %
2026/10/03 16:37:46.157, 3, 47956 MiB, 100 %
2026/10/03 16:37:47.158, 3, 47956 MiB, 100 %
2026/10/03 16:37:48.158, 3, 47956 MiB, 100 %
2026/10/03 16:37:49.158, 3, 47956 MiB, 100 %
2026/10/03 16:37:50.159, 3, 47956 MiB, 100 %
2026/10/03 16:37:51.159, 3, 47956 MiB, 100 %
2026/10/03 16:37:52.159, 3, 47956 MiB, 100 %
2026/10/03 16:37:53.159, 3, 47956 MiB, 100 %
2026/10/03 16:37:54.160, 3, 47956 MiB, 100 %
2026/10/03 16:37:55.160, 3, 47956 MiB, 100 %
2026/10/03 16:37:56.160, 3, 47956 MiB, 100 %
2026/10/03 16:37:57.160, 3, 47956 MiB, 100 %
2026/10/03 16:37:58.161, 3, 47956 MiB, 100 %
2026/10/03 16:37:59.161, 3, 47956 MiB, 100 %
2026/10/03 16:38:00.161, 3, 47956 MiB, 100 %
2026/10/03 16:38:01.162, 3, 47956 MiB, 100 %
2026/10/03 16:38:02.162, 3, 47956 MiB, 100 %
2026/10/03 16:38:03.162, 3, 47956 MiB, 100 %
2026/10/03 16:38:04.163, 3, 47956 MiB, 100 %
2026/10/03 16:38:05.163, 3, 47956 MiB, 100 %
2026/10/03 16:38:06.163, 3, 47956 MiB, 100 %
2026/10/03 16:38:07.163, 3, 47956 MiB, 100 %
2026/10/03 16:38:08.164, 3, 47956 MiB, 100 %
2026/10/03 16:38:09.164, 3, 47956 MiB, 100 %
2026/10/03 16:38:10.164, 3, 47956 MiB, 100 %
2026/10/03 16:38:11.165, 3, 47956 MiB, 100 %
2026/10/03 16:38:12.165, 3, 47956 MiB, 100 %
2026/10/03 16:38:13.165, 3, 47956 MiB, 100 %
2026/10/03 16:38:14.165, 3, 47956 MiB, 100 %
2026/10/03 16:38:15.166, 3, 47956 MiB, 100 %
2026/10/03 16:38:16.166, 3, 47956 MiB, 100 %
2026/10/03 16:38:17.166, 3, 47956 MiB, 100 %
2026/10/03 16:38:18.167, 3, 47956 MiB, 100 %
2026/10/03 16:38:19.167, 3, 47956 MiB, 100 %
2026/10/03 16:38:20.167, 3, 47956 MiB, 100 %
2026/10/03 16:38:21.167, 3, 47956 MiB, 100 %
2026/10/03 16:38:22.168, 3, 47956 MiB, 69 %
2026/10/03 16:38:23.168, 3, 47956 MiB, 100 %
2026/10/03 16:38:24.168, 3, 47956 MiB, 82 %
2026/10/03 16:38:25.168, 3, 47956 MiB, 100 %
2026/10/03 16:38:26.169, 3, 47956 MiB, 100 %
2026/10/03 16:38:27.169, 3, 47956 MiB, 100 %
2026/10/03 16:38:28.169, 3, 47956 MiB, 100 %
2026/10/03 16:38:29.170, 3, 47956 MiB, 100 %
2026/10/03 16:38:30.170, 3, 47956 MiB, 100 %
2026/10/03 16:38:31.170, 3, 47956 MiB, 100 %
2026/10/03 16:38:32.170, 3, 47956 MiB, 100 %
2026/10/03 16:38:33.171, 3, 47956 MiB, 100 %
2026/10/03 16:38:34.171, 3, 47956 MiB, 100 %
2026/10/03 16:38:35.171, 3, 47956 MiB, 100 %
2026/10/03 16:38:36.171, 3, 47956 MiB, 100 %
2026/10/03 16:38:37.172, 3, 47956 MiB, 100 %
2026/10/03 16:38:38.172, 3, 47956 MiB, 100 %
2026/10/03 16:38:39.172, 3, 47956 MiB, 75 %
2026/10/03 16:38:40.173, 3, 47956 MiB, 100 %
2026/10/03 16:38:41.173, 3, 47956 MiB, 100 %
2026/10/03 16:38:42.173, 3, 47956 MiB, 100 %
2026/10/03 16:38:43.174, 3, 47956 MiB, 100 %
2026/10/03 16:38:44.174, 3, 47956 MiB, 100 %
2026/10/03 16:38:45.174, 3, 47956 MiB, 100 %
2026/10/03 16:38:46.174, 3, 47956 MiB, 100 %
2026/10/03 16:38:47.175, 3, 47956 MiB, 100 %
2026/10/03 16:38:48.175, 3, 47956 MiB, 100 %
2026/10/03 16:38:49.175, 3, 47956 MiB, 100 %
2026/10/03 16:38:50.176, 3, 47956 MiB, 100 %
2026/10/03 16:38:51.176, 3, 47956 MiB, 100 %
2026/10/03 16:38:52.176, 3, 47956 MiB, 100 %
2026/10/03 16:38:53.176, 3, 47956 MiB, 100 %
2026/10/03 16:38:54.177, 3, 47956 MiB, 100 %
2026/10/03 16:38:55.177, 3, 47956 MiB, 100 %
2026/10/03 16:38:56.177, 3, 47956 MiB, 100 %
2026/10/03 16:38:57.177, 3, 47956 MiB, 100 %
2026/10/03 16:38:58.178, 3, 47956 MiB, 100 %
2026/10/03 16:38:59.178, 3, 47956 MiB, 100 %
2026/10/03 16:39:00.178, 3, 47956 MiB, 100 %
2026/10/03 16:39:01.179, 3, 47956 MiB, 100 %
2026/10/03 16:39:02.179, 3, 47956 MiB, 100 %
2026/10/03 16:39:03.179, 3, 47956 MiB, 100 %
2026/10/03 16:39:04.179, 3, 47956 MiB, 100 %
2026/10/03 16:39:05.180, 3, 47956 MiB, 100 %
2026/10/03 16:39:06.180, 3, 47956 MiB, 100 %
2026/10/03 16:39:07.180, 3, 47956 MiB, 100 %
2026/10/03 16:39:08.181, 3, 47956 MiB, 100 %
2026/10/03 16:39:09.181, 3, 47956 MiB, 100 %
2026/10/03 16:39:10.181, 3, 47956 MiB, 100 %
2026/10/03 16:39:11.182, 3, 47956 MiB, 100 %
2026/10/03 16:39:12.182, 3, 47956 MiB, 100 %
2026/10/03 16:39:13.182, 3, 47956 MiB, 100 %
2026/10/03 16:39:14.182, 3, 47956 MiB, 100 %
2026/10/03 16:39:15.183, 3, 47956 MiB, 100 %
2026/10/03 16:39:16.183, 3, 47956 MiB, 100 %
2026/10/03 16:39:17.183, 3, 47956 MiB, 100 %
2026/10/03 16:39:18.184, 3, 47956 MiB, 100 %
2026/10/03 16:39:19.184, 3, 47956 MiB, 100 %
2026/10/03 16:39:20.184, 3, 47956 MiB, 100 %
2026/10/03 16:39:21.184, 3, 47956 MiB, 100 %
2026/10/03 16:39:22.185, 3, 47956 MiB, 100 %
2026/10/03 16:39:23.185, 3, 47956 MiB, 100 %
2026/10/03 16:39:24.185, 3, 47956 MiB, 100 %
2026/10/03 16:39:25.186, 3, 47956 MiB, 96 %
2026/10/03 16:39:26.186, 3, 47956 MiB, 100 %
2026/10/03 16:39:27.186, 3, 47956 MiB, 100 %
2026/10/03 16:39:28.186, 3, 47956 MiB, 100 %
2026/10/03 16:39:29.187, 3, 47956 MiB, 100 %
2026/10/03 16:39:30.187, 3, 47956 MiB, 100 %
2026/10/03 16:39:31.187, 3, 47956 MiB, 100 %
2026/10/03 16:39:32.188, 3, 47956 MiB, 100 %
2026/10/03 16:39:33.188, 3, 47956 MiB, 100 %
2026/10/03 16:39:34.188, 3, 47956 MiB, 100 %
2026/10/03 16:39:35.188, 3, 47956 MiB, 100 %
2026/10/03 16:39:36.189, 3, 47956 MiB, 100 %
2026/10/03 16:39:37.189, 3, 47956 MiB, 100 %
2026/10/03 16:39:38.189, 3, 47956 MiB, 100 %
2026/10/03 16:39:39.190, 3, 47956 MiB, 100 %
2026/10/03 16:39:40.190, 3, 47956 MiB, 100 %
2026/10/03 16:39:41.190, 3, 47956 MiB, 65 %
2026/10/03 16:39:42.190, 3, 47956 MiB, 100 %
2026/10/03 16:39:43.191, 3, 47956 MiB, 100 %
2026/10/03 16:39:44.191, 3, 47956 MiB, 100 %
2026/10/03 16:39:45.191, 3, 47956 MiB, 100 %
2026/10/03 16:39:46.192, 3, 47956 MiB, 100 %
2026/10/03 16:39:47.192, 3, 47956 MiB, 100 %
2026/10/03 16:39:48.192, 3, 47956 MiB, 100 %
2026/10/03 16:39:49.192, 3, 47956 MiB, 100 %
2026/10/03 16:39:50.193, 3, 47956 MiB, 100 %
2026/10/03 16:39:51.193, 3, 47956 MiB, 100 %
2026/10/03 16:39:52.193, 3, 47956 MiB, 100 %
2026/10/03 16:39:53.194, 3, 47956 MiB, 100 %
2026/10/03 16:39:54.194, 3, 47956 MiB, 100 %
2026/10/03 16:39:55.194, 3, 47956 MiB, 100 %
2026/10/03 16:39:56.194, 3, 47956 MiB, 100 %
2026/10/03 16:39:57.195, 3, 47956 MiB, 100 %
2026/10/03 16:39:58.195, 3, 47956 MiB, 100 %
2026/10/03 16:39:59.195, 3, 47956 MiB, 100 %
2026/10/03 16:40:00.195, 3, 47956 MiB, 100 %
2026/10/03 16:40:01.196, 3, 47956 MiB, 100 %
2026/10/03 16:40:02.196, 3, 47956 MiB, 100 %
2026/10/03 16:40:03.196, 3, 47956 MiB, 100 %
2026/10/03 16:40:04.196, 3, 47956 MiB, 100 %
2026/10/03 16:40:05.197, 3, 47956 MiB, 100 %
2026/10/03 16:40:06.197, 3, 47956 MiB, 100 %
2026/10/03 16:40:07.197, 3, 47956 MiB, 100 %
2026/10/03 16:40:08.197, 3, 47956 MiB, 100 %
2026/10/03 16:40:09.198, 3, 47956 MiB, 100 %
2026/10/03 16:40:10.198, 3, 47956 MiB, 100 %
2026/10/03 16:40:11.198, 3, 47956 MiB, 100 %
2026/10/03 16:40:12.198, 3, 47956 MiB, 100 %
2026/10/03 16:40:13.199, 3, 47956 MiB, 100 %
2026/10/03 16:40:14.199, 3, 47956 MiB, 100 %
2026/10/03 16:40:15.199, 3, 47956 MiB, 100 %
2026/10/03 16:40:16.199, 3, 47956 MiB, 100 %
2026/10/03 16:40:17.200, 3, 47956 MiB, 100 %
2026/10/03 16:40:18.200, 3, 47956 MiB, 100 %
2026/10/03 16:40:19.200, 3, 47956 MiB, 100 %
2026/10/03 16:40:20.200, 3, 47956 MiB, 100 %
2026/10/03 16:40:21.201, 3, 47956 MiB, 100 %
2026/10/03 16:40:22.201, 3, 47956 MiB, 100 %
2026/10/03 16:40:23.201, 3, 47956 MiB, 100 %
2026/10/03 16:40:24.202, 3, 47956 MiB, 100 %
2026/10/03 16:40:25.202, 3, 47956 MiB, 100 %
2026/10/03 16:40:26.202, 3, 47956 MiB, 100 %
2026/10/03 16:40:27.202, 3, 47956 MiB, 100 %
2026/10/03 16:40:28.203, 3, 47956 MiB, 100 %
2026/10/03 16:40:29.203, 3, 47956 MiB, 100 %
2026/10/03 16:40:30.203, 3, 47956 MiB, 100 %
2026/10/03 16:40:31.203, 3, 47956 MiB, 100 %
2026/10/03 16:40:32.204, 3, 47956 MiB, 100 %
2026/10/03 16:40:33.204, 3, 47956 MiB, 100 %
2026/10/03 16:40:34.204, 3, 47956 MiB, 100 %
2026/10/03 16:40:35.205, 3, 47956 MiB, 100 %
2026/10/03 16:40:36.205, 3, 47956 MiB, 100 %
2026/10/03 16:40:37.205, 3, 47956 MiB, 100 %
2026/10/03 16:40:38.205, 3, 47956 MiB, 100 %
2026/10/03 16:40:39.206, 3, 47956 MiB, 100 %
2026/10/03 16:40:40.206, 3, 47956 MiB, 100 %
2026/10/03 16:40:41.206, 3, 47956 MiB, 100 %
2026/10/03 16:40:42.207, 3, 47956 MiB, 100 %
2026/10/03 16:40:43.207, 3, 47956 MiB, 100 %
2026/10/03 16:40:44.207, 3, 47956 MiB, 100 %
2026/10/03 16:40:45.207, 3, 47956 MiB, 100 %
2026/10/03 16:40:46.208, 3, 47956 MiB, 100 %
2026/10/03 16:40:47.208, 3, 47956 MiB, 100 %
2026/10/03 16:40:48.208, 3, 47956 MiB, 100 %
2026/10/03 16:40:49.208, 3, 47956 MiB, 100 %
2026/10/03 16:40:50.209, 3, 47956 MiB, 100 %
2026/10/03 16:40:51.209, 3, 47956 MiB, 100 %
2026/10/03 16:40:52.209, 3, 47956 MiB, 100 %
2026/10/03 16:40:53.210, 3, 47956 MiB, 100 %
2026/10/03 16:40:54.210, 3, 47956 MiB, 100 %
2026/10/03 16:40:55.210, 3, 47956 MiB, 100 %
2026/10/03 16:40:56.210, 3, 47956 MiB, 100 %
2026/10/03 16:40:57.211, 3, 47956 MiB, 100 %
2026/10/03 16:40:58.211, 3, 47956 MiB, 100 %
2026/10/03 16:40:59.213, 3, 47956 MiB, 100 %
2026/10/03 16:41:00.213, 3, 47956 MiB, 100 %
2026/10/03 16:41:01.213, 3, 47956 MiB, 100 %
2026/10/03 16:41:02.214, 3, 47956 MiB, 100 %
2026/10/03 16:41:03.214, 3, 47956 MiB, 100 %
2026/10/03 16:41:04.214, 3, 47956 MiB, 100 %
2026/10/03 16:41:05.214, 3, 47956 MiB, 100 %
2026/10/03 16:41:06.215, 3, 47956 MiB, 100 %
2026/10/03 16:41:07.215, 3, 47956 MiB, 100 %
2026/10/03 16:41:08.215, 3, 47956 MiB, 100 %
2026/10/03 16:41:09.215, 3, 47956 MiB, 100 %
2026/10/03 16:41:10.216, 3, 47956 MiB, 100 %
2026/10/03 16:41:11.216, 3, 47956 MiB, 100 %
2026/10/03 16:41:12.216, 3, 47956 MiB, 100 %
2026/10/03 16:41:13.217, 3, 47956 MiB, 100 %
2026/10/03 16:41:14.217, 3, 47956 MiB, 100 %
2026/10/03 16:41:15.217, 3, 47956 MiB, 100 %
2026/10/03 16:41:16.217, 3, 47956 MiB, 100 %
2026/10/03 16:41:17.217, 3, 47956 MiB, 100 %
2026/10/03 16:41:18.218, 3, 47956 MiB, 100 %
2026/10/03 16:41:19.218, 3, 47956 MiB, 100 %
2026/10/03 16:41:20.218, 3, 47956 MiB, 100 %
2026/10/03 16:41:21.219, 3, 47956 MiB, 100 %
2026/10/03 16:41:22.219, 3, 47956 MiB, 100 %
2026/10/03 16:41:23.219, 3, 47956 MiB, 69 %
2026/10/03 16:41:24.219, 3, 47956 MiB, 100 %
2026/10/03 16:41:25.220, 3, 47956 MiB, 100 %
2026/10/03 16:41:26.220, 3, 47956 MiB, 100 %
2026/10/03 16:41:27.220, 3, 47956 MiB, 100 %
2026/10/03 16:41:28.220, 3, 47956 MiB, 100 %
2026/10/03 16:41:29.221, 3, 47956 MiB, 100 %
2026/10/03 16:41:30.221, 3, 47956 MiB, 100 %
2026/10/03 16:41:31.221, 3, 47956 MiB, 100 %
2026/10/03 16:41:32.222, 3, 47956 MiB, 100 %
2026/10/03 16:41:33.222, 3, 47956 MiB, 100 %
2026/10/03 16:41:34.222, 3, 47956 MiB, 100 %
2026/10/03 16:41:35.222, 3, 47956 MiB, 100 %
2026/10/03 16:41:36.223, 3, 47956 MiB, 100 %
2026/10/03 16:41:37.223, 3, 47956 MiB, 100 %
2026/10/03 16:41:38.223, 3, 47956 MiB, 100 %
2026/10/03 16:41:39.224, 3, 47956 MiB, 100 %
2026/10/03 16:41:40.224, 3, 47956 MiB, 100 %
2026/10/03 16:41:41.224, 3, 47956 MiB, 100 %
2026/10/03 16:41:42.224, 3, 47956 MiB, 100 %
2026/10/03 16:41:43.225, 3, 47956 MiB, 100 %
2026/10/03 16:41:44.225, 3, 47956 MiB, 100 %
2026/10/03 16:41:45.225, 3, 47956 MiB, 100 %
2026/10/03 16:41:46.226, 3, 47956 MiB, 100 %
2026/10/03 16:41:47.226, 3, 47956 MiB, 100 %
2026/10/03 16:41:48.226, 3, 47956 MiB, 100 %
2026/10/03 16:41:49.227, 3, 47956 MiB, 100 %
2026/10/03 16:41:50.227, 3, 47956 MiB, 100 %
2026/10/03 16:41:51.227, 3, 47956 MiB, 100 %
2026/10/03 16:41:52.227, 3, 47956 MiB, 100 %
2026/10/03 16:41:53.228, 3, 47956 MiB, 100 %
2026/10/03 16:41:54.228, 3, 47956 MiB, 100 %
2026/10/03 16:41:55.228, 3, 47956 MiB, 100 %
2026/10/03 16:41:56.228, 3, 47956 MiB, 100 %
2026/10/03 16:41:57.228, 3, 47956 MiB, 100 %
2026/10/03 16:41:58.229, 3, 47956 MiB, 100 %
2026/10/03 16:41:59.229, 3, 47956 MiB, 100 %
2026/10/03 16:42:00.229, 3, 47956 MiB, 100 %
2026/10/03 16:42:01.229, 3, 47956 MiB, 100 %
2026/10/03 16:42:02.229, 3, 47956 MiB, 100 %
2026/10/03 16:42:03.230, 3, 47956 MiB, 100 %
2026/10/03 16:42:04.230, 3, 47956 MiB, 100 %
2026/10/03 16:42:05.230, 3, 47956 MiB, 100 %
2026/10/03 16:42:06.230, 3, 47956 MiB, 100 %
2026/10/03 16:42:07.230, 3, 47956 MiB, 100 %
2026/10/03 16:42:08.231, 3, 47956 MiB, 100 %
2026/10/03 16:42:09.231, 3, 47956 MiB, 100 %
2026/10/03 16:42:10.231, 3, 47956 MiB, 100 %
2026/10/03 16:42:11.231, 3, 47956 MiB, 100 %
2026/10/03 16:42:12.231, 3, 47956 MiB, 100 %
2026/10/03 16:42:13.232, 3, 47956 MiB, 100 %
2026/10/03 16:42:14.232, 3, 47956 MiB, 100 %
2026/10/03 16:42:15.232, 3, 47956 MiB, 100 %
2026/10/03 16:42:16.232, 3, 47956 MiB, 100 %
2026/10/03 16:42:17.232, 3, 47956 MiB, 100 %
2026/10/03 16:42:18.233, 3, 47956 MiB, 100 %
2026/10/03 16:42:19.233, 3, 47956 MiB, 100 %
2026/10/03 16:42:20.233, 3, 47956 MiB, 100 %
2026/10/03 16:42:21.233, 3, 47956 MiB, 100 %
2026/10/03 16:42:22.234, 3, 47956 MiB, 100 %
2026/10/03 16:42:23.235, 3, 47956 MiB, 100 %
2026/10/03 16:42:24.235, 3, 47956 MiB, 100 %
2026/10/03 16:42:25.235, 3, 47956 MiB, 100 %
2026/10/03 16:42:26.236, 3, 47956 MiB, 100 %
2026/10/03 16:42:27.236, 3, 47956 MiB, 100 %
2026/10/03 16:42:28.236, 3, 47956 MiB, 100 %
2026/10/03 16:42:29.236, 3, 47956 MiB, 100 %
2026/10/03 16:42:30.237, 3, 47956 MiB, 100 %
2026/10/03 16:42:31.237, 3, 47956 MiB, 100 %
2026/10/03 16:42:32.237, 3, 47956 MiB, 100 %
2026/10/03 16:42:33.237, 3, 47956 MiB, 100 %
2026/10/03 16:42:34.237, 3, 47956 MiB, 100 %
2026/10/03 16:42:35.238, 3, 47956 MiB, 100 %
2026/10/03 16:42:36.238, 3, 47956 MiB, 100 %
2026/10/03 16:42:37.238, 3, 47956 MiB, 100 %
2026/10/03 16:42:38.238, 3, 47956 MiB, 100 %
2026/10/03 16:42:39.238, 3, 47956 MiB, 100 %
2026/10/03 16:42:40.239, 3, 47956 MiB, 100 %
2026/10/03 16:42:41.239, 3, 47956 MiB, 100 %
2026/10/03 16:42:42.239, 3, 47956 MiB, 100 %
2026/10/03 16:42:43.239, 3, 47956 MiB, 100 %
2026/10/03 16:42:44.239, 3, 47956 MiB, 100 %
2026/10/03 16:42:45.240, 3, 47956 MiB, 100 %
2026/10/03 16:42:46.240, 3, 47956 MiB, 100 %
2026/10/03 16:42:47.240, 3, 47956 MiB, 100 %
2026/10/03 16:42:48.240, 3, 47956 MiB, 100 %
2026/10/03 16:42:49.240, 3, 47956 MiB, 100 %
2026/10/03 16:42:50.241, 3, 47956 MiB, 100 %
2026/10/03 16:42:51.241, 3, 47956 MiB, 100 %
2026/10/03 16:42:52.241, 3, 47956 MiB, 100 %
2026/10/03 16:42:53.241, 3, 47956 MiB, 100 %
2026/10/03 16:42:54.242, 3, 47956 MiB, 100 %
2026/10/03 16:42:55.243, 3, 47956 MiB, 100 %
2026/10/03 16:42:56.243, 3, 47956 MiB, 100 %
2026/10/03 16:42:57.243, 3, 47956 MiB, 100 %
2026/10/03 16:42:58.243, 3, 47956 MiB, 100 %
2026/10/03 16:42:59.243, 3, 47956 MiB, 100 %
2026/10/03 16:43:00.244, 3, 47956 MiB, 100 %
2026/10/03 16:43:01.244, 3, 47956 MiB, 100 %
2026/10/03 16:43:02.244, 3, 47956 MiB, 100 %
2026/10/03 16:43:03.244, 3, 47956 MiB, 100 %
2026/10/03 16:43:04.245, 3, 47956 MiB, 100 %
2026/10/03 16:43:05.245, 3, 47956 MiB, 100 %
2026/10/03 16:43:06.245, 3, 47956 MiB, 100 %
2026/10/03 16:43:07.245, 3, 47956 MiB, 100 %
2026/10/03 16:43:08.245, 3, 47956 MiB, 100 %
2026/10/03 16:43:09.246, 3, 47956 MiB, 100 %
2026/10/03 16:43:10.246, 3, 47956 MiB, 100 %
2026/10/03 16:43:11.246, 3, 47956 MiB, 100 %
2026/10/03 16:43:12.246, 3, 47956 MiB, 100 %
2026/10/03 16:43:13.247, 3, 47956 MiB, 100 %
2026/10/03 16:43:14.247, 3, 47956 MiB, 100 %
2026/10/03 16:43:15.247, 3, 47956 MiB, 100 %
2026/10/03 16:43:16.247, 3, 47956 MiB, 100 %
2026/10/03 16:43:17.247, 3, 47956 MiB, 100 %
2026/10/03 16:43:18.248, 3, 47956 MiB, 100 %
2026/10/03 16:43:19.248, 3, 47956 MiB, 100 %
2026/10/03 16:43:20.248, 3, 47956 MiB, 100 %
2026/10/03 16:43:21.248, 3, 47956 MiB, 100 %
2026/10/03 16:43:22.248, 3, 47956 MiB, 100 %
2026/10/03 16:43:23.249, 3, 47956 MiB, 100 %
2026/10/03 16:43:24.249, 3, 47956 MiB, 100 %
2026/10/03 16:43:25.249, 3, 47956 MiB, 100 %
2026/10/03 16:43:26.249, 3, 47956 MiB, 100 %
2026/10/03 16:43:27.250, 3, 47956 MiB, 100 %
2026/10/03 16:43:28.250, 3, 47956 MiB, 100 %
2026/10/03 16:43:29.250, 3, 47956 MiB, 100 %
2026/10/03 16:43:30.250, 3, 47956 MiB, 100 %
2026/10/03 16:43:31.250, 3, 47956 MiB, 100 %
2026/10/03 16:43:32.251, 3, 47956 MiB, 100 %
2026/10/03 16:43:33.251, 3, 47956 MiB, 100 %
2026/10/03 16:43:34.251, 3, 47956 MiB, 100 %
2026/10/03 16:43:35.251, 3, 47956 MiB, 100 %
2026/10/03 16:43:36.252, 3, 47956 MiB, 100 %
2026/10/03 16:43:37.252, 3, 47956 MiB, 100 %
2026/10/03 16:43:38.252, 3, 47956 MiB, 100 %
2026/10/03 16:43:39.252, 3, 47956 MiB, 100 %
2026/10/03 16:43:40.254, 3, 47956 MiB, 100 %
2026/10/03 16:43:41.254, 3, 47956 MiB, 100 %
2026/10/03 16:43:42.254, 3, 47956 MiB, 100 %
2026/10/03 16:43:43.254, 3, 47956 MiB, 100 %
2026/10/03 16:43:44.255, 3, 47956 MiB, 100 %
2026/10/03 16:43:45.255, 3, 47956 MiB, 100 %
2026/10/03 16:43:46.255, 3, 47956 MiB, 100 %
2026/10/03 16:43:47.255, 3, 47956 MiB, 100 %
2026/10/03 16:43:48.256, 3, 47956 MiB, 100 %
2026/10/03 16:43:49.256, 3, 47956 MiB, 75 %
2026/10/03 16:43:50.256, 3, 47956 MiB, 100 %
2026/10/03 16:43:51.256, 3, 47956 MiB, 100 %
2026/10/03 16:43:52.256, 3, 47956 MiB, 100 %
2026/10/03 16:43:53.257, 3, 47956 MiB, 100 %
2026/10/03 16:43:54.257, 3, 47956 MiB, 100 %
2026/10/03 16:43:55.257, 3, 47956 MiB, 100 %
2026/10/03 16:43:56.257, 3, 47956 MiB, 100 %
2026/10/03 16:43:57.257, 3, 47956 MiB, 100 %
2026/10/03 16:43:58.258, 3, 47956 MiB, 100 %
2026/10/03 16:43:59.258, 3, 47956 MiB, 100 %
2026/10/03 16:44:00.258, 3, 47956 MiB, 100 %
2026/10/03 16:44:01.258, 3, 47956 MiB, 100 %
2026/10/03 16:44:02.259, 3, 47956 MiB, 100 %
2026/10/03 16:44:03.259, 3, 47956 MiB, 100 %
2026/10/03 16:44:04.259, 3, 47956 MiB, 100 %
2026/10/03 16:44:05.259, 3, 47956 MiB, 100 %
2026/10/03 16:44:06.259, 3, 47956 MiB, 100 %
2026/10/03 16:44:07.260, 3, 47956 MiB, 100 %
2026/10/03 16:44:08.260, 3, 47956 MiB, 100 %
2026/10/03 16:44:09.260, 3, 47956 MiB, 100 %
2026/10/03 16:44:10.260, 3, 47956 MiB, 100 %
2026/10/03 16:44:11.260, 3, 47956 MiB, 100 %
2026/10/03 16:44:12.261, 3, 47956 MiB, 100 %
2026/10/03 16:44:13.261, 3, 47956 MiB, 100 %
2026/10/03 16:44:14.261, 3, 47956 MiB, 100 %
2026/10/03 16:44:15.261, 3, 47956 MiB, 100 %
2026/10/03 16:44:16.261, 3, 47956 MiB, 100 %
2026/10/03 16:44:17.262, 3, 47956 MiB, 100 %
2026/10/03 16:44:18.262, 3, 47956 MiB, 100 %
2026/10/03 16:44:19.262, 3, 47956 MiB, 100 %
2026/10/03 16:44:20.262, 3, 47956 MiB, 100 %
2026/10/03 16:44:21.263, 3, 47956 MiB, 84 %
2026/10/03 16:44:22.263, 3, 47956 MiB, 100 %
2026/10/03 16:44:23.263, 3, 47956 MiB, 100 %
2026/10/03 16:44:24.263, 3, 47956 MiB, 100 %
2026/10/03 16:44:25.263, 3, 47956 MiB, 100 %
2026/10/03 16:44:26.264, 3, 47956 MiB, 100 %
2026/10/03 16:44:27.264, 3, 47956 MiB, 100 %
2026/10/03 16:44:28.264, 3, 47956 MiB, 100 %
2026/10/03 16:44:29.264, 3, 47956 MiB, 100 %
2026/10/03 16:44:30.265, 3, 47956 MiB, 100 %
2026/10/03 16:44:31.265, 3, 47956 MiB, 100 %
2026/10/03 16:44:32.265, 3, 47956 MiB, 100 %
2026/10/03 16:44:33.265, 3, 47956 MiB, 100 %
2026/10/03 16:44:34.265, 3, 47956 MiB, 100 %
2026/10/03 16:44:35.266, 3, 47956 MiB, 100 %
2026/10/03 16:44:36.266, 3, 47956 MiB, 100 %
2026/10/03 16:44:37.266, 3, 47956 MiB, 100 %
2026/10/03 16:44:38.266, 3, 47956 MiB, 100 %
2026/10/03 16:44:39.266, 3, 47956 MiB, 100 %
2026/10/03 16:44:40.267, 3, 47956 MiB, 100 %
2026/10/03 16:44:41.267, 3, 47956 MiB, 100 %
2026/10/03 16:44:42.267, 3, 47956 MiB, 100 %
2026/10/03 16:44:43.267, 3, 47956 MiB, 100 %
2026/10/03 16:44:44.268, 3, 47956 MiB, 100 %
2026/10/03 16:44:45.268, 3, 47956 MiB, 100 %
2026/10/03 16:44:46.268, 3, 47956 MiB, 100 %
2026/10/03 16:44:47.268, 3, 47956 MiB, 100 %
2026/10/03 16:44:48.268, 3, 47956 MiB, 100 %
2026/10/03 16:44:49.269, 3, 47956 MiB, 100 %
2026/10/03 16:44:50.269, 3, 47956 MiB, 100 %
2026/10/03 16:44:51.269, 3, 47956 MiB, 100 %
2026/10/03 16:44:52.269, 3, 47956 MiB, 100 %
2026/10/03 16:44:53.269, 3, 47956 MiB, 100 %
2026/10/03 16:44:54.270, 3, 47956 MiB, 100 %
2026/10/03 16:44:55.270, 3, 47956 MiB, 100 %
2026/10/03 16:44:56.270, 3, 47956 MiB, 100 %
2026/10/03 16:44:57.270, 3, 47956 MiB, 100 %
2026/10/03 16:44:58.271, 3, 47956 MiB, 100 %
2026/10/03 16:44:59.271, 3, 47956 MiB, 100 %
2026/10/03 16:45:00.271, 3, 47956 MiB, 100 %
2026/10/03 16:45:01.271, 3, 47956 MiB, 100 %
2026/10/03 16:45:02.271, 3, 47956 MiB, 100 %
2026/10/03 16:45:03.272, 3, 47956 MiB, 100 %
2026/10/03 16:45:04.272, 3, 47956 MiB, 100 %
2026/10/03 16:45:05.272, 3, 47956 MiB, 100 %
2026/10/03 16:45:06.272, 3, 47956 MiB, 100 %
2026/10/03 16:45:07.273, 3, 47956 MiB, 100 %
2026/10/03 16:45:08.273, 3, 47956 MiB, 100 %
2026/10/03 16:45:09.273, 3, 47956 MiB, 100 %
2026/10/03 16:45:10.273, 3, 47956 MiB, 100 %
2026/10/03 16:45:11.273, 3, 47956 MiB, 100 %
2026/10/03 16:45:12.273, 3, 47956 MiB, 100 %
2026/10/03 16:45:13.274, 3, 47956 MiB, 100 %
2026/10/03 16:45:14.274, 3, 47956 MiB, 100 %
2026/10/03 16:45:15.274, 3, 47956 MiB, 100 %
2026/10/03 16:45:16.274, 3, 47956 MiB, 100 %
2026/10/03 16:45:17.274, 3, 47956 MiB, 100 %
2026/10/03 16:45:18.275, 3, 47956 MiB, 100 %
2026/10/03 16:45:19.275, 3, 47956 MiB, 100 %
2026/10/03 16:45:20.275, 3, 47956 MiB, 100 %
2026/10/03 16:45:21.275, 3, 47956 MiB, 100 %
2026/10/03 16:45:22.275, 3, 47956 MiB, 100 %
2026/10/03 16:45:23.276, 3, 47956 MiB, 100 %
2026/10/03 16:45:24.276, 3, 47956 MiB, 100 %
2026/10/03 16:45:25.276, 3, 47956 MiB, 100 %
2026/10/03 16:45:26.276, 3, 47956 MiB, 100 %
2026/10/03 16:45:27.276, 3, 47956 MiB, 100 %
2026/10/03 16:45:28.277, 3, 47956 MiB, 100 %
2026/10/03 16:45:29.277, 3, 47956 MiB, 100 %
2026/10/03 16:45:30.277, 3, 47956 MiB, 100 %
2026/10/03 16:45:31.277, 3, 47956 MiB, 100 %
2026/10/03 16:45:32.277, 3, 47956 MiB, 100 %
2026/10/03 16:45:33.278, 3, 47956 MiB, 100 %
2026/10/03 16:45:34.278, 3, 47956 MiB, 100 %
2026/10/03 16:45:35.278, 3, 47956 MiB, 100 %
2026/10/03 16:45:36.278, 3, 47956 MiB, 100 %
2026/10/03 16:45:37.278, 3, 47956 MiB, 100 %
2026/10/03 16:45:38.279, 3, 47956 MiB, 100 %
2026/10/03 16:45:39.279, 3, 47956 MiB, 100 %
2026/10/03 16:45:40.279, 3, 47956 MiB, 100 %
2026/10/03 16:45:41.279, 3, 47956 MiB, 100 %
2026/10/03 16:45:42.279, 3, 47956 MiB, 100 %
2026/10/03 16:45:43.280, 3, 47956 MiB, 100 %
2026/10/03 16:45:44.280, 3, 47956 MiB, 100 %
2026/10/03 16:45:45.280, 3, 47956 MiB, 100 %
2026/10/03 16:45:46.280, 3, 47956 MiB, 100 %
2026/10/03 16:45:47.280, 3, 47956 MiB, 100 %
2026/10/03 16:45:48.281, 3, 47956 MiB, 100 %
2026/10/03 16:45:49.281, 3, 47956 MiB, 100 %
2026/10/03 16:45:50.281, 3, 47956 MiB, 100 %
2026/10/03 16:45:51.281, 3, 47956 MiB, 100 %
2026/10/03 16:45:52.281, 3, 47956 MiB, 100 %
2026/10/03 16:45:53.282, 3, 47956 MiB, 100 %
2026/10/03 16:45:54.282, 3, 47956 MiB, 100 %
2026/10/03 16:45:55.282, 3, 47956 MiB, 100 %
2026/10/03 16:45:56.282, 3, 47956 MiB, 100 %
2026/10/03 16:45:57.282, 3, 47956 MiB, 100 %
2026/10/03 16:45:58.283, 3, 47956 MiB, 100 %
2026/10/03 16:45:59.283, 3, 47956 MiB, 100 %
2026/10/03 16:46:00.283, 3, 47956 MiB, 100 %
2026/10/03 16:46:01.283, 3, 47956 MiB, 100 %
2026/10/03 16:46:02.283, 3, 47956 MiB, 100 %
2026/10/03 16:46:03.284, 3, 47956 MiB, 100 %
2026/10/03 16:46:04.284, 3, 47956 MiB, 100 %
2026/10/03 16:46:05.284, 3, 47956 MiB, 100 %
2026/10/03 16:46:06.284, 3, 47956 MiB, 100 %
2026/10/03 16:46:07.284, 3, 47956 MiB, 100 %
2026/10/03 16:46:08.285, 3, 47956 MiB, 100 %
2026/10/03 16:46:09.285, 3, 47956 MiB, 100 %
2026/10/03 16:46:10.285, 3, 47956 MiB, 100 %
2026/10/03 16:46:11.285, 3, 47956 MiB, 100 %
2026/10/03 16:46:12.285, 3, 47956 MiB, 100 %
2026/10/03 16:46:13.286, 3, 47956 MiB, 100 %
2026/10/03 16:46:14.286, 3, 47956 MiB, 100 %
2026/10/03 16:46:15.286, 3, 47956 MiB, 100 %
2026/10/03 16:46:16.286, 3, 47956 MiB, 100 %
2026/10/03 16:46:17.286, 3, 47956 MiB, 100 %
2026/10/03 16:46:18.286, 3, 47956 MiB, 100 %
2026/10/03 16:46:19.287, 3, 47956 MiB, 100 %
2026/10/03 16:46:20.287, 3, 47956 MiB, 100 %
2026/10/03 16:46:21.287, 3, 47956 MiB, 100 %
2026/10/03 16:46:22.287, 3, 47956 MiB, 100 %
2026/10/03 16:46:23.287, 3, 47956 MiB, 100 %
2026/10/03 16:46:24.288, 3, 47956 MiB, 100 %
2026/10/03 16:46:25.288, 3, 47956 MiB, 100 %
2026/10/03 16:46:26.288, 3, 47956 MiB, 100 %
2026/10/03 16:46:27.288, 3, 47956 MiB, 100 %
2026/10/03 16:46:28.288, 3, 47956 MiB, 100 %
2026/10/03 16:46:29.289, 3, 47956 MiB, 100 %
2026/10/03 16:46:30.289, 3, 47956 MiB, 100 %
2026/10/03 16:46:31.289, 3, 47956 MiB, 100 %
2026/10/03 16:46:32.289, 3, 47956 MiB, 100 %
2026/10/03 16:46:33.289, 3, 47956 MiB, 100 %
2026/10/03 16:46:34.290, 3, 47956 MiB, 100 %
2026/10/03 16:46:35.290, 3, 47956 MiB, 100 %
2026/10/03 16:46:36.290, 3, 47956 MiB, 100 %
2026/10/03 16:46:37.290, 3, 47956 MiB, 100 %
2026/10/03 16:46:38.290, 3, 47956 MiB, 100 %
2026/10/03 16:46:39.291, 3, 47956 MiB, 100 %
2026/10/03 16:46:40.291, 3, 47956 MiB, 100 %
2026/10/03 16:46:41.291, 3, 47956 MiB, 100 %
2026/10/03 16:46:42.291, 3, 47956 MiB, 100 %
2026/10/03 16:46:43.291, 3, 47956 MiB, 100 %
2026/10/03 16:46:44.292, 3, 47956 MiB, 100 %
2026/10/03 16:46:45.292, 3, 47956 MiB, 100 %
2026/10/03 16:46:46.292, 3, 47956 MiB, 100 %
2026/10/03 16:46:47.292, 3, 47956 MiB, 100 %
2026/10/03 16:46:48.292, 3, 47956 MiB, 100 %
2026/10/03 16:46:49.293, 3, 47956 MiB, 100 %
2026/10/03 16:46:50.293, 3, 47956 MiB, 100 %
2026/10/03 16:46:51.293, 3, 47956 MiB, 100 %
2026/10/03 16:46:52.293, 3, 47956 MiB, 100 %
2026/10/03 16:46:53.293, 3, 47956 MiB, 100 %
2026/10/03 16:46:54.294, 3, 47956 MiB, 100 %
2026/10/03 16:46:55.294, 3, 47956 MiB, 100 %
2026/10/03 16:46:56.294, 3, 47956 MiB, 100 %
2026/10/03 16:46:57.294, 3, 47956 MiB, 100 %
2026/10/03 16:46:58.294, 3, 47956 MiB, 100 %
2026/10/03 16:46:59.295, 3, 47956 MiB, 100 %
2026/10/03 16:47:00.295, 3, 47956 MiB, 100 %
2026/10/03 16:47:01.295, 3, 47956 MiB, 100 %
2026/10/03 16:47:02.295, 3, 47956 MiB, 100 %
2026/10/03 16:47:03.295, 3, 47956 MiB, 100 %
2026/10/03 16:47:04.295, 3, 47956 MiB, 100 %
2026/10/03 16:47:05.296, 3, 47956 MiB, 100 %
2026/10/03 16:47:06.296, 3, 47956 MiB, 100 %
2026/10/03 16:47:07.296, 3, 47956 MiB, 100 %
2026/10/03 16:47:08.296, 3, 47956 MiB, 100 %
2026/10/03 16:47:09.296, 3, 47956 MiB, 100 %
2026/10/03 16:47:10.297, 3, 47956 MiB, 100 %
2026/10/03 16:47:11.297, 3, 47956 MiB, 100 %
2026/10/03 16:47:12.297, 3, 47956 MiB, 100 %
2026/10/03 16:47:13.297, 3, 47956 MiB, 100 %
2026/10/03 16:47:14.297, 3, 47956 MiB, 100 %
2026/10/03 16:47:15.298, 3, 47956 MiB, 100 %
2026/10/03 16:47:16.298, 3, 47956 MiB, 100 %
2026/10/03 16:47:17.298, 3, 47956 MiB, 100 %
2026/10/03 16:47:18.298, 3, 47956 MiB, 100 %
2026/10/03 16:47:19.298, 3, 47956 MiB, 100 %
2026/10/03 16:47:20.299, 3, 47956 MiB, 100 %
2026/10/03 16:47:21.299, 3, 47956 MiB, 100 %
2026/10/03 16:47:22.299, 3, 47956 MiB, 100 %
2026/10/03 16:47:23.299, 3, 47956 MiB, 100 %
2026/10/03 16:47:24.300, 3, 47956 MiB, 100 %
2026/10/03 16:47:25.300, 3, 47956 MiB, 100 %
2026/10/03 16:47:26.300, 3, 47956 MiB, 100 %
2026/10/03 16:47:27.300, 3, 47956 MiB, 100 %
2026/10/03 16:47:28.300, 3, 47956 MiB, 100 %
2026/10/03 16:47:29.301, 3, 47956 MiB, 100 %
2026/10/03 16:47:30.301, 3, 47956 MiB, 100 %
2026/10/03 16:47:31.302, 3, 47956 MiB, 100 %
2026/10/03 16:47:32.302, 3, 47956 MiB, 100 %
2026/10/03 16:47:33.302, 3, 47956 MiB, 100 %
2026/10/03 16:47:34.302, 3, 47956 MiB, 100 %
2026/10/03 16:47:35.302, 3, 47956 MiB, 100 %
2026/10/03 16:47:36.303, 3, 47956 MiB, 100 %
2026/10/03 16:47:37.303, 3, 47956 MiB, 100 %
2026/10/03 16:47:38.303, 3, 47956 MiB, 100 %
2026/10/03 16:47:39.303, 3, 47956 MiB, 100 %
2026/10/03 16:47:40.304, 3, 47956 MiB, 100 %
2026/10/03 16:47:41.304, 3, 47956 MiB, 100 %
2026/10/03 16:47:42.304, 3, 47956 MiB, 100 %
2026/10/03 16:47:43.304, 3, 47956 MiB, 100 %
2026/10/03 16:47:44.304, 3, 47956 MiB, 100 %
2026/10/03 16:47:45.305, 3, 47956 MiB, 100 %
2026/10/03 16:47:46.305, 3, 47956 MiB, 100 %
2026/10/03 16:47:47.305, 3, 47956 MiB, 100 %
2026/10/03 16:47:48.305, 3, 47956 MiB, 100 %
2026/10/03 16:47:49.306, 3, 47956 MiB, 100 %
2026/10/03 16:47:50.306, 3, 47956 MiB, 100 %
2026/10/03 16:47:51.306, 3, 47956 MiB, 100 %
2026/10/03 16:47:52.307, 3, 47956 MiB, 100 %
2026/10/03 16:47:53.307, 3, 47956 MiB, 100 %
2026/10/03 16:47:54.307, 3, 47956 MiB, 100 %
2026/10/03 16:47:55.308, 3, 47956 MiB, 100 %
2026/10/03 16:47:56.308, 3, 47956 MiB, 100 %
2026/10/03 16:47:57.308, 3, 47956 MiB, 100 %
2026/10/03 16:47:58.308, 3, 47956 MiB, 100 %
2026/10/03 16:47:59.309, 3, 47956 MiB, 100 %
2026/10/03 16:48:00.309, 3, 47956 MiB, 100 %
2026/10/03 16:48:01.309, 3, 47956 MiB, 100 %
2026/10/03 16:48:02.310, 3, 47956 MiB, 100 %
2026/10/03 16:48:03.310, 3, 47956 MiB, 100 %
2026/10/03 16:48:04.310, 3, 47956 MiB, 100 %
2026/10/03 16:48:05.312, 3, 47956 MiB, 0 %
2026/10/03 16:48:06.312, 3, 47956 MiB, 0 %
2026/10/03 16:48:07.313, 3, 47956 MiB, 0 %
2026/10/03 16:48:08.313, 3, 47956 MiB, 100 %
2026/10/03 16:48:09.313, 3, 47956 MiB, 100 %
2026/10/03 16:48:10.313, 3, 47956 MiB, 100 %
2026/10/03 16:48:11.314, 3, 47956 MiB, 100 %
2026/10/03 16:48:12.314, 3, 47956 MiB, 100 %
2026/10/03 16:48:13.314, 3, 47956 MiB, 100 %
2026/10/03 16:48:14.315, 3, 47956 MiB, 100 %
2026/10/03 16:48:15.315, 3, 47956 MiB, 100 %
2026/10/03 16:48:16.315, 3, 47956 MiB, 100 %
2026/10/03 16:48:17.316, 3, 47956 MiB, 100 %
2026/10/03 16:48:18.316, 3, 47956 MiB, 100 %
2026/10/03 16:48:19.316, 3, 47956 MiB, 100 %
2026/10/03 16:48:20.316, 3, 47956 MiB, 100 %
2026/10/03 16:48:21.316, 3, 47956 MiB, 100 %
2026/10/03 16:48:22.317, 3, 47956 MiB, 100 %
2026/10/03 16:48:23.317, 3, 47956 MiB, 100 %
2026/10/03 16:48:24.317, 3, 47956 MiB, 100 %
2026/10/03 16:48:25.318, 3, 47956 MiB, 100 %
2026/10/03 16:48:26.318, 3, 47956 MiB, 100 %
2026/10/03 16:48:27.318, 3, 47956 MiB, 100 %
2026/10/03 16:48:28.319, 3, 47956 MiB, 100 %
2026/10/03 16:48:29.319, 3, 47956 MiB, 100 %
2026/10/03 16:48:30.319, 3, 47956 MiB, 100 %
2026/10/03 16:48:31.320, 3, 47956 MiB, 100 %
2026/10/03 16:48:32.320, 3, 47956 MiB, 100 %
2026/10/03 16:48:33.320, 3, 47956 MiB, 100 %
2026/10/03 16:48:34.320, 3, 47956 MiB, 100 %
2026/10/03 16:48:35.321, 3, 47956 MiB, 100 %
2026/10/03 16:48:36.321, 3, 47956 MiB, 100 %
2026/10/03 16:48:37.321, 3, 47956 MiB, 100 %
2026/10/03 16:48:38.323, 3, 47956 MiB, 100 %
2026/10/03 16:48:39.324, 3, 47956 MiB, 100 %
2026/10/03 16:48:40.324, 3, 47956 MiB, 100 %
2026/10/03 16:48:41.324, 3, 47956 MiB, 100 %
2026/10/03 16:48:42.324, 3, 47956 MiB, 100 %
2026/10/03 16:48:43.325, 3, 47956 MiB, 100 %
2026/10/03 16:48:44.325, 3, 47956 MiB, 100 %
2026/10/03 16:48:45.325, 3, 47956 MiB, 100 %
2026/10/03 16:48:46.326, 3, 47956 MiB, 100 %
2026/10/03 16:48:47.326, 3, 47956 MiB, 100 %
2026/10/03 16:48:48.326, 3, 47956 MiB, 100 %
2026/10/03 16:48:49.327, 3, 47956 MiB, 100 %
2026/10/03 16:48:50.327, 3, 47956 MiB, 100 %
2026/10/03 16:48:51.327, 3, 47956 MiB, 100 %
2026/10/03 16:48:52.327, 3, 47956 MiB, 100 %
2026/10/03 16:48:53.328, 3, 47956 MiB, 100 %
2026/10/03 16:48:54.328, 3, 47956 MiB, 100 %
2026/10/03 16:48:55.328, 3, 47956 MiB, 100 %
2026/10/03 16:48:56.329, 3, 47956 MiB, 100 %
2026/10/03 16:48:57.329, 3, 47956 MiB, 100 %
2026/10/03 16:48:58.329, 3, 47956 MiB, 100 %
2026/10/03 16:48:59.329, 3, 47956 MiB, 100 %
2026/10/03 16:49:00.330, 3, 47956 MiB, 100 %
2026/10/03 16:49:01.330, 3, 47956 MiB, 100 %
2026/10/03 16:49:02.330, 3, 47956 MiB, 100 %
2026/10/03 16:49:03.331, 3, 47956 MiB, 100 %
2026/10/03 16:49:04.331, 3, 47956 MiB, 100 %
2026/10/03 16:49:05.331, 3, 47956 MiB, 100 %
2026/10/03 16:49:06.331, 3, 47956 MiB, 100 %
2026/10/03 16:49:07.332, 3, 47956 MiB, 100 %
2026/10/03 16:49:08.332, 3, 47956 MiB, 100 %
2026/10/03 16:49:09.332, 3, 47956 MiB, 100 %
2026/10/03 16:49:10.333, 3, 47956 MiB, 100 %
2026/10/03 16:49:11.333, 3, 47956 MiB, 100 %
2026/10/03 16:49:12.333, 3, 47956 MiB, 100 %
2026/10/03 16:49:13.334, 3, 47956 MiB, 100 %
2026/10/03 16:49:14.334, 3, 47956 MiB, 100 %
2026/10/03 16:49:15.334, 3, 47956 MiB, 100 %
2026/10/03 16:49:16.335, 3, 47956 MiB, 100 %
2026/10/03 16:49:17.335, 3, 47956 MiB, 100 %
2026/10/03 16:49:18.335, 3, 47956 MiB, 100 %
2026/10/03 16:49:19.335, 3, 47956 MiB, 100 %
2026/10/03 16:49:20.336, 3, 47956 MiB, 100 %
2026/10/03 16:49:21.336, 3, 47956 MiB, 100 %
2026/10/03 16:49:22.336, 3, 47956 MiB, 100 %
2026/10/03 16:49:23.337, 3, 47956 MiB, 100 %
2026/10/03 16:49:24.337, 3, 47956 MiB, 100 %
2026/10/03 16:49:25.337, 3, 47956 MiB, 100 %
2026/10/03 16:49:26.337, 3, 47956 MiB, 100 %
2026/10/03 16:49:27.338, 3, 47956 MiB, 100 %
2026/10/03 16:49:28.338, 3, 47956 MiB, 100 %
2026/10/03 16:49:29.338, 3, 47956 MiB, 100 %
2026/10/03 16:49:30.339, 3, 47956 MiB, 100 %
2026/10/03 16:49:31.339, 3, 47956 MiB, 100 %
2026/10/03 16:49:32.339, 3, 47956 MiB, 100 %
2026/10/03 16:49:33.339, 3, 47956 MiB, 100 %
2026/10/03 16:49:34.340, 3, 47956 MiB, 100 %
2026/10/03 16:49:35.340, 3, 47956 MiB, 100 %
2026/10/03 16:49:36.340, 3, 47956 MiB, 100 %
2026/10/03 16:49:37.341, 3, 47956 MiB, 100 %
2026/10/03 16:49:38.341, 3, 47956 MiB, 100 %
2026/10/03 16:49:39.342, 3, 47956 MiB, 100 %
2026/10/03 16:49:40.343, 3, 47956 MiB, 100 %
2026/10/03 16:49:41.343, 3, 47956 MiB, 100 %
2026/10/03 16:49:42.343, 3, 47956 MiB, 100 %
2026/10/03 16:49:43.344, 3, 47956 MiB, 100 %
2026/10/03 16:49:44.344, 3, 47956 MiB, 100 %
2026/10/03 16:49:45.344, 3, 47956 MiB, 100 %
2026/10/03 16:49:46.344, 3, 47956 MiB, 100 %
2026/10/03 16:49:47.345, 3, 47956 MiB, 100 %
2026/10/03 16:49:48.345, 3, 47956 MiB, 100 %
2026/10/03 16:49:49.345, 3, 47956 MiB, 100 %
2026/10/03 16:49:50.346, 3, 47956 MiB, 100 %
2026/10/03 16:49:51.346, 3, 47956 MiB, 100 %
2026/10/03 16:49:52.346, 3, 47956 MiB, 100 %
2026/10/03 16:49:53.346, 3, 47956 MiB, 100 %
2026/10/03 16:49:54.347, 3, 47956 MiB, 100 %
2026/10/03 16:49:55.347, 3, 47956 MiB, 100 %
2026/10/03 16:49:56.347, 3, 47956 MiB, 100 %
2026/10/03 16:49:57.348, 3, 47956 MiB, 100 %
2026/10/03 16:49:58.348, 3, 47956 MiB, 100 %
2026/10/03 16:49:59.348, 3, 47956 MiB, 100 %
2026/10/03 16:50:00.349, 3, 47956 MiB, 100 %
2026/10/03 16:50:01.349, 3, 47956 MiB, 100 %
2026/10/03 16:50:02.349, 3, 47956 MiB, 100 %
2026/10/03 16:50:03.349, 3, 47956 MiB, 100 %
2026/10/03 16:50:04.350, 3, 47956 MiB, 100 %
2026/10/03 16:50:05.350, 3, 47956 MiB, 100 %
2026/10/03 16:50:06.350, 3, 47956 MiB, 100 %
2026/10/03 16:50:07.351, 3, 47956 MiB, 100 %
2026/10/03 16:50:08.351, 3, 47956 MiB, 100 %
2026/10/03 16:50:09.351, 3, 47956 MiB, 100 %
2026/10/03 16:50:10.352, 3, 47956 MiB, 100 %
2026/10/03 16:50:11.352, 3, 47956 MiB, 100 %
2026/10/03 16:50:12.352, 3, 47956 MiB, 100 %
2026/10/03 16:50:13.352, 3, 47956 MiB, 100 %
2026/10/03 16:50:14.353, 3, 47956 MiB, 100 %
2026/10/03 16:50:15.353, 3, 47956 MiB, 100 %
2026/10/03 16:50:16.353, 3, 47956 MiB, 100 %
2026/10/03 16:50:17.354, 3, 47956 MiB, 100 %
2026/10/03 16:50:18.354, 3, 47956 MiB, 100 %
2026/10/03 16:50:19.354, 3, 47956 MiB, 100 %
2026/10/03 16:50:20.356, 3, 47956 MiB, 100 %
2026/10/03 16:50:21.356, 3, 47956 MiB, 100 %
2026/10/03 16:50:22.356, 3, 47956 MiB, 100 %
2026/10/03 16:50:23.357, 3, 47956 MiB, 100 %
2026/10/03 16:50:24.357, 3, 47956 MiB, 100 %
2026/10/03 16:50:25.359, 3, 47956 MiB, 100 %
2026/10/03 16:50:26.359, 3, 47956 MiB, 100 %
2026/10/03 16:50:27.359, 3, 47956 MiB, 100 %
2026/10/03 16:50:28.360, 3, 47956 MiB, 100 %
2026/10/03 16:50:29.360, 3, 47956 MiB, 100 %
2026/10/03 16:50:30.361, 3, 47956 MiB, 100 %
2026/10/03 16:50:31.362, 3, 47956 MiB, 100 %
2026/10/03 16:50:32.362, 3, 47956 MiB, 100 %
2026/10/03 16:50:33.362, 3, 47956 MiB, 100 %
2026/10/03 16:50:34.363, 3, 47956 MiB, 100 %
2026/10/03 16:50:35.363, 3, 47956 MiB, 100 %
2026/10/03 16:50:36.363, 3, 47956 MiB, 100 %
2026/10/03 16:50:37.364, 3, 47956 MiB, 100 %
2026/10/03 16:50:38.364, 3, 47956 MiB, 100 %
2026/10/03 16:50:39.364, 3, 47956 MiB, 100 %
2026/10/03 16:50:40.365, 3, 47956 MiB, 100 %
2026/10/03 16:50:41.365, 3, 47956 MiB, 100 %
2026/10/03 16:50:42.365, 3, 47956 MiB, 100 %
2026/10/03 16:50:43.366, 3, 47956 MiB, 100 %
2026/10/03 16:50:44.366, 3, 47956 MiB, 100 %
2026/10/03 16:50:45.366, 3, 47956 MiB, 100 %
2026/10/03 16:50:46.366, 3, 47956 MiB, 100 %
2026/10/03 16:50:47.367, 3, 47956 MiB, 100 %
2026/10/03 16:50:48.367, 3, 47956 MiB, 100 %
2026/10/03 16:50:49.367, 3, 47956 MiB, 100 %
2026/10/03 16:50:50.368, 3, 47956 MiB, 100 %
2026/10/03 16:50:51.368, 3, 47956 MiB, 100 %
2026/10/03 16:50:52.368, 3, 47956 MiB, 100 %
2026/10/03 16:50:53.369, 3, 47956 MiB, 100 %
2026/10/03 16:50:54.369, 3, 47956 MiB, 100 %
2026/10/03 16:50:55.369, 3, 47956 MiB, 100 %
2026/10/03 16:50:56.370, 3, 47956 MiB, 100 %
2026/10/03 16:50:57.370, 3, 47956 MiB, 100 %
2026/10/03 16:50:58.370, 3, 47956 MiB, 100 %
2026/10/03 16:50:59.371, 3, 47956 MiB, 100 %
2026/10/03 16:51:00.371, 3, 47956 MiB, 100 %
2026/10/03 16:51:01.371, 3, 47956 MiB, 100 %
2026/10/03 16:51:02.372, 3, 47956 MiB, 100 %
2026/10/03 16:51:03.372, 3, 47956 MiB, 100 %
2026/10/03 16:51:04.372, 3, 47956 MiB, 100 %
2026/10/03 16:51:05.372, 3, 47956 MiB, 100 %
2026/10/03 16:51:06.373, 3, 47956 MiB, 100 %
2026/10/03 16:51:07.373, 3, 47956 MiB, 100 %
2026/10/03 16:51:08.373, 3, 47956 MiB, 100 %
2026/10/03 16:51:09.374, 3, 47956 MiB, 100 %
2026/10/03 16:51:10.374, 3, 47956 MiB, 100 %
2026/10/03 16:51:11.374, 3, 47956 MiB, 100 %
2026/10/03 16:51:12.375, 3, 47956 MiB, 100 %
2026/10/03 16:51:13.375, 3, 47956 MiB, 100 %
2026/10/03 16:51:14.375, 3, 47956 MiB, 100 %
2026/10/03 16:51:15.376, 3, 47956 MiB, 100 %
2026/10/03 16:51:16.376, 3, 47956 MiB, 100 %
2026/10/03 16:51:17.376, 3, 47956 MiB, 100 %
2026/10/03 16:51:18.376, 3, 47956 MiB, 100 %
2026/10/03 16:51:19.377, 3, 47956 MiB, 100 %
2026/10/03 16:51:20.377, 3, 47956 MiB, 100 %
2026/10/03 16:51:21.377, 3, 47956 MiB, 100 %
2026/10/03 16:51:22.378, 3, 47956 MiB, 100 %
2026/10/03 16:51:23.378, 3, 47956 MiB, 100 %
2026/10/03 16:51:24.378, 3, 47956 MiB, 100 %
2026/10/03 16:51:25.379, 3, 47956 MiB, 100 %
2026/10/03 16:51:26.379, 3, 47956 MiB, 100 %
2026/10/03 16:51:27.379, 3, 47956 MiB, 100 %
2026/10/03 16:51:28.380, 3, 47956 MiB, 100 %
2026/10/03 16:51:29.380, 3, 47956 MiB, 100 %
2026/10/03 16:51:30.380, 3, 47956 MiB, 100 %
2026/10/03 16:51:31.380, 3, 47956 MiB, 100 %
2026/10/03 16:51:32.381, 3, 47956 MiB, 100 %
2026/10/03 16:51:33.381, 3, 47956 MiB, 100 %
2026/10/03 16:51:34.381, 3, 47956 MiB, 100 %
2026/10/03 16:51:35.381, 3, 47956 MiB, 100 %
2026/10/03 16:51:36.382, 3, 47956 MiB, 100 %
2026/10/03 16:51:37.382, 3, 47956 MiB, 100 %
2026/10/03 16:51:38.382, 3, 47956 MiB, 100 %
2026/10/03 16:51:39.383, 3, 47956 MiB, 100 %
2026/10/03 16:51:40.383, 3, 47956 MiB, 100 %
2026/10/03 16:51:41.383, 3, 47956 MiB, 100 %
2026/10/03 16:51:42.384, 3, 47956 MiB, 100 %
2026/10/03 16:51:43.384, 3, 47956 MiB, 100 %
2026/10/03 16:51:44.384, 3, 47956 MiB, 100 %
2026/10/03 16:51:45.385, 3, 47956 MiB, 100 %
2026/10/03 16:51:46.385, 3, 47956 MiB, 100 %
2026/10/03 16:51:47.385, 3, 47956 MiB, 100 %
2026/10/03 16:51:48.386, 3, 47956 MiB, 100 %
2026/10/03 16:51:49.386, 3, 47956 MiB, 100 %
2026/10/03 16:51:50.386, 3, 47956 MiB, 100 %
2026/10/03 16:51:51.387, 3, 47956 MiB, 100 %
2026/10/03 16:51:52.387, 3, 47956 MiB, 100 %
2026/10/03 16:51:53.387, 3, 47956 MiB, 100 %
2026/10/03 16:51:54.387, 3, 47956 MiB, 100 %
2026/10/03 16:51:55.388, 3, 47956 MiB, 100 %
2026/10/03 16:51:56.388, 3, 47956 MiB, 100 %
2026/10/03 16:51:57.388, 3, 47956 MiB, 100 %
2026/10/03 16:51:58.389, 3, 47956 MiB, 100 %
2026/10/03 16:51:59.389, 3, 47956 MiB, 100 %
2026/10/03 16:52:00.389, 3, 47956 MiB, 100 %
2026/10/03 16:52:01.390, 3, 47956 MiB, 100 %
2026/10/03 16:52:02.390, 3, 47956 MiB, 100 %
2026/10/03 16:52:03.390, 3, 47956 MiB, 100 %
2026/10/03 16:52:04.390, 3, 47956 MiB, 100 %
2026/10/03 16:52:05.391, 3, 47956 MiB, 100 %
2026/10/03 16:52:06.391, 3, 47956 MiB, 100 %
2026/10/03 16:52:07.391, 3, 47956 MiB, 100 %
2026/10/03 16:52:08.392, 3, 47956 MiB, 100 %
2026/10/03 16:52:09.392, 3, 47956 MiB, 100 %
2026/10/03 16:52:10.392, 3, 47956 MiB, 100 %
2026/10/03 16:52:11.392, 3, 47956 MiB, 100 %
2026/10/03 16:52:12.393, 3, 47956 MiB, 100 %
2026/10/03 16:52:13.393, 3, 47956 MiB, 100 %
2026/10/03 16:52:14.393, 3, 47956 MiB, 100 %
2026/10/03 16:52:15.394, 3, 47956 MiB, 100 %
2026/10/03 16:52:16.394, 3, 47956 MiB, 100 %
2026/10/03 16:52:17.394, 3, 47956 MiB, 100 %
2026/10/03 16:52:18.395, 3, 47956 MiB, 100 %
2026/10/03 16:52:19.395, 3, 47956 MiB, 100 %
2026/10/03 16:52:20.395, 3, 47956 MiB, 100 %
2026/10/03 16:52:21.396, 3, 47956 MiB, 100 %
2026/10/03 16:52:22.396, 3, 47956 MiB, 100 %
2026/10/03 16:52:23.396, 3, 47956 MiB, 100 %
2026/10/03 16:52:24.397, 3, 47956 MiB, 100 %
2026/10/03 16:52:25.397, 3, 47956 MiB, 100 %
2026/10/03 16:52:26.398, 3, 47956 MiB, 100 %
2026/10/03 16:52:27.398, 3, 47956 MiB, 100 %
2026/10/03 16:52:28.398, 3, 47956 MiB, 100 %
2026/10/03 16:52:29.398, 3, 47956 MiB, 100 %
2026/10/03 16:52:30.399, 3, 47956 MiB, 100 %
2026/10/03 16:52:31.399, 3, 47956 MiB, 100 %
2026/10/03 16:52:32.399, 3, 47956 MiB, 100 %
2026/10/03 16:52:33.400, 3, 47956 MiB, 100 %
2026/10/03 16:52:34.400, 3, 47956 MiB, 100 %
2026/10/03 16:52:35.400, 3, 47956 MiB, 100 %
2026/10/03 16:52:36.401, 3, 47956 MiB, 100 %
2026/10/03 16:52:37.401, 3, 47956 MiB, 100 %
2026/10/03 16:52:38.401, 3, 47956 MiB, 100 %
2026/10/03 16:52:39.402, 3, 47956 MiB, 100 %
2026/10/03 16:52:40.402, 3, 47956 MiB, 100 %
2026/10/03 16:52:41.402, 3, 47956 MiB, 100 %
2026/10/03 16:52:42.402, 3, 47956 MiB, 100 %
2026/10/03 16:52:43.403, 3, 47956 MiB, 100 %
2026/10/03 16:52:44.403, 3, 47956 MiB, 100 %
2026/10/03 16:52:45.403, 3, 47956 MiB, 100 %
2026/10/03 16:52:46.404, 3, 47956 MiB, 100 %
2026/10/03 16:52:47.404, 3, 47956 MiB, 100 %
2026/10/03 16:52:48.404, 3, 47956 MiB, 100 %
2026/10/03 16:52:49.405, 3, 47956 MiB, 100 %
2026/10/03 16:52:50.405, 3, 47956 MiB, 100 %
2026/10/03 16:52:51.405, 3, 47956 MiB, 100 %
2026/10/03 16:52:52.405, 3, 47956 MiB, 100 %
2026/10/03 16:52:53.406, 3, 47956 MiB, 100 %
2026/10/03 16:52:54.406, 3, 47956 MiB, 100 %
2026/10/03 16:52:55.406, 3, 47956 MiB, 100 %
2026/10/03 16:52:56.407, 3, 47956 MiB, 100 %
2026/10/03 16:52:57.407, 3, 47956 MiB, 100 %
2026/10/03 16:52:58.407, 3, 47956 MiB, 100 %
2026/10/03 16:52:59.408, 3, 47956 MiB, 100 %
2026/10/03 16:53:00.408, 3, 47956 MiB, 100 %
2026/10/03 16:53:01.408, 3, 47956 MiB, 100 %
2026/10/03 16:53:02.409, 3, 47956 MiB, 100 %
2026/10/03 16:53:03.409, 3, 47956 MiB, 100 %
2026/10/03 16:53:04.409, 3, 47956 MiB, 100 %
2026/10/03 16:53:05.410, 3, 47956 MiB, 100 %
2026/10/03 16:53:06.410, 3, 47956 MiB, 100 %
2026/10/03 16:53:07.410, 3, 47956 MiB, 100 %
2026/10/03 16:53:08.411, 3, 47956 MiB, 100 %
2026/10/03 16:53:09.411, 3, 47956 MiB, 100 %
2026/10/03 16:53:10.411, 3, 47956 MiB, 100 %
2026/10/03 16:53:11.412, 3, 47956 MiB, 100 %
2026/10/03 16:53:12.412, 3, 47956 MiB, 100 %
2026/10/03 16:53:13.412, 3, 47956 MiB, 100 %
2026/10/03 16:53:14.412, 3, 47956 MiB, 100 %
2026/10/03 16:53:15.413, 3, 47956 MiB, 100 %
2026/10/03 16:53:16.413, 3, 47956 MiB, 100 %
2026/10/03 16:53:17.413, 3, 47956 MiB, 100 %
2026/10/03 16:53:18.414, 3, 47956 MiB, 100 %
2026/10/03 16:53:19.414, 3, 47956 MiB, 100 %
2026/10/03 16:53:20.414, 3, 47956 MiB, 100 %
2026/10/03 16:53:21.415, 3, 47956 MiB, 100 %
2026/10/03 16:53:22.415, 3, 47956 MiB, 100 %
2026/10/03 16:53:23.415, 3, 47956 MiB, 100 %
2026/10/03 16:53:24.416, 3, 47956 MiB, 100 %
2026/10/03 16:53:25.416, 3, 47956 MiB, 100 %
2026/10/03 16:53:26.416, 3, 47956 MiB, 100 %
2026/10/03 16:53:27.416, 3, 47956 MiB, 100 %
2026/10/03 16:53:28.417, 3, 47956 MiB, 100 %
2026/10/03 16:53:29.417, 3, 47956 MiB, 100 %
2026/10/03 16:53:30.417, 3, 47956 MiB, 100 %
2026/10/03 16:53:31.418, 3, 47956 MiB, 100 %
2026/10/03 16:53:32.418, 3, 47956 MiB, 100 %
2026/10/03 16:53:33.418, 3, 47956 MiB, 100 %
2026/10/03 16:53:34.419, 3, 47956 MiB, 100 %
2026/10/03 16:53:35.419, 3, 47956 MiB, 100 %
2026/10/03 16:53:36.419, 3, 47956 MiB, 100 %
2026/10/03 16:53:37.420, 3, 47956 MiB, 100 %
2026/10/03 16:53:38.420, 3, 47956 MiB, 100 %
2026/10/03 16:53:39.420, 3, 47956 MiB, 100 %
2026/10/03 16:53:40.421, 3, 47956 MiB, 100 %
2026/10/03 16:53:41.421, 3, 47956 MiB, 100 %
2026/10/03 16:53:42.421, 3, 47956 MiB, 100 %
2026/10/03 16:53:43.422, 3, 47956 MiB, 100 %
2026/10/03 16:53:44.422, 3, 47956 MiB, 100 %
2026/10/03 16:53:45.422, 3, 47956 MiB, 100 %
2026/10/03 16:53:46.423, 3, 47956 MiB, 100 %
2026/10/03 16:53:47.423, 3, 47956 MiB, 100 %
2026/10/03 16:53:48.423, 3, 47956 MiB, 100 %
2026/10/03 16:53:49.424, 3, 47956 MiB, 100 %
2026/10/03 16:53:50.424, 3, 47956 MiB, 100 %
2026/10/03 16:53:51.424, 3, 47956 MiB, 100 %
2026/10/03 16:53:52.424, 3, 47956 MiB, 100 %
2026/10/03 16:53:53.425, 3, 47956 MiB, 100 %
2026/10/03 16:53:54.425, 3, 47956 MiB, 100 %
2026/10/03 16:53:55.425, 3, 47956 MiB, 100 %
2026/10/03 16:53:56.426, 3, 47956 MiB, 100 %
2026/10/03 16:53:57.426, 3, 47956 MiB, 100 %
2026/10/03 16:53:58.426, 3, 47956 MiB, 100 %
2026/10/03 16:53:59.427, 3, 47956 MiB, 100 %
2026/10/03 16:54:00.427, 3, 47956 MiB, 100 %
2026/10/03 16:54:01.427, 3, 47956 MiB, 100 %
2026/10/03 16:54:02.428, 3, 47956 MiB, 100 %
2026/10/03 16:54:03.428, 3, 47956 MiB, 100 %
2026/10/03 16:54:04.428, 3, 47956 MiB, 100 %
2026/10/03 16:54:05.429, 3, 47956 MiB, 100 %
2026/10/03 16:54:06.429, 3, 47956 MiB, 100 %
2026/10/03 16:54:07.429, 3, 47956 MiB, 100 %
2026/10/03 16:54:08.430, 3, 47956 MiB, 100 %
2026/10/03 16:54:09.430, 3, 47956 MiB, 100 %
2026/10/03 16:54:10.430, 3, 47956 MiB, 100 %
2026/10/03 16:54:11.431, 3, 47956 MiB, 100 %
2026/10/03 16:54:12.431, 3, 47956 MiB, 100 %
2026/10/03 16:54:13.431, 3, 47956 MiB, 100 %
2026/10/03 16:54:14.432, 3, 47956 MiB, 100 %
2026/10/03 16:54:15.432, 3, 47956 MiB, 100 %
2026/10/03 16:54:16.432, 3, 47956 MiB, 100 %
2026/10/03 16:54:17.433, 3, 47956 MiB, 100 %
2026/10/03 16:54:18.433, 3, 47956 MiB, 100 %
2026/10/03 16:54:19.433, 3, 47956 MiB, 100 %
2026/10/03 16:54:20.434, 3, 47956 MiB, 100 %
2026/10/03 16:54:21.434, 3, 47956 MiB, 100 %
2026/10/03 16:54:22.434, 3, 47956 MiB, 100 %
2026/10/03 16:54:23.435, 3, 47956 MiB, 100 %
2026/10/03 16:54:24.435, 3, 47956 MiB, 100 %
2026/10/03 16:54:25.435, 3, 47956 MiB, 100 %
2026/10/03 16:54:26.435, 3, 47956 MiB, 100 %
2026/10/03 16:54:27.436, 3, 47956 MiB, 100 %
2026/10/03 16:54:28.436, 3, 47956 MiB, 100 %
2026/10/03 16:54:29.436, 3, 47956 MiB, 100 %
2026/10/03 16:54:30.437, 3, 47956 MiB, 100 %
2026/10/03 16:54:31.437, 3, 47956 MiB, 100 %
2026/10/03 16:54:32.437, 3, 47956 MiB, 100 %
2026/10/03 16:54:33.438, 3, 47956 MiB, 100 %
2026/10/03 16:54:34.438, 3, 47956 MiB, 100 %
2026/10/03 16:54:35.438, 3, 47956 MiB, 100 %
2026/10/03 16:54:36.439, 3, 47956 MiB, 100 %
2026/10/03 16:54:37.439, 3, 47956 MiB, 100 %
2026/10/03 16:54:38.439, 3, 47956 MiB, 100 %
2026/10/03 16:54:39.440, 3, 47956 MiB, 100 %
2026/10/03 16:54:40.440, 3, 47956 MiB, 100 %
2026/10/03 16:54:41.440, 3, 47956 MiB, 100 %
2026/10/03 16:54:42.441, 3, 47956 MiB, 100 %
2026/10/03 16:54:43.441, 3, 47956 MiB, 100 %
2026/10/03 16:54:44.441, 3, 47956 MiB, 100 %
2026/10/03 16:54:45.442, 3, 47956 MiB, 100 %
2026/10/03 16:54:46.442, 3, 47956 MiB, 100 %
2026/10/03 16:54:47.442, 3, 47956 MiB, 100 %
2026/10/03 16:54:48.442, 3, 47956 MiB, 100 %
2026/10/03 16:54:49.443, 3, 47956 MiB, 100 %
2026/10/03 16:54:50.443, 3, 47956 MiB, 100 %
2026/10/03 16:54:51.443, 3, 47956 MiB, 100 %
2026/10/03 16:54:52.444, 3, 47956 MiB, 100 %
2026/10/03 16:54:53.444, 3, 47956 MiB, 100 %
2026/10/03 16:54:54.444, 3, 47956 MiB, 100 %
2026/10/03 16:54:55.445, 3, 47956 MiB, 100 %
2026/10/03 16:54:56.445, 3, 47956 MiB, 100 %
2026/10/03 16:54:57.445, 3, 47956 MiB, 100 %
2026/10/03 16:54:58.446, 3, 47956 MiB, 100 %
2026/10/03 16:54:59.446, 3, 47956 MiB, 100 %
2026/10/03 16:55:00.446, 3, 47956 MiB, 100 %
2026/10/03 16:55:01.447, 3, 47956 MiB, 100 %
2026/10/03 16:55:02.447, 3, 47956 MiB, 100 %
2026/10/03 16:55:03.447, 3, 47956 MiB, 100 %
2026/10/03 16:55:04.448, 3, 47956 MiB, 100 %
2026/10/03 16:55:05.448, 3, 47956 MiB, 100 %
2026/10/03 16:55:06.448, 3, 47956 MiB, 100 %
2026/10/03 16:55:07.449, 3, 47956 MiB, 100 %
2026/10/03 16:55:08.449, 3, 47956 MiB, 100 %
2026/10/03 16:55:09.449, 3, 47956 MiB, 100 %
2026/10/03 16:55:10.450, 3, 47956 MiB, 100 %
2026/10/03 16:55:11.450, 3, 47956 MiB, 100 %
2026/10/03 16:55:12.450, 3, 47956 MiB, 100 %
2026/10/03 16:55:13.451, 3, 47956 MiB, 100 %
2026/10/03 16:55:14.452, 3, 47956 MiB, 100 %
2026/10/03 16:55:15.452, 3, 47956 MiB, 100 %
2026/10/03 16:55:16.452, 3, 47956 MiB, 100 %
2026/10/03 16:55:17.452, 3, 47956 MiB, 100 %
2026/10/03 16:55:18.453, 3, 47956 MiB, 100 %
2026/10/03 16:55:19.453, 3, 47956 MiB, 100 %
2026/10/03 16:55:20.453, 3, 47956 MiB, 100 %
2026/10/03 16:55:21.454, 3, 47956 MiB, 100 %
2026/10/03 16:55:22.454, 3, 47956 MiB, 100 %
2026/10/03 16:55:23.454, 3, 47956 MiB, 100 %
2026/10/03 16:55:24.455, 3, 47956 MiB, 100 %
2026/10/03 16:55:25.456, 3, 47956 MiB, 100 %
2026/10/03 16:55:26.456, 3, 47956 MiB, 100 %
2026/10/03 16:55:27.456, 3, 47956 MiB, 100 %
2026/10/03 16:55:28.456, 3, 47956 MiB, 100 %
2026/10/03 16:55:29.457, 3, 47956 MiB, 100 %
2026/10/03 16:55:30.458, 3, 47956 MiB, 100 %
2026/10/03 16:55:31.458, 3, 47956 MiB, 100 %
2026/10/03 16:55:32.458, 3, 47956 MiB, 100 %
2026/10/03 16:55:33.459, 3, 47956 MiB, 100 %
2026/10/03 16:55:34.459, 3, 47956 MiB, 100 %
2026/10/03 16:55:35.459, 3, 47956 MiB, 100 %
2026/10/03 16:55:36.460, 3, 47956 MiB, 100 %
2026/10/03 16:55:37.460, 3, 47956 MiB, 100 %
2026/10/03 16:55:38.460, 3, 47956 MiB, 100 %
2026/10/03 16:55:39.461, 3, 47956 MiB, 100 %
2026/10/03 16:55:40.461, 3, 47956 MiB, 100 %
2026/10/03 16:55:41.461, 3, 47956 MiB, 100 %
2026/10/03 16:55:42.461, 3, 47956 MiB, 100 %
2026/10/03 16:55:43.462, 3, 47956 MiB, 100 %
2026/10/03 16:55:44.462, 3, 47956 MiB, 100 %
2026/10/03 16:55:45.462, 3, 47956 MiB, 100 %
2026/10/03 16:55:46.463, 3, 47956 MiB, 100 %
2026/10/03 16:55:47.463, 3, 47956 MiB, 100 %
2026/10/03 16:55:48.463, 3, 47956 MiB, 100 %
2026/10/03 16:55:49.465, 3, 47956 MiB, 100 %
2026/10/03 16:55:50.465, 3, 47956 MiB, 100 %
2026/10/03 16:55:51.465, 3, 47956 MiB, 100 %
2026/10/03 16:55:52.466, 3, 47956 MiB, 100 %
2026/10/03 16:55:53.466, 3, 47956 MiB, 100 %
2026/10/03 16:55:54.466, 3, 47956 MiB, 100 %
2026/10/03 16:55:55.467, 3, 47956 MiB, 100 %
2026/10/03 16:55:56.467, 3, 47956 MiB, 100 %
2026/10/03 16:55:57.467, 3, 47956 MiB, 100 %
2026/10/03 16:55:58.467, 3, 47956 MiB, 100 %
2026/10/03 16:55:59.468, 3, 47956 MiB, 100 %
2026/10/03 16:56:00.468, 3, 47956 MiB, 100 %
2026/10/03 16:56:01.468, 3, 47956 MiB, 100 %
2026/10/03 16:56:02.469, 3, 47956 MiB, 100 %
2026/10/03 16:56:03.469, 3, 47956 MiB, 100 %
2026/10/03 16:56:04.469, 3, 47956 MiB, 100 %
2026/10/03 16:56:05.469, 3, 47956 MiB, 100 %
2026/10/03 16:56:06.470, 3, 47956 MiB, 100 %
2026/10/03 16:56:07.470, 3, 47956 MiB, 100 %
2026/10/03 16:56:08.470, 3, 47956 MiB, 100 %
2026/10/03 16:56:09.471, 3, 47956 MiB, 100 %
2026/10/03 16:56:10.471, 3, 47956 MiB, 100 %
2026/10/03 16:56:11.471, 3, 47956 MiB, 100 %
2026/10/03 16:56:12.472, 3, 47956 MiB, 100 %
2026/10/03 16:56:13.472, 3, 47956 MiB, 100 %
2026/10/03 16:56:14.472, 3, 47956 MiB, 100 %
2026/10/03 16:56:15.473, 3, 47956 MiB, 100 %
2026/10/03 16:56:16.473, 3, 47956 MiB, 100 %
2026/10/03 16:56:17.473, 3, 47956 MiB, 100 %
2026/10/03 16:56:18.473, 3, 47956 MiB, 100 %
2026/10/03 16:56:19.474, 3, 47956 MiB, 100 %
2026/10/03 16:56:20.474, 3, 47956 MiB, 100 %
2026/10/03 16:56:21.474, 3, 47956 MiB, 100 %
2026/10/03 16:56:22.475, 3, 47956 MiB, 100 %
2026/10/03 16:56:23.475, 3, 47956 MiB, 100 %
2026/10/03 16:56:24.475, 3, 47956 MiB, 100 %
2026/10/03 16:56:25.475, 3, 47956 MiB, 100 %
2026/10/03 16:56:26.476, 3, 47956 MiB, 100 %
2026/10/03 16:56:27.476, 3, 47956 MiB, 100 %
2026/10/03 16:56:28.476, 3, 47956 MiB, 100 %
2026/10/03 16:56:29.477, 3, 47956 MiB, 100 %
2026/10/03 16:56:30.477, 3, 47956 MiB, 100 %
2026/10/03 16:56:31.477, 3, 47956 MiB, 100 %
2026/10/03 16:56:32.478, 3, 47956 MiB, 100 %
2026/10/03 16:56:33.478, 3, 47956 MiB, 100 %
2026/10/03 16:56:34.478, 3, 47956 MiB, 100 %
2026/10/03 16:56:35.479, 3, 47956 MiB, 100 %
2026/10/03 16:56:36.479, 3, 47956 MiB, 100 %
2026/10/03 16:56:37.479, 3, 47956 MiB, 100 %
2026/10/03 16:56:38.480, 3, 47956 MiB, 100 %
2026/10/03 16:56:39.480, 3, 47956 MiB, 100 %
2026/10/03 16:56:40.480, 3, 47956 MiB, 100 %
2026/10/03 16:56:41.480, 3, 47956 MiB, 100 %
2026/10/03 16:56:42.481, 3, 47956 MiB, 100 %
2026/10/03 16:56:43.481, 3, 47956 MiB, 100 %
2026/10/03 16:56:44.481, 3, 47956 MiB, 100 %
2026/10/03 16:56:45.482, 3, 47956 MiB, 100 %
2026/10/03 16:56:46.482, 3, 47956 MiB, 100 %
2026/10/03 16:56:47.482, 3, 47956 MiB, 100 %
2026/10/03 16:56:48.483, 3, 47956 MiB, 100 %
2026/10/03 16:56:49.483, 3, 47956 MiB, 100 %
2026/10/03 16:56:50.483, 3, 47956 MiB, 100 %
2026/10/03 16:56:51.484, 3, 47956 MiB, 100 %
2026/10/03 16:56:52.484, 3, 47956 MiB, 100 %
2026/10/03 16:56:53.484, 3, 47956 MiB, 100 %
2026/10/03 16:56:54.484, 3, 47956 MiB, 100 %
2026/10/03 16:56:55.485, 3, 47956 MiB, 100 %
2026/10/03 16:56:56.485, 3, 47956 MiB, 100 %
2026/10/03 16:56:57.485, 3, 47956 MiB, 100 %
2026/10/03 16:56:58.486, 3, 47956 MiB, 100 %
2026/10/03 16:56:59.486, 3, 47956 MiB, 100 %
2026/10/03 16:57:00.486, 3, 47956 MiB, 100 %
2026/10/03 16:57:01.486, 3, 47956 MiB, 100 %
2026/10/03 16:57:02.487, 3, 47956 MiB, 100 %
2026/10/03 16:57:03.487, 3, 47956 MiB, 100 %
2026/10/03 16:57:04.487, 3, 47956 MiB, 100 %
2026/10/03 16:57:05.488, 3, 47956 MiB, 100 %
2026/10/03 16:57:06.488, 3, 47956 MiB, 100 %
2026/10/03 16:57:07.488, 3, 47956 MiB, 100 %
2026/10/03 16:57:08.488, 3, 47956 MiB, 100 %
2026/10/03 16:57:09.489, 3, 47956 MiB, 100 %
2026/10/03 16:57:10.489, 3, 47956 MiB, 100 %
2026/10/03 16:57:11.489, 3, 47956 MiB, 100 %
2026/10/03 16:57:12.490, 3, 47956 MiB, 100 %
2026/10/03 16:57:13.490, 3, 47956 MiB, 100 %
2026/10/03 16:57:14.490, 3, 47956 MiB, 100 %
2026/10/03 16:57:15.490, 3, 47956 MiB, 100 %
2026/10/03 16:57:16.491, 3, 47956 MiB, 100 %
2026/10/03 16:57:17.491, 3, 47956 MiB, 100 %
2026/10/03 16:57:18.491, 3, 47956 MiB, 100 %
2026/10/03 16:57:19.492, 3, 47956 MiB, 100 %
2026/10/03 16:57:20.492, 3, 47956 MiB, 100 %
2026/10/03 16:57:21.492, 3, 47956 MiB, 100 %
2026/10/03 16:57:22.493, 3, 47956 MiB, 100 %
2026/10/03 16:57:23.493, 3, 47956 MiB, 100 %
2026/10/03 16:57:24.493, 3, 47956 MiB, 100 %
2026/10/03 16:57:25.493, 3, 47956 MiB, 100 %
2026/10/03 16:57:26.494, 3, 47956 MiB, 100 %
2026/10/03 16:57:27.494, 3, 47956 MiB, 100 %
2026/10/03 16:57:28.494, 3, 47956 MiB, 100 %
2026/10/03 16:57:29.495, 3, 47956 MiB, 100 %
2026/10/03 16:57:30.495, 3, 47956 MiB, 100 %
2026/10/03 16:57:31.495, 3, 47956 MiB, 100 %
2026/10/03 16:57:32.497, 3, 47956 MiB, 100 %
2026/10/03 16:57:33.497, 3, 47956 MiB, 100 %
2026/10/03 16:57:34.498, 3, 47956 MiB, 100 %
2026/10/03 16:57:35.498, 3, 47956 MiB, 100 %
2026/10/03 16:57:36.498, 3, 47956 MiB, 100 %
2026/10/03 16:57:37.499, 3, 47956 MiB, 100 %
2026/10/03 16:57:38.499, 3, 47956 MiB, 100 %
2026/10/03 16:57:39.499, 3, 47956 MiB, 100 %
2026/10/03 16:57:40.500, 3, 47956 MiB, 100 %
2026/10/03 16:57:41.500, 3, 47956 MiB, 100 %
2026/10/03 16:57:42.500, 3, 47956 MiB, 100 %
2026/10/03 16:57:43.501, 3, 47956 MiB, 100 %
2026/10/03 16:57:44.501, 3, 47956 MiB, 100 %
2026/10/03 16:57:45.501, 3, 47956 MiB, 100 %
2026/10/03 16:57:46.502, 3, 47956 MiB, 100 %
2026/10/03 16:57:47.502, 3, 47956 MiB, 100 %
2026/10/03 16:57:48.502, 3, 47956 MiB, 100 %
2026/10/03 16:57:49.502, 3, 47956 MiB, 100 %
2026/10/03 16:57:50.503, 3, 47956 MiB, 100 %
2026/10/03 16:57:51.503, 3, 47956 MiB, 100 %
2026/10/03 16:57:52.503, 3, 47956 MiB, 100 %
2026/10/03 16:57:53.504, 3, 47956 MiB, 100 %
2026/10/03 16:57:54.504, 3, 47956 MiB, 100 %
2026/10/03 16:57:55.504, 3, 47956 MiB, 100 %
2026/10/03 16:57:56.505, 3, 47956 MiB, 100 %
2026/10/03 16:57:57.505, 3, 47956 MiB, 100 %
2026/10/03 16:57:58.505, 3, 47956 MiB, 100 %
2026/10/03 16:57:59.506, 3, 47956 MiB, 100 %
2026/10/03 16:58:00.506, 3, 47956 MiB, 100 %
2026/10/03 16:58:01.506, 3, 47956 MiB, 100 %
2026/10/03 16:58:02.507, 3, 47956 MiB, 100 %
2026/10/03 16:58:03.507, 3, 47956 MiB, 100 %
2026/10/03 16:58:04.507, 3, 47956 MiB, 93 %
2026/10/03 16:58:05.508, 3, 47956 MiB, 100 %
2026/10/03 16:58:06.508, 3, 47956 MiB, 100 %
2026/10/03 16:58:07.508, 3, 47956 MiB, 100 %
2026/10/03 16:58:08.509, 3, 47956 MiB, 100 %
2026/10/03 16:58:09.509, 3, 47956 MiB, 100 %
2026/10/03 16:58:10.509, 3, 47956 MiB, 100 %
2026/10/03 16:58:11.510, 3, 47956 MiB, 99 %
2026/10/03 16:58:12.510, 3, 47956 MiB, 100 %
2026/10/03 16:58:13.510, 3, 47956 MiB, 100 %
2026/10/03 16:58:14.511, 3, 47956 MiB, 100 %
2026/10/03 16:58:15.511, 3, 47956 MiB, 100 %
2026/10/03 16:58:16.511, 3, 47956 MiB, 100 %
2026/10/03 16:58:17.511, 3, 47956 MiB, 100 %
2026/10/03 16:58:18.512, 3, 47956 MiB, 100 %
2026/10/03 16:58:19.512, 3, 47956 MiB, 100 %
2026/10/03 16:58:20.512, 3, 47956 MiB, 100 %
2026/10/03 16:58:21.513, 3, 47956 MiB, 100 %
2026/10/03 16:58:22.513, 3, 47956 MiB, 100 %
2026/10/03 16:58:23.513, 3, 47956 MiB, 100 %
2026/10/03 16:58:24.513, 3, 47956 MiB, 100 %
2026/10/03 16:58:25.514, 3, 47956 MiB, 100 %
2026/10/03 16:58:26.514, 3, 47956 MiB, 100 %
2026/10/03 16:58:27.514, 3, 47956 MiB, 100 %
2026/10/03 16:58:28.515, 3, 47956 MiB, 100 %
2026/10/03 16:58:29.515, 3, 47956 MiB, 100 %
2026/10/03 16:58:30.515, 3, 47956 MiB, 100 %
2026/10/03 16:58:31.516, 3, 47956 MiB, 100 %
2026/10/03 16:58:32.516, 3, 47956 MiB, 100 %
2026/10/03 16:58:33.516, 3, 47956 MiB, 100 %
2026/10/03 16:58:34.516, 3, 47956 MiB, 100 %
2026/10/03 16:58:35.517, 3, 47956 MiB, 100 %
2026/10/03 16:58:36.517, 3, 47956 MiB, 100 %
2026/10/03 16:58:37.517, 3, 47956 MiB, 100 %
2026/10/03 16:58:38.518, 3, 47956 MiB, 100 %
2026/10/03 16:58:39.518, 3, 47956 MiB, 99 %
2026/10/03 16:58:40.518, 3, 47956 MiB, 100 %
2026/10/03 16:58:41.519, 3, 47956 MiB, 100 %
2026/10/03 16:58:42.519, 3, 47956 MiB, 100 %
2026/10/03 16:58:43.519, 3, 47956 MiB, 100 %
2026/10/03 16:58:44.520, 3, 47956 MiB, 100 %
2026/10/03 16:58:45.520, 3, 47956 MiB, 100 %
2026/10/03 16:58:46.521, 3, 47956 MiB, 100 %
2026/10/03 16:58:47.521, 3, 47956 MiB, 100 %
2026/10/03 16:58:48.521, 3, 47956 MiB, 100 %
2026/10/03 16:58:49.522, 3, 47956 MiB, 100 %
2026/10/03 16:58:50.522, 3, 47956 MiB, 100 %
2026/10/03 16:58:51.522, 3, 47956 MiB, 100 %
2026/10/03 16:58:52.523, 3, 47956 MiB, 100 %
2026/10/03 16:58:53.523, 3, 47956 MiB, 100 %
2026/10/03 16:58:54.523, 3, 47956 MiB, 100 %
2026/10/03 16:58:55.523, 3, 47956 MiB, 100 %
2026/10/03 16:58:56.524, 3, 47956 MiB, 100 %
2026/10/03 16:58:57.524, 3, 47956 MiB, 100 %
2026/10/03 16:58:58.524, 3, 47956 MiB, 100 %
2026/10/03 16:58:59.525, 3, 47956 MiB, 100 %
2026/10/03 16:59:00.525, 3, 47956 MiB, 100 %
2026/10/03 16:59:01.525, 3, 47956 MiB, 100 %
2026/10/03 16:59:02.526, 3, 47956 MiB, 100 %
2026/10/03 16:59:03.526, 3, 47956 MiB, 100 %
2026/10/03 16:59:04.527, 3, 47956 MiB, 100 %
2026/10/03 16:59:05.527, 3, 47956 MiB, 100 %
2026/10/03 16:59:06.527, 3, 47956 MiB, 100 %
2026/10/03 16:59:07.527, 3, 47956 MiB, 100 %
2026/10/03 16:59:08.528, 3, 47956 MiB, 100 %
2026/10/03 16:59:09.528, 3, 47956 MiB, 100 %
2026/10/03 16:59:10.528, 3, 47956 MiB, 100 %
2026/10/03 16:59:11.529, 3, 47956 MiB, 100 %
2026/10/03 16:59:12.529, 3, 47956 MiB, 100 %
2026/10/03 16:59:13.529, 3, 47956 MiB, 100 %
2026/10/03 16:59:14.530, 3, 47956 MiB, 100 %
2026/10/03 16:59:15.530, 3, 47956 MiB, 99 %
2026/10/03 16:59:16.530, 3, 47956 MiB, 100 %
2026/10/03 16:59:17.531, 3, 47956 MiB, 100 %
2026/10/03 16:59:18.531, 3, 47956 MiB, 100 %
2026/10/03 16:59:19.531, 3, 47956 MiB, 100 %
2026/10/03 16:59:20.533, 3, 47956 MiB, 100 %
2026/10/03 16:59:21.533, 3, 47956 MiB, 100 %
2026/10/03 16:59:22.534, 3, 47956 MiB, 100 %
2026/10/03 16:59:23.534, 3, 47956 MiB, 100 %
2026/10/03 16:59:24.534, 3, 47956 MiB, 100 %
2026/10/03 16:59:25.535, 3, 47956 MiB, 100 %
2026/10/03 16:59:26.535, 3, 47956 MiB, 100 %
2026/10/03 16:59:27.535, 3, 47956 MiB, 100 %
2026/10/03 16:59:28.536, 3, 47956 MiB, 100 %
2026/10/03 16:59:29.536, 3, 47956 MiB, 100 %
2026/10/03 16:59:30.536, 3, 47956 MiB, 100 %
2026/10/03 16:59:31.537, 3, 47956 MiB, 100 %
2026/10/03 16:59:32.537, 3, 47956 MiB, 100 %
2026/10/03 16:59:33.537, 3, 47956 MiB, 100 %
2026/10/03 16:59:34.537, 3, 47956 MiB, 100 %
2026/10/03 16:59:35.538, 3, 47956 MiB, 100 %
2026/10/03 16:59:36.538, 3, 47956 MiB, 100 %
2026/10/03 16:59:37.538, 3, 47956 MiB, 100 %
2026/10/03 16:59:38.539, 3, 47956 MiB, 100 %
2026/10/03 16:59:39.539, 3, 47956 MiB, 100 %
2026/10/03 16:59:40.539, 3, 47956 MiB, 100 %
2026/10/03 16:59:41.540, 3, 47956 MiB, 100 %
2026/10/03 16:59:42.540, 3, 47956 MiB, 100 %
2026/10/03 16:59:43.540, 3, 47956 MiB, 100 %
2026/10/03 16:59:44.541, 3, 47956 MiB, 100 %
2026/10/03 16:59:45.541, 3, 47956 MiB, 100 %
2026/10/03 16:59:46.541, 3, 47956 MiB, 100 %
2026/10/03 16:59:47.542, 3, 47956 MiB, 100 %
2026/10/03 16:59:48.542, 3, 47956 MiB, 100 %
2026/10/03 16:59:49.542, 3, 47956 MiB, 100 %
2026/10/03 16:59:50.543, 3, 47956 MiB, 100 %
2026/10/03 16:59:51.543, 3, 47956 MiB, 100 %
2026/10/03 16:59:52.543, 3, 47956 MiB, 100 %
2026/10/03 16:59:53.543, 3, 47956 MiB, 100 %
2026/10/03 16:59:54.544, 3, 47956 MiB, 100 %
2026/10/03 16:59:55.544, 3, 47956 MiB, 99 %
2026/10/03 16:59:56.544, 3, 47956 MiB, 100 %
2026/10/03 16:59:57.545, 3, 47956 MiB, 100 %
2026/10/03 16:59:58.545, 3, 47956 MiB, 100 %
2026/10/03 16:59:59.545, 3, 47956 MiB, 100 %
2026/10/03 17:00:00.546, 3, 47956 MiB, 100 %
2026/10/03 17:00:01.546, 3, 47956 MiB, 100 %
2026/10/03 17:00:02.546, 3, 47956 MiB, 100 %
2026/10/03 17:00:03.546, 3, 47956 MiB, 100 %
2026/10/03 17:00:04.547, 3, 47956 MiB, 100 %
2026/10/03 17:00:05.547, 3, 47956 MiB, 100 %
2026/10/03 17:00:06.547, 3, 47956 MiB, 100 %
2026/10/03 17:00:07.548, 3, 47956 MiB, 100 %
2026/10/03 17:00:08.548, 3, 47956 MiB, 100 %
2026/10/03 17:00:09.549, 3, 47956 MiB, 100 %
2026/10/03 17:00:10.549, 3, 47956 MiB, 100 %
2026/10/03 17:00:11.549, 3, 47956 MiB, 100 %
2026/10/03 17:00:12.549, 3, 47956 MiB, 100 %
2026/10/03 17:00:13.550, 3, 47956 MiB, 100 %
2026/10/03 17:00:14.550, 3, 47956 MiB, 100 %
2026/10/03 17:00:15.550, 3, 47956 MiB, 100 %
2026/10/03 17:00:16.550, 3, 47956 MiB, 100 %
2026/10/03 17:00:17.551, 3, 47956 MiB, 100 %
2026/10/03 17:00:18.551, 3, 47956 MiB, 100 %
2026/10/03 17:00:19.551, 3, 47956 MiB, 100 %
2026/10/03 17:00:20.551, 3, 47956 MiB, 100 %
2026/10/03 17:00:21.552, 3, 47956 MiB, 100 %
2026/10/03 17:00:22.552, 3, 47956 MiB, 100 %
2026/10/03 17:00:23.552, 3, 47956 MiB, 100 %
2026/10/03 17:00:24.552, 3, 47956 MiB, 100 %
2026/10/03 17:00:25.552, 3, 47956 MiB, 100 %
2026/10/03 17:00:26.553, 3, 47956 MiB, 100 %
2026/10/03 17:00:27.553, 3, 47956 MiB, 100 %
2026/10/03 17:00:28.553, 3, 47956 MiB, 100 %
2026/10/03 17:00:29.553, 3, 47956 MiB, 100 %
2026/10/03 17:00:30.554, 3, 47956 MiB, 100 %
2026/10/03 17:00:31.554, 3, 47956 MiB, 100 %
2026/10/03 17:00:32.555, 3, 47956 MiB, 100 %
2026/10/03 17:00:33.555, 3, 47956 MiB, 100 %
2026/10/03 17:00:34.555, 3, 47956 MiB, 100 %
2026/10/03 17:00:35.555, 3, 47956 MiB, 100 %
2026/10/03 17:00:36.556, 3, 47956 MiB, 100 %
2026/10/03 17:00:37.556, 3, 47956 MiB, 100 %
2026/10/03 17:00:38.556, 3, 47956 MiB, 100 %
2026/10/03 17:00:39.556, 3, 47956 MiB, 100 %
2026/10/03 17:00:40.557, 3, 47956 MiB, 100 %
2026/10/03 17:00:41.557, 3, 47956 MiB, 100 %
2026/10/03 17:00:42.557, 3, 47956 MiB, 100 %
2026/10/03 17:00:43.557, 3, 47956 MiB, 100 %
2026/10/03 17:00:44.558, 3, 47956 MiB, 100 %
2026/10/03 17:00:45.558, 3, 47956 MiB, 100 %
2026/10/03 17:00:46.558, 3, 47956 MiB, 100 %
2026/10/03 17:00:47.558, 3, 47956 MiB, 100 %
2026/10/03 17:00:48.559, 3, 47956 MiB, 100 %
2026/10/03 17:00:49.559, 3, 47956 MiB, 100 %
2026/10/03 17:00:50.559, 3, 47956 MiB, 100 %
2026/10/03 17:00:51.560, 3, 47956 MiB, 100 %
2026/10/03 17:00:52.560, 3, 47956 MiB, 100 %
2026/10/03 17:00:53.560, 3, 47956 MiB, 100 %
2026/10/03 17:00:54.561, 3, 47956 MiB, 100 %
2026/10/03 17:00:55.561, 3, 47956 MiB, 100 %
2026/10/03 17:00:56.561, 3, 47956 MiB, 100 %
2026/10/03 17:00:57.563, 3, 47956 MiB, 100 %
2026/10/03 17:00:58.563, 3, 47956 MiB, 100 %
2026/10/03 17:00:59.563, 3, 47956 MiB, 100 %
2026/10/03 17:01:00.564, 3, 47956 MiB, 100 %
2026/10/03 17:01:01.564, 3, 47956 MiB, 100 %
2026/10/03 17:01:02.566, 3, 47956 MiB, 100 %
2026/10/03 17:01:03.566, 3, 47956 MiB, 100 %
2026/10/03 17:01:04.566, 3, 47956 MiB, 100 %
2026/10/03 17:01:05.567, 3, 47956 MiB, 100 %
2026/10/03 17:01:06.567, 3, 47956 MiB, 100 %
2026/10/03 17:01:07.567, 3, 47956 MiB, 100 %
2026/10/03 17:01:08.567, 3, 47956 MiB, 100 %
2026/10/03 17:01:09.568, 3, 47956 MiB, 100 %
2026/10/03 17:01:10.568, 3, 47956 MiB, 100 %
2026/10/03 17:01:11.568, 3, 47956 MiB, 100 %
2026/10/03 17:01:12.569, 3, 47956 MiB, 100 %
2026/10/03 17:01:13.569, 3, 47956 MiB, 100 %
2026/10/03 17:01:14.569, 3, 47956 MiB, 100 %
2026/10/03 17:01:15.570, 3, 47956 MiB, 100 %
2026/10/03 17:01:16.570, 3, 47956 MiB, 100 %
2026/10/03 17:01:17.570, 3, 47956 MiB, 100 %
2026/10/03 17:01:18.571, 3, 47956 MiB, 100 %
2026/10/03 17:01:19.571, 3, 47956 MiB, 100 %
2026/10/03 17:01:20.571, 3, 47956 MiB, 100 %
2026/10/03 17:01:21.571, 3, 47956 MiB, 100 %
2026/10/03 17:01:22.572, 3, 47956 MiB, 100 %
2026/10/03 17:01:23.572, 3, 47956 MiB, 100 %
2026/10/03 17:01:24.572, 3, 47956 MiB, 100 %
2026/10/03 17:01:25.572, 3, 47956 MiB, 100 %
2026/10/03 17:01:26.573, 3, 47956 MiB, 100 %
2026/10/03 17:01:27.573, 3, 47956 MiB, 100 %
2026/10/03 17:01:28.573, 3, 47956 MiB, 100 %
2026/10/03 17:01:29.573, 3, 47956 MiB, 100 %
2026/10/03 17:01:30.573, 3, 47956 MiB, 100 %
2026/10/03 17:01:31.574, 3, 47956 MiB, 100 %
2026/10/03 17:01:32.574, 3, 47956 MiB, 100 %
2026/10/03 17:01:33.574, 3, 47956 MiB, 100 %
2026/10/03 17:01:34.574, 3, 47956 MiB, 100 %
2026/10/03 17:01:35.574, 3, 47956 MiB, 100 %
2026/10/03 17:01:36.575, 3, 47956 MiB, 100 %
2026/10/03 17:01:37.575, 3, 47956 MiB, 100 %
2026/10/03 17:01:38.575, 3, 47956 MiB, 100 %
2026/10/03 17:01:39.575, 3, 47956 MiB, 100 %
2026/10/03 17:01:40.576, 3, 47956 MiB, 100 %
2026/10/03 17:01:41.576, 3, 47956 MiB, 100 %
2026/10/03 17:01:42.576, 3, 47956 MiB, 100 %
2026/10/03 17:01:43.576, 3, 47956 MiB, 100 %
2026/10/03 17:01:44.576, 3, 47956 MiB, 100 %
2026/10/03 17:01:45.577, 3, 47956 MiB, 100 %
2026/10/03 17:01:46.577, 3, 47956 MiB, 100 %
2026/10/03 17:01:47.577, 3, 47956 MiB, 100 %
2026/10/03 17:01:48.577, 3, 47956 MiB, 100 %
2026/10/03 17:01:49.578, 3, 47956 MiB, 100 %
2026/10/03 17:01:50.578, 3, 47956 MiB, 100 %
2026/10/03 17:01:51.578, 3, 47956 MiB, 100 %
2026/10/03 17:01:52.578, 3, 47956 MiB, 100 %
2026/10/03 17:01:53.578, 3, 47956 MiB, 100 %
2026/10/03 17:01:54.580, 3, 47956 MiB, 100 %
2026/10/03 17:01:55.582, 3, 47956 MiB, 100 %
2026/10/03 17:01:56.583, 3, 47956 MiB, 100 %
2026/10/03 17:01:57.583, 3, 47956 MiB, 100 %
2026/10/03 17:01:58.583, 3, 47956 MiB, 100 %
2026/10/03 17:01:59.584, 3, 47956 MiB, 100 %
2026/10/03 17:02:00.584, 3, 47956 MiB, 100 %
2026/10/03 17:02:01.584, 3, 47956 MiB, 100 %
2026/10/03 17:02:02.584, 3, 47956 MiB, 100 %
2026/10/03 17:02:03.584, 3, 47956 MiB, 100 %
2026/10/03 17:02:04.585, 3, 47956 MiB, 100 %
2026/10/03 17:02:05.585, 3, 47956 MiB, 100 %
2026/10/03 17:02:06.585, 3, 47956 MiB, 100 %
2026/10/03 17:02:07.585, 3, 47956 MiB, 100 %
2026/10/03 17:02:08.586, 3, 47956 MiB, 100 %
2026/10/03 17:02:09.586, 3, 47956 MiB, 100 %
2026/10/03 17:02:10.586, 3, 47956 MiB, 100 %
2026/10/03 17:02:11.586, 3, 47956 MiB, 100 %
2026/10/03 17:02:12.587, 3, 47956 MiB, 100 %
2026/10/03 17:02:13.587, 3, 47956 MiB, 100 %
2026/10/03 17:02:14.587, 3, 47956 MiB, 100 %
2026/10/03 17:02:15.587, 3, 47956 MiB, 100 %
2026/10/03 17:02:16.587, 3, 47956 MiB, 100 %
2026/10/03 17:02:17.588, 3, 47956 MiB, 100 %
2026/10/03 17:02:18.588, 3, 47956 MiB, 100 %
2026/10/03 17:02:19.588, 3, 47956 MiB, 100 %
2026/10/03 17:02:20.588, 3, 47956 MiB, 100 %
2026/10/03 17:02:21.589, 3, 47956 MiB, 100 %
2026/10/03 17:02:22.589, 3, 47956 MiB, 100 %
2026/10/03 17:02:23.589, 3, 47956 MiB, 100 %
2026/10/03 17:02:24.589, 3, 47956 MiB, 100 %
2026/10/03 17:02:25.589, 3, 47956 MiB, 100 %
2026/10/03 17:02:26.590, 3, 47956 MiB, 100 %
2026/10/03 17:02:27.590, 3, 47956 MiB, 100 %
2026/10/03 17:02:28.590, 3, 47956 MiB, 100 %
2026/10/03 17:02:29.590, 3, 47956 MiB, 100 %
2026/10/03 17:02:30.591, 3, 47956 MiB, 100 %
2026/10/03 17:02:31.591, 3, 47956 MiB, 100 %
2026/10/03 17:02:32.591, 3, 47956 MiB, 100 %
2026/10/03 17:02:33.591, 3, 47956 MiB, 100 %
2026/10/03 17:02:34.591, 3, 47956 MiB, 100 %
2026/10/03 17:02:35.895, 3, 47956 MiB, 100 %
2026/10/03 17:02:36.895, 3, 47956 MiB, 100 %
2026/10/03 17:02:37.895, 3, 47956 MiB, 100 %
2026/10/03 17:02:38.895, 3, 47956 MiB, 100 %
2026/10/03 17:02:39.896, 3, 47956 MiB, 100 %
2026/10/03 17:02:40.896, 3, 47956 MiB, 100 %
2026/10/03 17:02:41.896, 3, 47956 MiB, 100 %
2026/10/03 17:02:42.896, 3, 47956 MiB, 100 %
2026/10/03 17:02:43.896, 3, 47956 MiB, 100 %
2026/10/03 17:02:44.897, 3, 47956 MiB, 100 %
2026/10/03 17:02:45.897, 3, 47956 MiB, 100 %
2026/10/03 17:02:46.897, 3, 47956 MiB, 100 %
2026/10/03 17:02:47.897, 3, 47956 MiB, 100 %
2026/10/03 17:02:48.897, 3, 47956 MiB, 100 %
2026/10/03 17:02:49.898, 3, 47956 MiB, 100 %
2026/10/03 17:02:50.898, 3, 47956 MiB, 100 %
2026/10/03 17:02:51.898, 3, 47956 MiB, 100 %
2026/10/03 17:02:52.898, 3, 47956 MiB, 100 %
2026/10/03 17:02:53.899, 3, 47956 MiB, 100 %
2026/10/03 17:02:54.899, 3, 47956 MiB, 100 %
2026/10/03 17:02:55.899, 3, 47956 MiB, 100 %
2026/10/03 17:02:56.899, 3, 47956 MiB, 100 %
2026/10/03 17:02:57.899, 3, 47956 MiB, 100 %
2026/10/03 17:02:58.900, 3, 47956 MiB, 100 %
2026/10/03 17:02:59.900, 3, 47956 MiB, 100 %
2026/10/03 17:03:00.900, 3, 47956 MiB, 100 %
2026/10/03 17:03:01.900, 3, 47956 MiB, 100 %
2026/10/03 17:03:02.900, 3, 47956 MiB, 100 %
2026/10/03 17:03:03.901, 3, 47956 MiB, 100 %
2026/10/03 17:03:04.901, 3, 47956 MiB, 100 %
2026/10/03 17:03:05.901, 3, 47956 MiB, 100 %
2026/10/03 17:03:06.901, 3, 47956 MiB, 100 %
2026/10/03 17:03:07.901, 3, 47956 MiB, 100 %
2026/10/03 17:03:08.902, 3, 47956 MiB, 100 %
2026/10/03 17:03:09.902, 3, 47956 MiB, 100 %
2026/10/03 17:03:10.902, 3, 47956 MiB, 100 %
2026/10/03 17:03:11.902, 3, 47956 MiB, 100 %
2026/10/03 17:03:12.903, 3, 47956 MiB, 100 %
2026/10/03 17:03:13.903, 3, 47956 MiB, 100 %
2026/10/03 17:03:14.903, 3, 47956 MiB, 100 %
2026/10/03 17:03:15.903, 3, 47956 MiB, 100 %
2026/10/03 17:03:16.903, 3, 47956 MiB, 100 %
2026/10/03 17:03:17.904, 3, 47956 MiB, 100 %
2026/10/03 17:03:18.904, 3, 47956 MiB, 100 %
2026/10/03 17:03:19.904, 3, 47956 MiB, 100 %
2026/10/03 17:03:20.904, 3, 47956 MiB, 100 %
2026/10/03 17:03:21.904, 3, 47956 MiB, 100 %
2026/10/03 17:03:22.905, 3, 47956 MiB, 100 %
2026/10/03 17:03:23.905, 3, 47956 MiB, 100 %
2026/10/03 17:03:24.905, 3, 47956 MiB, 100 %
2026/10/03 17:03:25.905, 3, 47956 MiB, 100 %
2026/10/03 17:03:26.905, 3, 47956 MiB, 100 %
2026/10/03 17:03:27.906, 3, 47956 MiB, 100 %
2026/10/03 17:03:28.906, 3, 47956 MiB, 100 %
2026/10/03 17:03:29.906, 3, 47956 MiB, 100 %
2026/10/03 17:03:30.906, 3, 47956 MiB, 100 %
2026/10/03 17:03:31.906, 3, 47956 MiB, 100 %
2026/10/03 17:03:32.907, 3, 47956 MiB, 100 %
2026/10/03 17:03:33.907, 3, 47956 MiB, 100 %
2026/10/03 17:03:34.907, 3, 47956 MiB, 100 %
2026/10/03 17:03:35.907, 3, 47956 MiB, 100 %
2026/10/03 17:03:36.908, 3, 47956 MiB, 100 %
2026/10/03 17:03:37.908, 3, 47956 MiB, 100 %
2026/10/03 17:03:38.908, 3, 47956 MiB, 100 %
2026/10/03 17:03:39.908, 3, 47956 MiB, 100 %
2026/10/03 17:03:40.908, 3, 47956 MiB, 100 %
2026/10/03 17:03:41.909, 3, 47956 MiB, 100 %
2026/10/03 17:03:42.909, 3, 47956 MiB, 100 %
2026/10/03 17:03:43.909, 3, 47956 MiB, 100 %
2026/10/03 17:03:44.909, 3, 47956 MiB, 100 %
2026/10/03 17:03:45.910, 3, 47956 MiB, 100 %
2026/10/03 17:03:46.910, 3, 47956 MiB, 100 %
2026/10/03 17:03:47.910, 3, 47956 MiB, 100 %
2026/10/03 17:03:48.910, 3, 47956 MiB, 100 %
2026/10/03 17:03:49.910, 3, 47956 MiB, 100 %
2026/10/03 17:03:50.911, 3, 47956 MiB, 100 %
2026/10/03 17:03:51.911, 3, 47956 MiB, 100 %
2026/10/03 17:03:52.911, 3, 47956 MiB, 100 %
2026/10/03 17:03:53.911, 3, 47956 MiB, 100 %
2026/10/03 17:03:54.911, 3, 47956 MiB, 100 %
2026/10/03 17:03:55.912, 3, 47956 MiB, 100 %
2026/10/03 17:03:56.912, 3, 47956 MiB, 100 %
2026/10/03 17:03:57.912, 3, 47956 MiB, 100 %
2026/10/03 17:03:58.912, 3, 47956 MiB, 100 %
2026/10/03 17:03:59.913, 3, 47956 MiB, 100 %
2026/10/03 17:04:00.913, 3, 47956 MiB, 100 %
2026/10/03 17:04:01.913, 3, 47956 MiB, 100 %
2026/10/03 17:04:02.913, 3, 47956 MiB, 100 %
2026/10/03 17:04:03.913, 3, 47956 MiB, 100 %
2026/10/03 17:04:04.914, 3, 47956 MiB, 100 %
2026/10/03 17:04:05.914, 3, 47956 MiB, 100 %
2026/10/03 17:04:06.914, 3, 47956 MiB, 100 %
2026/10/03 17:04:07.914, 3, 47956 MiB, 100 %
2026/10/03 17:04:08.914, 3, 47956 MiB, 100 %
2026/10/03 17:04:09.915, 3, 47956 MiB, 100 %
2026/10/03 17:04:10.915, 3, 47956 MiB, 100 %
2026/10/03 17:04:11.915, 3, 47956 MiB, 100 %
2026/10/03 17:04:12.915, 3, 47956 MiB, 100 %
2026/10/03 17:04:13.916, 3, 47956 MiB, 100 %
2026/10/03 17:04:14.916, 3, 47956 MiB, 100 %
2026/10/03 17:04:15.916, 3, 47956 MiB, 100 %
2026/10/03 17:04:16.916, 3, 47956 MiB, 100 %
2026/10/03 17:04:17.916, 3, 47956 MiB, 100 %
2026/10/03 17:04:18.917, 3, 47956 MiB, 100 %
2026/10/03 17:04:19.917, 3, 47956 MiB, 100 %
2026/10/03 17:04:20.917, 3, 47956 MiB, 100 %
2026/10/03 17:04:21.918, 3, 47956 MiB, 100 %
2026/10/03 17:04:22.918, 3, 47956 MiB, 100 %
2026/10/03 17:04:23.918, 3, 47956 MiB, 100 %
2026/10/03 17:04:24.919, 3, 47956 MiB, 100 %
2026/10/03 17:04:25.919, 3, 47956 MiB, 100 %
2026/10/03 17:04:26.919, 3, 47956 MiB, 100 %
2026/10/03 17:04:27.920, 3, 47956 MiB, 100 %
2026/10/03 17:04:28.920, 3, 47956 MiB, 100 %
2026/10/03 17:04:29.921, 3, 47956 MiB, 100 %
2026/10/03 17:04:30.921, 3, 47956 MiB, 100 %
2026/10/03 17:04:31.921, 3, 47956 MiB, 100 %
2026/10/03 17:04:32.921, 3, 47956 MiB, 100 %
2026/10/03 17:04:33.922, 3, 47956 MiB, 100 %
2026/10/03 17:04:34.922, 3, 47956 MiB, 100 %
2026/10/03 17:04:35.922, 3, 47956 MiB, 100 %
2026/10/03 17:04:36.923, 3, 47956 MiB, 100 %
2026/10/03 17:04:37.923, 3, 47956 MiB, 100 %
2026/10/03 17:04:38.923, 3, 47956 MiB, 100 %
2026/10/03 17:04:39.924, 3, 47956 MiB, 100 %
2026/10/03 17:04:40.924, 3, 47956 MiB, 100 %
2026/10/03 17:04:41.924, 3, 47956 MiB, 100 %
2026/10/03 17:04:42.925, 3, 47956 MiB, 100 %
2026/10/03 17:04:43.925, 3, 47956 MiB, 100 %
2026/10/03 17:04:44.925, 3, 47956 MiB, 100 %
2026/10/03 17:04:45.926, 3, 47956 MiB, 100 %
2026/10/03 17:04:46.926, 3, 47956 MiB, 100 %
2026/10/03 17:04:47.926, 3, 47956 MiB, 100 %
2026/10/03 17:04:48.926, 3, 47956 MiB, 100 %
2026/10/03 17:04:49.926, 3, 47956 MiB, 100 %
2026/10/03 17:04:50.927, 3, 47956 MiB, 100 %
2026/10/03 17:04:51.927, 3, 47956 MiB, 100 %
2026/10/03 17:04:52.927, 3, 47956 MiB, 100 %
2026/10/03 17:04:53.927, 3, 47956 MiB, 100 %
2026/10/03 17:04:54.927, 3, 47956 MiB, 100 %
2026/10/03 17:04:55.928, 3, 47956 MiB, 100 %
2026/10/03 17:04:56.928, 3, 47956 MiB, 100 %
2026/10/03 17:04:57.928, 3, 47956 MiB, 100 %
2026/10/03 17:04:58.928, 3, 47956 MiB, 100 %
2026/10/03 17:04:59.928, 3, 47956 MiB, 100 %
2026/10/03 17:05:00.929, 3, 47956 MiB, 100 %
2026/10/03 17:05:01.929, 3, 47956 MiB, 100 %
2026/10/03 17:05:02.929, 3, 47956 MiB, 100 %
2026/10/03 17:05:03.929, 3, 47956 MiB, 100 %
2026/10/03 17:05:04.929, 3, 47956 MiB, 100 %
2026/10/03 17:05:05.930, 3, 47956 MiB, 100 %
2026/10/03 17:05:06.930, 3, 47956 MiB, 100 %
2026/10/03 17:05:07.930, 3, 47956 MiB, 100 %
2026/10/03 17:05:08.930, 3, 47956 MiB, 100 %
2026/10/03 17:05:09.930, 3, 47956 MiB, 100 %
2026/10/03 17:05:10.931, 3, 47956 MiB, 100 %
2026/10/03 17:05:11.931, 3, 47956 MiB, 100 %
2026/10/03 17:05:12.931, 3, 47956 MiB, 100 %
2026/10/03 17:05:13.931, 3, 47956 MiB, 100 %
2026/10/03 17:05:14.931, 3, 47956 MiB, 100 %
2026/10/03 17:05:15.932, 3, 47956 MiB, 100 %
2026/10/03 17:05:16.932, 3, 47956 MiB, 100 %
2026/10/03 17:05:17.932, 3, 47956 MiB, 100 %
2026/10/03 17:05:18.932, 3, 47956 MiB, 100 %
2026/10/03 17:05:19.932, 3, 47956 MiB, 100 %
2026/10/03 17:05:20.933, 3, 47956 MiB, 100 %
2026/10/03 17:05:21.933, 3, 47956 MiB, 100 %
2026/10/03 17:05:22.933, 3, 47956 MiB, 100 %
2026/10/03 17:05:23.933, 3, 47956 MiB, 100 %
2026/10/03 17:05:24.934, 3, 47956 MiB, 100 %
2026/10/03 17:05:25.934, 3, 47956 MiB, 97 %
2026/10/03 17:05:26.934, 3, 47956 MiB, 100 %
2026/10/03 17:05:27.934, 3, 47956 MiB, 100 %
2026/10/03 17:05:28.934, 3, 47956 MiB, 100 %
2026/10/03 17:05:29.935, 3, 47956 MiB, 100 %
2026/10/03 17:05:30.935, 3, 47956 MiB, 100 %
2026/10/03 17:05:31.935, 3, 47956 MiB, 100 %
2026/10/03 17:05:32.935, 3, 47956 MiB, 100 %
2026/10/03 17:05:33.935, 3, 47956 MiB, 100 %
2026/10/03 17:05:34.936, 3, 47956 MiB, 100 %
2026/10/03 17:05:35.936, 3, 47956 MiB, 100 %
2026/10/03 17:05:36.936, 3, 47956 MiB, 100 %
2026/10/03 17:05:37.936, 3, 47956 MiB, 100 %
2026/10/03 17:05:38.937, 3, 47956 MiB, 100 %
2026/10/03 17:05:39.937, 3, 47956 MiB, 100 %
2026/10/03 17:05:40.937, 3, 47956 MiB, 100 %
2026/10/03 17:05:41.937, 3, 47956 MiB, 100 %
2026/10/03 17:05:42.937, 3, 47956 MiB, 100 %
2026/10/03 17:05:43.938, 3, 47956 MiB, 100 %
2026/10/03 17:05:44.938, 3, 47956 MiB, 100 %
2026/10/03 17:05:45.938, 3, 47956 MiB, 100 %
2026/10/03 17:05:46.938, 3, 47956 MiB, 100 %
2026/10/03 17:05:47.938, 3, 47956 MiB, 100 %
2026/10/03 17:05:48.939, 3, 47956 MiB, 100 %
2026/10/03 17:05:49.939, 3, 47956 MiB, 100 %
2026/10/03 17:05:50.939, 3, 47956 MiB, 100 %
2026/10/03 17:05:51.939, 3, 47956 MiB, 100 %
2026/10/03 17:05:52.939, 3, 47956 MiB, 100 %
2026/10/03 17:05:53.940, 3, 47956 MiB, 100 %
2026/10/03 17:05:54.940, 3, 47956 MiB, 100 %
2026/10/03 17:05:55.940, 3, 47956 MiB, 100 %
2026/10/03 17:05:56.940, 3, 47956 MiB, 100 %
2026/10/03 17:05:57.940, 3, 47956 MiB, 100 %
2026/10/03 17:05:58.941, 3, 47956 MiB, 100 %
2026/10/03 17:05:59.941, 3, 47956 MiB, 100 %
2026/10/03 17:06:00.941, 3, 47956 MiB, 100 %
2026/10/03 17:06:01.941, 3, 47956 MiB, 100 %
2026/10/03 17:06:02.941, 3, 47956 MiB, 100 %
2026/10/03 17:06:03.942, 3, 47956 MiB, 100 %
2026/10/03 17:06:04.942, 3, 47956 MiB, 100 %
2026/10/03 17:06:05.942, 3, 47956 MiB, 100 %
2026/10/03 17:06:06.942, 3, 47956 MiB, 100 %
2026/10/03 17:06:07.942, 3, 47956 MiB, 100 %
2026/10/03 17:06:08.943, 3, 47956 MiB, 100 %
2026/10/03 17:06:09.943, 3, 47956 MiB, 100 %
2026/10/03 17:06:10.943, 3, 47956 MiB, 100 %
2026/10/03 17:06:11.943, 3, 47956 MiB, 100 %
2026/10/03 17:06:12.944, 3, 47956 MiB, 100 %
2026/10/03 17:06:13.944, 3, 47956 MiB, 100 %
2026/10/03 17:06:14.944, 3, 47956 MiB, 100 %
2026/10/03 17:06:15.944, 3, 47956 MiB, 100 %
2026/10/03 17:06:16.944, 3, 47956 MiB, 100 %
2026/10/03 17:06:17.945, 3, 47956 MiB, 100 %
2026/10/03 17:06:18.945, 3, 47956 MiB, 100 %
2026/10/03 17:06:19.945, 3, 47956 MiB, 100 %
2026/10/03 17:06:20.945, 3, 47956 MiB, 100 %
2026/10/03 17:06:21.946, 3, 47956 MiB, 100 %
2026/10/03 17:06:22.946, 3, 47956 MiB, 100 %
2026/10/03 17:06:23.946, 3, 47956 MiB, 100 %
2026/10/03 17:06:24.946, 3, 47956 MiB, 100 %
2026/10/03 17:06:25.946, 3, 47956 MiB, 100 %
2026/10/03 17:06:26.947, 3, 47956 MiB, 100 %
2026/10/03 17:06:27.947, 3, 47956 MiB, 100 %
2026/10/03 17:06:28.947, 3, 47956 MiB, 100 %
2026/10/03 17:06:29.947, 3, 47956 MiB, 100 %
2026/10/03 17:06:30.948, 3, 47956 MiB, 100 %
2026/10/03 17:06:31.948, 3, 47956 MiB, 100 %
2026/10/03 17:06:32.948, 3, 47956 MiB, 100 %
2026/10/03 17:06:33.948, 3, 47956 MiB, 100 %
2026/10/03 17:06:34.948, 3, 47956 MiB, 100 %
2026/10/03 17:06:35.949, 3, 47956 MiB, 100 %
2026/10/03 17:06:36.949, 3, 47956 MiB, 100 %
2026/10/03 17:06:37.949, 3, 47956 MiB, 100 %
2026/10/03 17:06:38.949, 3, 47956 MiB, 100 %
2026/10/03 17:06:39.949, 3, 47956 MiB, 100 %
2026/10/03 17:06:40.950, 3, 47956 MiB, 100 %
2026/10/03 17:06:41.950, 3, 47956 MiB, 100 %
2026/10/03 17:06:42.950, 3, 47956 MiB, 100 %
2026/10/03 17:06:43.950, 3, 47956 MiB, 100 %
2026/10/03 17:06:44.951, 3, 47956 MiB, 100 %
2026/10/03 17:06:45.951, 3, 47956 MiB, 100 %
2026/10/03 17:06:46.951, 3, 47956 MiB, 100 %
2026/10/03 17:06:47.952, 3, 47956 MiB, 100 %
2026/10/03 17:06:48.952, 3, 47956 MiB, 100 %
2026/10/03 17:06:49.952, 3, 47956 MiB, 100 %
2026/10/03 17:06:50.953, 3, 47956 MiB, 100 %
2026/10/03 17:06:51.953, 3, 47956 MiB, 100 %
2026/10/03 17:06:52.953, 3, 47956 MiB, 100 %
2026/10/03 17:06:53.954, 3, 47956 MiB, 100 %
2026/10/03 17:06:54.954, 3, 47956 MiB, 100 %
2026/10/03 17:06:55.954, 3, 47956 MiB, 100 %
2026/10/03 17:06:56.955, 3, 47956 MiB, 100 %
2026/10/03 17:06:57.955, 3, 47956 MiB, 100 %
2026/10/03 17:06:58.955, 3, 47956 MiB, 100 %
2026/10/03 17:06:59.955, 3, 47956 MiB, 100 %
2026/10/03 17:07:00.956, 3, 47956 MiB, 100 %
2026/10/03 17:07:01.956, 3, 47956 MiB, 100 %
2026/10/03 17:07:02.956, 3, 47956 MiB, 100 %
2026/10/03 17:07:03.957, 3, 47956 MiB, 100 %
2026/10/03 17:07:04.957, 3, 47956 MiB, 91 %
2026/10/03 17:07:05.957, 3, 47956 MiB, 100 %
2026/10/03 17:07:06.958, 3, 47956 MiB, 100 %
2026/10/03 17:07:07.958, 3, 47956 MiB, 100 %
2026/10/03 17:07:08.958, 3, 47956 MiB, 100 %
2026/10/03 17:07:09.958, 3, 47956 MiB, 100 %
2026/10/03 17:07:10.959, 3, 47956 MiB, 100 %
2026/10/03 17:07:11.959, 3, 47956 MiB, 100 %
2026/10/03 17:07:12.959, 3, 47956 MiB, 100 %
2026/10/03 17:07:13.959, 3, 47956 MiB, 100 %
2026/10/03 17:07:14.960, 3, 47956 MiB, 100 %
2026/10/03 17:07:15.960, 3, 47956 MiB, 100 %
2026/10/03 17:07:16.960, 3, 47956 MiB, 100 %
2026/10/03 17:07:17.960, 3, 47956 MiB, 100 %
2026/10/03 17:07:18.961, 3, 47956 MiB, 100 %
2026/10/03 17:07:19.961, 3, 47956 MiB, 100 %
2026/10/03 17:07:20.961, 3, 47956 MiB, 100 %
2026/10/03 17:07:21.961, 3, 47956 MiB, 100 %
2026/10/03 17:07:22.961, 3, 47956 MiB, 100 %
2026/10/03 17:07:23.962, 3, 47956 MiB, 100 %
2026/10/03 17:07:24.962, 3, 47956 MiB, 100 %
2026/10/03 17:07:25.962, 3, 47956 MiB, 100 %
2026/10/03 17:07:26.962, 3, 47956 MiB, 100 %
2026/10/03 17:07:27.963, 3, 47956 MiB, 100 %
2026/10/03 17:07:28.963, 3, 47956 MiB, 100 %
2026/10/03 17:07:29.963, 3, 47956 MiB, 100 %
2026/10/03 17:07:30.963, 3, 47956 MiB, 100 %
2026/10/03 17:07:31.964, 3, 47956 MiB, 100 %
2026/10/03 17:07:32.964, 3, 47956 MiB, 100 %
2026/10/03 17:07:33.964, 3, 47956 MiB, 100 %
2026/10/03 17:07:34.964, 3, 47956 MiB, 100 %
2026/10/03 17:07:35.965, 3, 47956 MiB, 100 %
2026/10/03 17:07:36.965, 3, 47956 MiB, 100 %
2026/10/03 17:07:37.965, 3, 47956 MiB, 100 %
2026/10/03 17:07:38.965, 3, 47956 MiB, 100 %
2026/10/03 17:07:39.966, 3, 47956 MiB, 100 %
2026/10/03 17:07:40.966, 3, 47956 MiB, 100 %
2026/10/03 17:07:41.966, 3, 47956 MiB, 100 %
2026/10/03 17:07:42.967, 3, 47956 MiB, 100 %
2026/10/03 17:07:43.967, 3, 47956 MiB, 100 %
2026/10/03 17:07:44.967, 3, 47956 MiB, 100 %
2026/10/03 17:07:45.968, 3, 47956 MiB, 100 %
2026/10/03 17:07:46.968, 3, 47956 MiB, 100 %
2026/10/03 17:07:47.968, 3, 47956 MiB, 100 %
2026/10/03 17:07:48.969, 3, 47956 MiB, 100 %
2026/10/03 17:07:49.969, 3, 47956 MiB, 100 %
2026/10/03 17:07:50.969, 3, 47956 MiB, 100 %
2026/10/03 17:07:51.970, 3, 47956 MiB, 100 %
2026/10/03 17:07:52.970, 3, 47956 MiB, 100 %
2026/10/03 17:07:53.970, 3, 47956 MiB, 100 %
2026/10/03 17:07:54.971, 3, 47956 MiB, 100 %
2026/10/03 17:07:55.971, 3, 47956 MiB, 100 %
2026/10/03 17:07:56.972, 3, 47956 MiB, 100 %
2026/10/03 17:07:57.972, 3, 47956 MiB, 100 %
2026/10/03 17:07:58.972, 3, 47956 MiB, 100 %
2026/10/03 17:07:59.972, 3, 47956 MiB, 100 %
2026/10/03 17:08:00.973, 3, 47956 MiB, 100 %
2026/10/03 17:08:01.973, 3, 47956 MiB, 100 %
2026/10/03 17:08:02.973, 3, 47956 MiB, 100 %
2026/10/03 17:08:03.974, 3, 47956 MiB, 100 %
2026/10/03 17:08:04.974, 3, 47956 MiB, 100 %
2026/10/03 17:08:05.975, 3, 47956 MiB, 100 %
2026/10/03 17:08:06.975, 3, 47956 MiB, 100 %
2026/10/03 17:08:07.975, 3, 47956 MiB, 100 %
2026/10/03 17:08:08.975, 3, 47956 MiB, 100 %
2026/10/03 17:08:09.976, 3, 47956 MiB, 100 %
2026/10/03 17:08:10.976, 3, 47956 MiB, 100 %
2026/10/03 17:08:11.976, 3, 47956 MiB, 100 %
2026/10/03 17:08:12.977, 3, 47956 MiB, 100 %
2026/10/03 17:08:13.977, 3, 47956 MiB, 100 %
2026/10/03 17:08:14.977, 3, 47956 MiB, 100 %
2026/10/03 17:08:15.978, 3, 47956 MiB, 100 %
2026/10/03 17:08:16.978, 3, 47956 MiB, 100 %
2026/10/03 17:08:17.978, 3, 47956 MiB, 100 %
2026/10/03 17:08:18.979, 3, 47956 MiB, 100 %
2026/10/03 17:08:19.979, 3, 47956 MiB, 100 %
2026/10/03 17:08:20.979, 3, 47956 MiB, 100 %
2026/10/03 17:08:21.980, 3, 47956 MiB, 100 %
2026/10/03 17:08:22.980, 3, 47956 MiB, 100 %
2026/10/03 17:08:23.980, 3, 47956 MiB, 100 %
2026/10/03 17:08:24.981, 3, 47956 MiB, 100 %
2026/10/03 17:08:25.981, 3, 47956 MiB, 100 %
2026/10/03 17:08:26.981, 3, 47956 MiB, 100 %
2026/10/03 17:08:27.982, 3, 47956 MiB, 100 %
2026/10/03 17:08:28.982, 3, 47956 MiB, 100 %
2026/10/03 17:08:29.982, 3, 47956 MiB, 100 %
2026/10/03 17:08:30.983, 3, 47956 MiB, 100 %
2026/10/03 17:08:31.983, 3, 47956 MiB, 100 %
2026/10/03 17:08:32.983, 3, 47956 MiB, 100 %
2026/10/03 17:08:33.984, 3, 47956 MiB, 100 %
2026/10/03 17:08:34.984, 3, 47956 MiB, 100 %
2026/10/03 17:08:35.984, 3, 47956 MiB, 100 %
2026/10/03 17:08:36.985, 3, 47956 MiB, 100 %
2026/10/03 17:08:37.985, 3, 47956 MiB, 100 %
2026/10/03 17:08:38.986, 3, 47956 MiB, 100 %
2026/10/03 17:08:39.986, 3, 47956 MiB, 100 %
2026/10/03 17:08:40.986, 3, 47956 MiB, 100 %
2026/10/03 17:08:41.986, 3, 47956 MiB, 100 %
2026/10/03 17:08:42.987, 3, 47956 MiB, 100 %
2026/10/03 17:08:43.987, 3, 47956 MiB, 100 %
2026/10/03 17:08:44.987, 3, 47956 MiB, 100 %
2026/10/03 17:08:45.987, 3, 47956 MiB, 100 %
2026/10/03 17:08:46.988, 3, 47956 MiB, 100 %
2026/10/03 17:08:47.988, 3, 47956 MiB, 100 %
2026/10/03 17:08:48.989, 3, 47956 MiB, 100 %
2026/10/03 17:08:49.989, 3, 47956 MiB, 100 %
2026/10/03 17:08:50.989, 3, 47956 MiB, 100 %
2026/10/03 17:08:51.989, 3, 47956 MiB, 100 %
2026/10/03 17:08:52.989, 3, 47956 MiB, 100 %
2026/10/03 17:08:53.990, 3, 47956 MiB, 100 %
2026/10/03 17:08:54.990, 3, 47956 MiB, 100 %
2026/10/03 17:08:55.990, 3, 47956 MiB, 100 %
2026/10/03 17:08:56.990, 3, 47956 MiB, 100 %
2026/10/03 17:08:57.991, 3, 47956 MiB, 100 %
2026/10/03 17:08:58.991, 3, 47956 MiB, 100 %
2026/10/03 17:08:59.991, 3, 47956 MiB, 100 %
2026/10/03 17:09:00.991, 3, 47956 MiB, 100 %
2026/10/03 17:09:01.991, 3, 47956 MiB, 100 %
2026/10/03 17:09:02.992, 3, 47956 MiB, 100 %
2026/10/03 17:09:03.992, 3, 47956 MiB, 100 %
2026/10/03 17:09:04.992, 3, 47956 MiB, 100 %
2026/10/03 17:09:05.992, 3, 47956 MiB, 100 %
2026/10/03 17:09:06.993, 3, 47956 MiB, 100 %
2026/10/03 17:09:07.993, 3, 47956 MiB, 100 %
2026/10/03 17:09:08.993, 3, 47956 MiB, 100 %
2026/10/03 17:09:09.993, 3, 47956 MiB, 100 %
2026/10/03 17:09:10.993, 3, 47956 MiB, 100 %
2026/10/03 17:09:11.994, 3, 47956 MiB, 100 %
2026/10/03 17:09:12.994, 3, 47956 MiB, 100 %
2026/10/03 17:09:13.994, 3, 47956 MiB, 100 %
2026/10/03 17:09:14.994, 3, 47956 MiB, 100 %
2026/10/03 17:09:15.995, 3, 47956 MiB, 100 %
2026/10/03 17:09:16.995, 3, 47956 MiB, 100 %
2026/10/03 17:09:17.995, 3, 47956 MiB, 100 %
2026/10/03 17:09:18.995, 3, 47956 MiB, 100 %
2026/10/03 17:09:19.996, 3, 47956 MiB, 100 %
2026/10/03 17:09:20.996, 3, 47956 MiB, 100 %
2026/10/03 17:09:21.996, 3, 47956 MiB, 100 %
2026/10/03 17:09:22.996, 3, 47956 MiB, 100 %
2026/10/03 17:09:23.996, 3, 47956 MiB, 100 %
2026/10/03 17:09:24.997, 3, 47956 MiB, 100 %
2026/10/03 17:09:25.997, 3, 47956 MiB, 100 %
2026/10/03 17:09:26.997, 3, 47956 MiB, 100 %
2026/10/03 17:09:27.997, 3, 47956 MiB, 100 %
2026/10/03 17:09:28.997, 3, 47956 MiB, 100 %
2026/10/03 17:09:29.998, 3, 47956 MiB, 100 %
2026/10/03 17:09:30.998, 3, 47956 MiB, 100 %
2026/10/03 17:09:31.998, 3, 47956 MiB, 100 %
2026/10/03 17:09:32.998, 3, 47956 MiB, 100 %
2026/10/03 17:09:33.999, 3, 47956 MiB, 100 %
2026/10/03 17:09:34.999, 3, 47956 MiB, 100 %
2026/10/03 17:09:35.999, 3, 47956 MiB, 100 %
2026/10/03 17:09:36.999, 3, 47956 MiB, 100 %
2026/10/03 17:09:37.999, 3, 47956 MiB, 100 %
2026/10/03 17:09:39.000, 3, 47956 MiB, 100 %
2026/10/03 17:09:40.000, 3, 47956 MiB, 100 %
2026/10/03 17:09:41.001, 3, 47956 MiB, 100 %
2026/10/03 17:09:42.001, 3, 47956 MiB, 100 %
2026/10/03 17:09:43.001, 3, 47956 MiB, 100 %
2026/10/03 17:09:44.001, 3, 47956 MiB, 100 %
2026/10/03 17:09:45.002, 3, 47956 MiB, 100 %
2026/10/03 17:09:46.002, 3, 47956 MiB, 100 %
2026/10/03 17:09:47.002, 3, 47956 MiB, 100 %
2026/10/03 17:09:48.002, 3, 47956 MiB, 100 %
2026/10/03 17:09:49.002, 3, 47956 MiB, 100 %
2026/10/03 17:09:50.003, 3, 47956 MiB, 100 %
2026/10/03 17:09:51.003, 3, 47956 MiB, 100 %
2026/10/03 17:09:52.003, 3, 47956 MiB, 100 %
2026/10/03 17:09:53.003, 3, 47956 MiB, 100 %
2026/10/03 17:09:54.004, 3, 47956 MiB, 100 %
2026/10/03 17:09:55.004, 3, 47956 MiB, 100 %
2026/10/03 17:09:56.004, 3, 47956 MiB, 100 %
2026/10/03 17:09:57.005, 3, 47956 MiB, 100 %
2026/10/03 17:09:58.005, 3, 47956 MiB, 100 %
2026/10/03 17:09:59.006, 3, 47956 MiB, 100 %
2026/10/03 17:10:00.006, 3, 47956 MiB, 100 %
2026/10/03 17:10:01.006, 3, 47956 MiB, 100 %
2026/10/03 17:10:02.006, 3, 47956 MiB, 100 %
2026/10/03 17:10:03.006, 3, 47956 MiB, 100 %
2026/10/03 17:10:04.007, 3, 47956 MiB, 100 %
2026/10/03 17:10:05.007, 3, 47956 MiB, 100 %
2026/10/03 17:10:06.007, 3, 47956 MiB, 100 %
2026/10/03 17:10:07.007, 3, 47956 MiB, 100 %
2026/10/03 17:10:08.008, 3, 47956 MiB, 100 %
2026/10/03 17:10:09.008, 3, 47956 MiB, 100 %
2026/10/03 17:10:10.008, 3, 47956 MiB, 100 %
2026/10/03 17:10:11.008, 3, 47956 MiB, 100 %
2026/10/03 17:10:12.008, 3, 47956 MiB, 100 %
2026/10/03 17:10:13.009, 3, 47956 MiB, 100 %
2026/10/03 17:10:14.009, 3, 47956 MiB, 100 %
2026/10/03 17:10:15.009, 3, 47956 MiB, 100 %
2026/10/03 17:10:16.009, 3, 47956 MiB, 100 %
2026/10/03 17:10:17.010, 3, 47956 MiB, 100 %
2026/10/03 17:10:18.010, 3, 47956 MiB, 100 %
2026/10/03 17:10:19.010, 3, 47956 MiB, 100 %
2026/10/03 17:10:20.010, 3, 47956 MiB, 100 %
2026/10/03 17:10:21.011, 3, 47956 MiB, 100 %
2026/10/03 17:10:22.011, 3, 47956 MiB, 100 %
2026/10/03 17:10:23.011, 3, 47956 MiB, 100 %
2026/10/03 17:10:24.011, 3, 47956 MiB, 100 %
2026/10/03 17:10:25.012, 3, 47956 MiB, 100 %
2026/10/03 17:10:26.012, 3, 47956 MiB, 100 %
2026/10/03 17:10:27.012, 3, 47956 MiB, 100 %
2026/10/03 17:10:28.013, 3, 47956 MiB, 98 %
2026/10/03 17:10:29.013, 3, 47956 MiB, 100 %
2026/10/03 17:10:30.013, 3, 47956 MiB, 100 %
2026/10/03 17:10:31.014, 3, 47956 MiB, 100 %
2026/10/03 17:10:32.014, 3, 47956 MiB, 100 %
2026/10/03 17:10:33.014, 3, 47956 MiB, 100 %
2026/10/03 17:10:34.014, 3, 47956 MiB, 100 %
2026/10/03 17:10:35.015, 3, 47956 MiB, 100 %
2026/10/03 17:10:36.015, 3, 47956 MiB, 100 %
2026/10/03 17:10:37.015, 3, 47956 MiB, 100 %
2026/10/03 17:10:38.016, 3, 47956 MiB, 100 %
2026/10/03 17:10:39.016, 3, 47956 MiB, 100 %
2026/10/03 17:10:40.016, 3, 47956 MiB, 100 %
2026/10/03 17:10:41.017, 3, 47956 MiB, 100 %
2026/10/03 17:10:42.017, 3, 47956 MiB, 100 %
2026/10/03 17:10:43.017, 3, 47956 MiB, 100 %
2026/10/03 17:10:44.018, 3, 47956 MiB, 100 %
2026/10/03 17:10:45.018, 3, 47956 MiB, 100 %
2026/10/03 17:10:46.018, 3, 47956 MiB, 100 %
2026/10/03 17:10:47.019, 3, 47956 MiB, 100 %
2026/10/03 17:10:48.019, 3, 47956 MiB, 100 %
2026/10/03 17:10:49.019, 3, 47956 MiB, 100 %
2026/10/03 17:10:50.020, 3, 47956 MiB, 100 %
2026/10/03 17:10:51.020, 3, 47956 MiB, 100 %
2026/10/03 17:10:52.020, 3, 47956 MiB, 100 %
2026/10/03 17:10:53.020, 3, 47956 MiB, 100 %
2026/10/03 17:10:54.021, 3, 47956 MiB, 100 %
2026/10/03 17:10:55.021, 3, 47956 MiB, 100 %
2026/10/03 17:10:56.021, 3, 47956 MiB, 100 %
2026/10/03 17:10:57.022, 3, 47956 MiB, 100 %
2026/10/03 17:10:58.022, 3, 47956 MiB, 100 %
2026/10/03 17:10:59.022, 3, 47956 MiB, 100 %
2026/10/03 17:11:00.023, 3, 47956 MiB, 100 %
2026/10/03 17:11:01.023, 3, 47956 MiB, 100 %
2026/10/03 17:11:02.023, 3, 47956 MiB, 100 %
2026/10/03 17:11:03.024, 3, 47956 MiB, 100 %
2026/10/03 17:11:04.024, 3, 47956 MiB, 100 %
2026/10/03 17:11:05.024, 3, 47956 MiB, 100 %
2026/10/03 17:11:06.024, 3, 47956 MiB, 100 %
2026/10/03 17:11:07.025, 3, 47956 MiB, 100 %
2026/10/03 17:11:08.025, 3, 47956 MiB, 100 %
2026/10/03 17:11:09.025, 3, 47956 MiB, 100 %
2026/10/03 17:11:10.026, 3, 47956 MiB, 100 %
2026/10/03 17:11:11.026, 3, 47956 MiB, 100 %
2026/10/03 17:11:12.026, 3, 47956 MiB, 100 %
2026/10/03 17:11:13.027, 3, 47956 MiB, 100 %
2026/10/03 17:11:14.027, 3, 47956 MiB, 100 %
2026/10/03 17:11:15.027, 3, 47956 MiB, 100 %
2026/10/03 17:11:16.028, 3, 47956 MiB, 100 %
2026/10/03 17:11:17.028, 3, 47956 MiB, 100 %
2026/10/03 17:11:18.028, 3, 47956 MiB, 100 %
2026/10/03 17:11:19.029, 3, 47956 MiB, 100 %
2026/10/03 17:11:20.029, 3, 47956 MiB, 100 %
2026/10/03 17:11:21.029, 3, 47956 MiB, 100 %
2026/10/03 17:11:22.030, 3, 47956 MiB, 100 %
2026/10/03 17:11:23.030, 3, 47956 MiB, 100 %
2026/10/03 17:11:24.030, 3, 47956 MiB, 100 %
2026/10/03 17:11:25.031, 3, 47956 MiB, 100 %
2026/10/03 17:11:26.031, 3, 47956 MiB, 100 %
2026/10/03 17:11:27.031, 3, 47956 MiB, 100 %
2026/10/03 17:11:28.032, 3, 47956 MiB, 100 %
2026/10/03 17:11:29.032, 3, 47956 MiB, 100 %
2026/10/03 17:11:30.032, 3, 47956 MiB, 100 %
2026/10/03 17:11:31.033, 3, 47956 MiB, 100 %
2026/10/03 17:11:32.033, 3, 47956 MiB, 100 %
2026/10/03 17:11:33.033, 3, 47956 MiB, 100 %
2026/10/03 17:11:34.033, 3, 47956 MiB, 100 %
2026/10/03 17:11:35.034, 3, 47956 MiB, 100 %
2026/10/03 17:11:36.034, 3, 47956 MiB, 100 %
2026/10/03 17:11:37.034, 3, 47956 MiB, 100 %
2026/10/03 17:11:38.035, 3, 47956 MiB, 100 %
2026/10/03 17:11:39.035, 3, 47956 MiB, 100 %
2026/10/03 17:11:40.035, 3, 47956 MiB, 100 %
2026/10/03 17:11:41.036, 3, 47956 MiB, 100 %
2026/10/03 17:11:42.036, 3, 47956 MiB, 100 %
2026/10/03 17:11:43.036, 3, 47956 MiB, 100 %
2026/10/03 17:11:44.037, 3, 47956 MiB, 100 %
2026/10/03 17:11:45.037, 3, 47956 MiB, 100 %
2026/10/03 17:11:46.037, 3, 47956 MiB, 100 %
2026/10/03 17:11:47.037, 3, 47956 MiB, 100 %
2026/10/03 17:11:48.038, 3, 47956 MiB, 100 %
2026/10/03 17:11:49.038, 3, 47956 MiB, 100 %
2026/10/03 17:11:50.038, 3, 47956 MiB, 100 %
2026/10/03 17:11:51.039, 3, 47956 MiB, 100 %
2026/10/03 17:11:52.039, 3, 47956 MiB, 100 %
2026/10/03 17:11:53.039, 3, 47956 MiB, 100 %
2026/10/03 17:11:54.040, 3, 47956 MiB, 100 %
2026/10/03 17:11:55.040, 3, 47956 MiB, 100 %
2026/10/03 17:11:56.040, 3, 47956 MiB, 100 %
2026/10/03 17:11:57.041, 3, 47956 MiB, 100 %
2026/10/03 17:11:58.041, 3, 47956 MiB, 100 %
2026/10/03 17:11:59.041, 3, 47956 MiB, 100 %
2026/10/03 17:12:00.041, 3, 47956 MiB, 100 %
2026/10/03 17:12:01.042, 3, 47956 MiB, 100 %
2026/10/03 17:12:02.042, 3, 47956 MiB, 100 %
2026/10/03 17:12:03.042, 3, 47956 MiB, 100 %
2026/10/03 17:12:04.042, 3, 47956 MiB, 100 %
2026/10/03 17:12:05.042, 3, 47956 MiB, 100 %
2026/10/03 17:12:06.043, 3, 47956 MiB, 100 %
2026/10/03 17:12:07.043, 3, 47956 MiB, 100 %
2026/10/03 17:12:08.043, 3, 47956 MiB, 100 %
2026/10/03 17:12:09.043, 3, 47956 MiB, 100 %
2026/10/03 17:12:10.044, 3, 47956 MiB, 100 %
2026/10/03 17:12:11.044, 3, 47956 MiB, 100 %
2026/10/03 17:12:12.044, 3, 47956 MiB, 100 %
2026/10/03 17:12:13.044, 3, 47956 MiB, 100 %
2026/10/03 17:12:14.044, 3, 47956 MiB, 100 %
2026/10/03 17:12:15.045, 3, 47956 MiB, 100 %
2026/10/03 17:12:16.045, 3, 47956 MiB, 100 %
2026/10/03 17:12:17.045, 3, 47956 MiB, 100 %
2026/10/03 17:12:18.045, 3, 47956 MiB, 100 %
2026/10/03 17:12:19.045, 3, 47956 MiB, 100 %
2026/10/03 17:12:20.046, 3, 47956 MiB, 100 %
2026/10/03 17:12:21.046, 3, 47956 MiB, 100 %
2026/10/03 17:12:22.046, 3, 47956 MiB, 100 %
2026/10/03 17:12:23.046, 3, 47956 MiB, 100 %
2026/10/03 17:12:24.047, 3, 47956 MiB, 100 %
2026/10/03 17:12:25.047, 3, 47956 MiB, 100 %
2026/10/03 17:12:26.047, 3, 47956 MiB, 100 %
2026/10/03 17:12:27.047, 3, 47956 MiB, 100 %
2026/10/03 17:12:28.047, 3, 47956 MiB, 100 %
2026/10/03 17:12:29.048, 3, 47956 MiB, 100 %
2026/10/03 17:12:30.048, 3, 47956 MiB, 100 %
2026/10/03 17:12:31.048, 3, 47956 MiB, 100 %
2026/10/03 17:12:32.048, 3, 47956 MiB, 100 %
2026/10/03 17:12:33.048, 3, 47956 MiB, 100 %
2026/10/03 17:12:34.049, 3, 47956 MiB, 100 %
2026/10/03 17:12:35.049, 3, 47956 MiB, 100 %
2026/10/03 17:12:36.049, 3, 47956 MiB, 100 %
2026/10/03 17:12:37.049, 3, 47956 MiB, 100 %
2026/10/03 17:12:38.050, 3, 47956 MiB, 100 %
2026/10/03 17:12:39.050, 3, 47956 MiB, 100 %
2026/10/03 17:12:40.050, 3, 47956 MiB, 100 %
2026/10/03 17:12:41.050, 3, 47956 MiB, 100 %
2026/10/03 17:12:42.050, 3, 47956 MiB, 100 %
2026/10/03 17:12:43.051, 3, 47956 MiB, 100 %
2026/10/03 17:12:44.051, 3, 47956 MiB, 100 %
2026/10/03 17:12:45.051, 3, 47956 MiB, 100 %
2026/10/03 17:12:46.051, 3, 47956 MiB, 100 %
2026/10/03 17:12:47.051, 3, 47956 MiB, 100 %
2026/10/03 17:12:48.052, 3, 47956 MiB, 100 %
2026/10/03 17:12:49.052, 3, 47956 MiB, 100 %
2026/10/03 17:12:50.052, 3, 47956 MiB, 100 %
2026/10/03 17:12:51.052, 3, 47956 MiB, 100 %
2026/10/03 17:12:52.052, 3, 47956 MiB, 100 %
2026/10/03 17:12:53.053, 3, 47956 MiB, 100 %
2026/10/03 17:12:54.053, 3, 47956 MiB, 100 %
2026/10/03 17:12:55.053, 3, 47956 MiB, 100 %
2026/10/03 17:12:56.053, 3, 47956 MiB, 100 %
2026/10/03 17:12:57.054, 3, 47956 MiB, 100 %
2026/10/03 17:12:58.054, 3, 47956 MiB, 100 %
2026/10/03 17:12:59.054, 3, 47956 MiB, 100 %
2026/10/03 17:13:00.054, 3, 47956 MiB, 100 %
2026/10/03 17:13:01.054, 3, 47956 MiB, 100 %
2026/10/03 17:13:02.055, 3, 47956 MiB, 100 %
2026/10/03 17:13:03.055, 3, 47956 MiB, 100 %
2026/10/03 17:13:04.055, 3, 47956 MiB, 100 %
2026/10/03 17:13:05.055, 3, 47956 MiB, 100 %
2026/10/03 17:13:06.056, 3, 47956 MiB, 100 %
2026/10/03 17:13:07.056, 3, 47956 MiB, 100 %
2026/10/03 17:13:08.056, 3, 47956 MiB, 100 %
2026/10/03 17:13:09.056, 3, 47956 MiB, 100 %
2026/10/03 17:13:10.056, 3, 47956 MiB, 100 %
2026/10/03 17:13:11.057, 3, 47956 MiB, 100 %
2026/10/03 17:13:12.057, 3, 47956 MiB, 100 %
2026/10/03 17:13:13.057, 3, 47956 MiB, 100 %
2026/10/03 17:13:14.057, 3, 47956 MiB, 100 %
2026/10/03 17:13:15.057, 3, 47956 MiB, 100 %
2026/10/03 17:13:16.058, 3, 47956 MiB, 100 %
2026/10/03 17:13:17.058, 3, 47956 MiB, 100 %
2026/10/03 17:13:18.058, 3, 47956 MiB, 100 %
2026/10/03 17:13:19.058, 3, 47956 MiB, 100 %
2026/10/03 17:13:20.059, 3, 47956 MiB, 100 %
2026/10/03 17:13:21.059, 3, 47956 MiB, 100 %
2026/10/03 17:13:22.059, 3, 47956 MiB, 100 %
2026/10/03 17:13:23.059, 3, 47956 MiB, 100 %
2026/10/03 17:13:24.059, 3, 47956 MiB, 100 %
2026/10/03 17:13:25.060, 3, 47956 MiB, 100 %
2026/10/03 17:13:26.060, 3, 47956 MiB, 100 %
2026/10/03 17:13:27.060, 3, 47956 MiB, 100 %
2026/10/03 17:13:28.060, 3, 47956 MiB, 100 %
2026/10/03 17:13:29.060, 3, 47956 MiB, 100 %
2026/10/03 17:13:30.061, 3, 47956 MiB, 100 %
2026/10/03 17:13:31.061, 3, 47956 MiB, 100 %
2026/10/03 17:13:32.061, 3, 47956 MiB, 100 %
2026/10/03 17:13:33.061, 3, 47956 MiB, 100 %
2026/10/03 17:13:34.061, 3, 47956 MiB, 100 %
2026/10/03 17:13:35.062, 3, 47956 MiB, 100 %
2026/10/03 17:13:36.062, 3, 47956 MiB, 100 %
2026/10/03 17:13:37.062, 3, 47956 MiB, 100 %
2026/10/03 17:13:38.062, 3, 47956 MiB, 100 %
2026/10/03 17:13:39.062, 3, 47956 MiB, 100 %
2026/10/03 17:13:40.063, 3, 47956 MiB, 100 %
2026/10/03 17:13:41.063, 3, 47956 MiB, 100 %
2026/10/03 17:13:42.063, 3, 47956 MiB, 100 %
2026/10/03 17:13:43.063, 3, 47956 MiB, 100 %
2026/10/03 17:13:44.063, 3, 47956 MiB, 100 %
2026/10/03 17:13:45.064, 3, 47956 MiB, 100 %
2026/10/03 17:13:46.064, 3, 47956 MiB, 0 %
2026/10/03 17:13:47.064, 3, 47956 MiB, 100 %
2026/10/03 17:13:48.064, 3, 47956 MiB, 100 %
2026/10/03 17:13:49.065, 3, 47956 MiB, 100 %
2026/10/03 17:13:50.065, 3, 47956 MiB, 100 %
2026/10/03 17:13:51.065, 3, 47956 MiB, 100 %
2026/10/03 17:13:52.065, 3, 47956 MiB, 100 %
2026/10/03 17:13:53.066, 3, 47956 MiB, 100 %
2026/10/03 17:13:54.066, 3, 47956 MiB, 100 %
2026/10/03 17:13:55.066, 3, 47956 MiB, 100 %
2026/10/03 17:13:56.066, 3, 47956 MiB, 100 %
2026/10/03 17:13:57.066, 3, 47956 MiB, 100 %
2026/10/03 17:13:58.067, 3, 47956 MiB, 100 %
2026/10/03 17:13:59.067, 3, 47956 MiB, 100 %
2026/10/03 17:14:00.067, 3, 47956 MiB, 100 %
2026/10/03 17:14:01.067, 3, 47956 MiB, 100 %
2026/10/03 17:14:02.068, 3, 47956 MiB, 100 %
2026/10/03 17:14:03.068, 3, 47956 MiB, 100 %
2026/10/03 17:14:04.068, 3, 47956 MiB, 100 %
2026/10/03 17:14:05.068, 3, 47956 MiB, 100 %
2026/10/03 17:14:06.068, 3, 47956 MiB, 100 %
2026/10/03 17:14:07.069, 3, 47956 MiB, 100 %
2026/10/03 17:14:08.069, 3, 47956 MiB, 100 %
2026/10/03 17:14:09.069, 3, 47956 MiB, 100 %
2026/10/03 17:14:10.069, 3, 47956 MiB, 100 %
2026/10/03 17:14:11.069, 3, 47956 MiB, 100 %
2026/10/03 17:14:12.070, 3, 47956 MiB, 100 %
2026/10/03 17:14:13.070, 3, 47956 MiB, 100 %
2026/10/03 17:14:14.070, 3, 47956 MiB, 100 %
2026/10/03 17:14:15.070, 3, 47956 MiB, 100 %
2026/10/03 17:14:16.071, 3, 47956 MiB, 95 %
2026/10/03 17:14:17.071, 3, 47958 MiB, 95 %
2026/10/03 17:14:18.071, 3, 47958 MiB, 96 %
2026/10/03 17:14:19.071, 3, 47958 MiB, 96 %
2026/10/03 17:14:20.071, 3, 47958 MiB, 100 %
2026/10/03 17:14:21.072, 3, 47958 MiB, 100 %
2026/10/03 17:14:22.072, 3, 47958 MiB, 100 %
2026/10/03 17:14:23.072, 3, 47958 MiB, 100 %
2026/10/03 17:14:24.072, 3, 47958 MiB, 100 %
2026/10/03 17:14:25.072, 3, 47958 MiB, 100 %
2026/10/03 17:14:26.073, 3, 47958 MiB, 100 %
2026/10/03 17:14:27.073, 3, 47958 MiB, 100 %
2026/10/03 17:14:28.073, 3, 47958 MiB, 100 %
2026/10/03 17:14:29.073, 3, 47958 MiB, 100 %
2026/10/03 17:14:30.074, 3, 47958 MiB, 100 %
2026/10/03 17:14:31.074, 3, 47958 MiB, 100 %
2026/10/03 17:14:32.074, 3, 47958 MiB, 100 %
2026/10/03 17:14:33.074, 3, 47958 MiB, 100 %
2026/10/03 17:14:34.074, 3, 47958 MiB, 100 %
2026/10/03 17:14:35.075, 3, 47958 MiB, 100 %
2026/10/03 17:14:36.075, 3, 47958 MiB, 100 %
2026/10/03 17:14:37.075, 3, 47958 MiB, 100 %
2026/10/03 17:14:38.075, 3, 47958 MiB, 100 %
2026/10/03 17:14:39.075, 3, 47958 MiB, 100 %
2026/10/03 17:14:40.076, 3, 47958 MiB, 100 %
2026/10/03 17:14:41.076, 3, 47958 MiB, 100 %
2026/10/03 17:14:42.076, 3, 47958 MiB, 100 %
2026/10/03 17:14:43.076, 3, 47958 MiB, 100 %
2026/10/03 17:14:44.077, 3, 47958 MiB, 100 %
2026/10/03 17:14:45.077, 3, 47958 MiB, 100 %
2026/10/03 17:14:46.077, 3, 47958 MiB, 100 %
2026/10/03 17:14:47.077, 3, 47958 MiB, 100 %
2026/10/03 17:14:48.077, 3, 47958 MiB, 100 %
2026/10/03 17:14:49.078, 3, 47958 MiB, 100 %
2026/10/03 17:14:50.078, 3, 47958 MiB, 100 %
2026/10/03 17:14:51.078, 3, 47958 MiB, 100 %
2026/10/03 17:14:52.078, 3, 47958 MiB, 100 %
2026/10/03 17:14:53.079, 3, 47958 MiB, 100 %
2026/10/03 17:14:54.079, 3, 47958 MiB, 100 %
2026/10/03 17:14:55.079, 3, 47958 MiB, 100 %
2026/10/03 17:14:56.079, 3, 47958 MiB, 100 %
2026/10/03 17:14:57.079, 3, 47958 MiB, 100 %
2026/10/03 17:14:58.080, 3, 47958 MiB, 100 %
2026/10/03 17:14:59.080, 3, 47958 MiB, 100 %
2026/10/03 17:15:00.080, 3, 47958 MiB, 100 %
2026/10/03 17:15:01.080, 3, 47958 MiB, 100 %
2026/10/03 17:15:02.080, 3, 47958 MiB, 100 %
2026/10/03 17:15:03.081, 3, 47958 MiB, 100 %
2026/10/03 17:15:04.081, 3, 47958 MiB, 100 %
2026/10/03 17:15:05.081, 3, 47958 MiB, 100 %
2026/10/03 17:15:06.081, 3, 47958 MiB, 100 %
2026/10/03 17:15:07.082, 3, 47958 MiB, 100 %
2026/10/03 17:15:08.082, 3, 47958 MiB, 100 %
2026/10/03 17:15:09.082, 3, 47958 MiB, 100 %
2026/10/03 17:15:10.082, 3, 47958 MiB, 100 %
2026/10/03 17:15:11.083, 3, 47958 MiB, 100 %
2026/10/03 17:15:12.083, 3, 47958 MiB, 100 %
2026/10/03 17:15:13.083, 3, 47958 MiB, 100 %
2026/10/03 17:15:14.083, 3, 47958 MiB, 100 %
2026/10/03 17:15:15.083, 3, 47958 MiB, 100 %
2026/10/03 17:15:16.084, 3, 47958 MiB, 100 %
2026/10/03 17:15:17.084, 3, 47958 MiB, 100 %
2026/10/03 17:15:18.084, 3, 47958 MiB, 100 %
2026/10/03 17:15:19.084, 3, 47958 MiB, 97 %
2026/10/03 17:15:20.085, 3, 47958 MiB, 100 %
2026/10/03 17:15:21.085, 3, 47958 MiB, 100 %
2026/10/03 17:15:22.085, 3, 47958 MiB, 100 %
2026/10/03 17:15:23.085, 3, 47958 MiB, 100 %
2026/10/03 17:15:24.086, 3, 47958 MiB, 100 %
2026/10/03 17:15:25.086, 3, 47958 MiB, 100 %
2026/10/03 17:15:26.086, 3, 47958 MiB, 100 %
2026/10/03 17:15:27.086, 3, 47958 MiB, 100 %
2026/10/03 17:15:28.086, 3, 47958 MiB, 100 %
2026/10/03 17:15:29.087, 3, 47958 MiB, 100 %
2026/10/03 17:15:30.087, 3, 47958 MiB, 100 %
2026/10/03 17:15:31.087, 3, 47958 MiB, 100 %
2026/10/03 17:15:32.087, 3, 47958 MiB, 100 %
2026/10/03 17:15:33.088, 3, 47958 MiB, 100 %
2026/10/03 17:15:34.088, 3, 47958 MiB, 100 %
2026/10/03 17:15:35.088, 3, 47958 MiB, 100 %
2026/10/03 17:15:36.088, 3, 47958 MiB, 100 %
2026/10/03 17:15:37.088, 3, 47958 MiB, 100 %
2026/10/03 17:15:38.089, 3, 47958 MiB, 100 %
2026/10/03 17:15:39.089, 3, 47958 MiB, 100 %
2026/10/03 17:15:40.089, 3, 47958 MiB, 100 %
2026/10/03 17:15:41.089, 3, 47958 MiB, 100 %
2026/10/03 17:15:42.089, 3, 47958 MiB, 100 %
2026/10/03 17:15:43.090, 3, 47958 MiB, 100 %
2026/10/03 17:15:44.090, 3, 47958 MiB, 100 %
2026/10/03 17:15:45.090, 3, 47958 MiB, 100 %
2026/10/03 17:15:46.090, 3, 47958 MiB, 100 %
2026/10/03 17:15:47.091, 3, 47958 MiB, 100 %
2026/10/03 17:15:48.091, 3, 47958 MiB, 100 %
2026/10/03 17:15:49.091, 3, 47958 MiB, 100 %
2026/10/03 17:15:50.091, 3, 47958 MiB, 100 %
2026/10/03 17:15:51.091, 3, 47958 MiB, 100 %
2026/10/03 17:15:52.092, 3, 47958 MiB, 100 %
2026/10/03 17:15:53.092, 3, 47958 MiB, 100 %
2026/10/03 17:15:54.092, 3, 47958 MiB, 100 %
2026/10/03 17:15:55.092, 3, 47958 MiB, 100 %
2026/10/03 17:15:56.093, 3, 47958 MiB, 100 %
2026/10/03 17:15:57.093, 3, 47958 MiB, 100 %
2026/10/03 17:15:58.093, 3, 47958 MiB, 100 %
2026/10/03 17:15:59.093, 3, 47958 MiB, 100 %
2026/10/03 17:16:00.093, 3, 47958 MiB, 100 %
2026/10/03 17:16:01.094, 3, 47958 MiB, 100 %
2026/10/03 17:16:02.094, 3, 47958 MiB, 100 %
2026/10/03 17:16:03.094, 3, 47958 MiB, 100 %
2026/10/03 17:16:04.094, 3, 47958 MiB, 100 %
2026/10/03 17:16:05.095, 3, 47958 MiB, 100 %
2026/10/03 17:16:06.095, 3, 47958 MiB, 100 %
2026/10/03 17:16:07.095, 3, 47958 MiB, 100 %
2026/10/03 17:16:08.095, 3, 47958 MiB, 100 %
2026/10/03 17:16:09.095, 3, 47958 MiB, 100 %
2026/10/03 17:16:10.096, 3, 47958 MiB, 100 %
2026/10/03 17:16:11.096, 3, 47958 MiB, 100 %
2026/10/03 17:16:12.096, 3, 47958 MiB, 100 %
2026/10/03 17:16:13.096, 3, 47958 MiB, 100 %
2026/10/03 17:16:14.096, 3, 47958 MiB, 100 %
2026/10/03 17:16:15.097, 3, 47958 MiB, 100 %
2026/10/03 17:16:16.097, 3, 47958 MiB, 100 %
2026/10/03 17:16:17.097, 3, 47958 MiB, 100 %
2026/10/03 17:16:18.097, 3, 47958 MiB, 100 %
2026/10/03 17:16:19.098, 3, 47958 MiB, 100 %
2026/10/03 17:16:20.098, 3, 47958 MiB, 100 %
2026/10/03 17:16:21.098, 3, 47958 MiB, 100 %
2026/10/03 17:16:22.098, 3, 47958 MiB, 100 %
2026/10/03 17:16:23.098, 3, 47958 MiB, 100 %
2026/10/03 17:16:24.099, 3, 47958 MiB, 100 %
2026/10/03 17:16:25.099, 3, 47958 MiB, 100 %
2026/10/03 17:16:26.099, 3, 47958 MiB, 100 %
2026/10/03 17:16:27.099, 3, 47958 MiB, 100 %
2026/10/03 17:16:28.099, 3, 47958 MiB, 100 %
2026/10/03 17:16:29.100, 3, 47958 MiB, 100 %
2026/10/03 17:16:30.100, 3, 47958 MiB, 100 %
2026/10/03 17:16:31.100, 3, 47958 MiB, 100 %
2026/10/03 17:16:32.100, 3, 47958 MiB, 100 %
2026/10/03 17:16:33.100, 3, 47958 MiB, 100 %
2026/10/03 17:16:34.101, 3, 47958 MiB, 100 %
2026/10/03 17:16:35.101, 3, 47958 MiB, 100 %
2026/10/03 17:16:36.101, 3, 47958 MiB, 100 %
2026/10/03 17:16:37.102, 3, 47958 MiB, 100 %
2026/10/03 17:16:38.102, 3, 47958 MiB, 100 %
2026/10/03 17:16:39.102, 3, 47958 MiB, 100 %
2026/10/03 17:16:40.103, 3, 47958 MiB, 100 %
2026/10/03 17:16:41.103, 3, 47958 MiB, 100 %
2026/10/03 17:16:42.103, 3, 47958 MiB, 100 %
2026/10/03 17:16:43.104, 3, 47958 MiB, 100 %
2026/10/03 17:16:44.104, 3, 47958 MiB, 100 %
2026/10/03 17:16:45.104, 3, 47958 MiB, 100 %
2026/10/03 17:16:46.105, 3, 47958 MiB, 100 %
2026/10/03 17:16:47.105, 3, 47958 MiB, 100 %
2026/10/03 17:16:48.105, 3, 47958 MiB, 100 %
2026/10/03 17:16:49.106, 3, 47958 MiB, 100 %
2026/10/03 17:16:50.106, 3, 47958 MiB, 100 %
2026/10/03 17:16:51.106, 3, 47958 MiB, 100 %
2026/10/03 17:16:52.106, 3, 47958 MiB, 100 %
2026/10/03 17:16:53.107, 3, 47958 MiB, 100 %
2026/10/03 17:16:54.107, 3, 47958 MiB, 100 %
2026/10/03 17:16:55.107, 3, 47958 MiB, 100 %
2026/10/03 17:16:56.108, 3, 47958 MiB, 100 %
2026/10/03 17:16:57.108, 3, 47958 MiB, 100 %
2026/10/03 17:16:58.108, 3, 47958 MiB, 100 %
2026/10/03 17:16:59.108, 3, 47958 MiB, 100 %
2026/10/03 17:17:00.109, 3, 47958 MiB, 100 %
2026/10/03 17:17:01.109, 3, 47958 MiB, 100 %
2026/10/03 17:17:02.109, 3, 47958 MiB, 100 %
2026/10/03 17:17:03.121, 3, 47958 MiB, 100 %
2026/10/03 17:17:04.122, 3, 47958 MiB, 100 %
2026/10/03 17:17:05.122, 3, 47958 MiB, 100 %
2026/10/03 17:17:06.122, 3, 47958 MiB, 100 %
2026/10/03 17:17:07.123, 3, 47958 MiB, 100 %
2026/10/03 17:17:08.123, 3, 47958 MiB, 100 %
2026/10/03 17:17:09.123, 3, 47958 MiB, 100 %
2026/10/03 17:17:10.124, 3, 47958 MiB, 100 %
2026/10/03 17:17:11.124, 3, 47958 MiB, 100 %
2026/10/03 17:17:12.124, 3, 47958 MiB, 100 %
2026/10/03 17:17:13.124, 3, 47958 MiB, 100 %
2026/10/03 17:17:14.125, 3, 47958 MiB, 100 %
2026/10/03 17:17:15.125, 3, 47958 MiB, 100 %
2026/10/03 17:17:16.125, 3, 47958 MiB, 100 %
2026/10/03 17:17:17.125, 3, 47958 MiB, 100 %
2026/10/03 17:17:18.126, 3, 47958 MiB, 100 %
2026/10/03 17:17:19.126, 3, 47958 MiB, 100 %
2026/10/03 17:17:20.126, 3, 47958 MiB, 100 %
2026/10/03 17:17:21.127, 3, 47958 MiB, 100 %
2026/10/03 17:17:22.127, 3, 47958 MiB, 100 %
2026/10/03 17:17:23.127, 3, 47958 MiB, 100 %
2026/10/03 17:17:24.128, 3, 47958 MiB, 100 %
2026/10/03 17:17:25.128, 3, 47958 MiB, 100 %
2026/10/03 17:17:26.128, 3, 47958 MiB, 100 %
2026/10/03 17:17:27.129, 3, 47958 MiB, 100 %
2026/10/03 17:17:28.129, 3, 47958 MiB, 100 %
2026/10/03 17:17:29.129, 3, 47958 MiB, 100 %
2026/10/03 17:17:30.130, 3, 47958 MiB, 100 %
2026/10/03 17:17:31.130, 3, 47958 MiB, 100 %
2026/10/03 17:17:32.130, 3, 47958 MiB, 100 %
2026/10/03 17:17:33.131, 3, 47958 MiB, 100 %
2026/10/03 17:17:34.131, 3, 47958 MiB, 100 %
2026/10/03 17:17:35.131, 3, 47958 MiB, 100 %
2026/10/03 17:17:36.131, 3, 47958 MiB, 100 %
2026/10/03 17:17:37.132, 3, 47958 MiB, 100 %
2026/10/03 17:17:38.133, 3, 47958 MiB, 100 %
2026/10/03 17:17:39.133, 3, 47958 MiB, 100 %
2026/10/03 17:17:40.133, 3, 47958 MiB, 100 %
2026/10/03 17:17:41.134, 3, 47958 MiB, 100 %
2026/10/03 17:17:42.134, 3, 47958 MiB, 100 %
2026/10/03 17:17:43.134, 3, 47958 MiB, 100 %
2026/10/03 17:17:44.135, 3, 47958 MiB, 100 %
2026/10/03 17:17:45.135, 3, 47958 MiB, 100 %
2026/10/03 17:17:46.135, 3, 47958 MiB, 100 %
2026/10/03 17:17:47.136, 3, 47958 MiB, 100 %
2026/10/03 17:17:48.136, 3, 47958 MiB, 100 %
2026/10/03 17:17:49.136, 3, 47958 MiB, 100 %
2026/10/03 17:17:50.137, 3, 47958 MiB, 100 %
2026/10/03 17:17:51.137, 3, 47958 MiB, 100 %
2026/10/03 17:17:52.137, 3, 47958 MiB, 100 %
2026/10/03 17:17:53.138, 3, 47958 MiB, 100 %
2026/10/03 17:17:54.138, 3, 47958 MiB, 100 %
2026/10/03 17:17:55.138, 3, 47958 MiB, 100 %
2026/10/03 17:17:56.139, 3, 47958 MiB, 100 %
2026/10/03 17:17:57.139, 3, 47958 MiB, 100 %
2026/10/03 17:17:58.139, 3, 47958 MiB, 100 %
2026/10/03 17:17:59.140, 3, 47958 MiB, 100 %
2026/10/03 17:18:00.140, 3, 47958 MiB, 100 %
2026/10/03 17:18:01.140, 3, 47958 MiB, 100 %
2026/10/03 17:18:02.140, 3, 47958 MiB, 100 %
2026/10/03 17:18:03.141, 3, 47958 MiB, 100 %
2026/10/03 17:18:04.141, 3, 47958 MiB, 100 %
2026/10/03 17:18:05.141, 3, 47958 MiB, 100 %
2026/10/03 17:18:06.142, 3, 47958 MiB, 100 %
2026/10/03 17:18:07.142, 3, 47958 MiB, 100 %
2026/10/03 17:18:08.142, 3, 47958 MiB, 100 %
2026/10/03 17:18:09.143, 3, 47958 MiB, 100 %
2026/10/03 17:18:10.143, 3, 47958 MiB, 100 %
2026/10/03 17:18:11.143, 3, 47958 MiB, 100 %
2026/10/03 17:18:12.144, 3, 47958 MiB, 100 %
2026/10/03 17:18:13.144, 3, 47958 MiB, 100 %
2026/10/03 17:18:14.144, 3, 47958 MiB, 100 %
2026/10/03 17:18:15.144, 3, 47958 MiB, 100 %
2026/10/03 17:18:16.145, 3, 47958 MiB, 100 %
2026/10/03 17:18:17.145, 3, 47958 MiB, 100 %
2026/10/03 17:18:18.155, 3, 47958 MiB, 100 %
2026/10/03 17:18:19.155, 3, 47958 MiB, 100 %
2026/10/03 17:18:20.156, 3, 47958 MiB, 100 %
2026/10/03 17:18:21.156, 3, 47958 MiB, 100 %
2026/10/03 17:18:22.156, 3, 47958 MiB, 100 %
2026/10/03 17:18:23.157, 3, 47958 MiB, 100 %
2026/10/03 17:18:24.157, 3, 47958 MiB, 100 %
2026/10/03 17:18:25.157, 3, 47958 MiB, 100 %
2026/10/03 17:18:26.157, 3, 47958 MiB, 100 %
2026/10/03 17:18:27.158, 3, 47958 MiB, 100 %
2026/10/03 17:18:28.158, 3, 47958 MiB, 100 %
2026/10/03 17:18:29.159, 3, 47958 MiB, 100 %
2026/10/03 17:18:30.159, 3, 47958 MiB, 100 %
2026/10/03 17:18:31.159, 3, 47958 MiB, 100 %
2026/10/03 17:18:32.159, 3, 47958 MiB, 100 %
2026/10/03 17:18:33.160, 3, 47958 MiB, 100 %
2026/10/03 17:18:34.160, 3, 47958 MiB, 100 %
2026/10/03 17:18:35.160, 3, 47958 MiB, 100 %
2026/10/03 17:18:36.160, 3, 47958 MiB, 100 %
2026/10/03 17:18:37.161, 3, 47958 MiB, 100 %
2026/10/03 17:18:38.161, 3, 47958 MiB, 100 %
2026/10/03 17:18:39.161, 3, 47958 MiB, 100 %
2026/10/03 17:18:40.162, 3, 47958 MiB, 100 %
2026/10/03 17:18:41.162, 3, 47958 MiB, 100 %
2026/10/03 17:18:42.162, 3, 47958 MiB, 100 %
2026/10/03 17:18:43.163, 3, 47958 MiB, 100 %
2026/10/03 17:18:44.163, 3, 47958 MiB, 100 %
2026/10/03 17:18:45.163, 3, 47958 MiB, 100 %
2026/10/03 17:18:46.164, 3, 47958 MiB, 100 %
2026/10/03 17:18:47.164, 3, 47958 MiB, 100 %
2026/10/03 17:18:48.164, 3, 47958 MiB, 100 %
2026/10/03 17:18:49.164, 3, 47958 MiB, 100 %
2026/10/03 17:18:50.165, 3, 47958 MiB, 100 %
2026/10/03 17:18:51.165, 3, 47958 MiB, 100 %
2026/10/03 17:18:52.165, 3, 47958 MiB, 100 %
2026/10/03 17:18:53.166, 3, 47958 MiB, 100 %
2026/10/03 17:18:54.166, 3, 47958 MiB, 100 %
2026/10/03 17:18:55.166, 3, 47958 MiB, 100 %
2026/10/03 17:18:56.167, 3, 47958 MiB, 100 %
2026/10/03 17:18:57.167, 3, 47958 MiB, 100 %
2026/10/03 17:18:58.167, 3, 47958 MiB, 100 %
2026/10/03 17:18:59.168, 3, 47958 MiB, 100 %
2026/10/03 17:19:00.168, 3, 47958 MiB, 100 %
2026/10/03 17:19:01.168, 3, 47958 MiB, 100 %
2026/10/03 17:19:02.169, 3, 47958 MiB, 100 %
2026/10/03 17:19:03.169, 3, 47958 MiB, 100 %
2026/10/03 17:19:04.169, 3, 47958 MiB, 100 %
2026/10/03 17:19:05.170, 3, 47958 MiB, 100 %
2026/10/03 17:19:06.170, 3, 47958 MiB, 100 %
2026/10/03 17:19:07.170, 3, 47958 MiB, 100 %
2026/10/03 17:19:08.170, 3, 47958 MiB, 100 %
2026/10/03 17:19:09.171, 3, 47958 MiB, 100 %
2026/10/03 17:19:10.171, 3, 47958 MiB, 100 %
2026/10/03 17:19:11.171, 3, 47958 MiB, 100 %
2026/10/03 17:19:12.171, 3, 47958 MiB, 100 %
2026/10/03 17:19:13.172, 3, 47958 MiB, 23 %
2026/10/03 17:19:14.172, 3, 47958 MiB, 100 %
2026/10/03 17:19:15.172, 3, 47958 MiB, 100 %
2026/10/03 17:19:16.173, 3, 47958 MiB, 100 %
2026/10/03 17:19:17.173, 3, 47958 MiB, 100 %
2026/10/03 17:19:18.173, 3, 47958 MiB, 100 %
2026/10/03 17:19:19.173, 3, 47958 MiB, 100 %
2026/10/03 17:19:20.174, 3, 47958 MiB, 100 %
2026/10/03 17:19:21.174, 3, 47958 MiB, 100 %
2026/10/03 17:19:22.174, 3, 47958 MiB, 100 %
2026/10/03 17:19:23.175, 3, 47958 MiB, 100 %
2026/10/03 17:19:24.175, 3, 47958 MiB, 100 %
2026/10/03 17:19:25.175, 3, 47958 MiB, 100 %
2026/10/03 17:19:26.176, 3, 47958 MiB, 100 %
2026/10/03 17:19:27.176, 3, 47958 MiB, 100 %
2026/10/03 17:19:28.176, 3, 47958 MiB, 100 %
2026/10/03 17:19:29.177, 3, 47958 MiB, 100 %
2026/10/03 17:19:30.177, 3, 47958 MiB, 100 %
2026/10/03 17:19:31.177, 3, 47958 MiB, 100 %
2026/10/03 17:19:32.177, 3, 47958 MiB, 100 %
2026/10/03 17:19:33.178, 3, 47958 MiB, 100 %
2026/10/03 17:19:34.178, 3, 47958 MiB, 100 %
2026/10/03 17:19:35.178, 3, 47958 MiB, 100 %
2026/10/03 17:19:36.179, 3, 47958 MiB, 100 %
2026/10/03 17:19:37.179, 3, 47958 MiB, 100 %
2026/10/03 17:19:38.179, 3, 47958 MiB, 100 %
2026/10/03 17:19:39.179, 3, 47958 MiB, 100 %
2026/10/03 17:19:40.180, 3, 47958 MiB, 100 %
2026/10/03 17:19:41.180, 3, 47958 MiB, 100 %
2026/10/03 17:19:42.180, 3, 47958 MiB, 100 %
2026/10/03 17:19:43.181, 3, 47958 MiB, 100 %
2026/10/03 17:19:44.181, 3, 47958 MiB, 100 %
2026/10/03 17:19:45.181, 3, 47958 MiB, 100 %
2026/10/03 17:19:46.181, 3, 47958 MiB, 100 %
2026/10/03 17:19:47.182, 3, 47958 MiB, 100 %
2026/10/03 17:19:48.182, 3, 47958 MiB, 100 %
2026/10/03 17:19:49.182, 3, 47958 MiB, 100 %
2026/10/03 17:19:50.183, 3, 47958 MiB, 100 %
2026/10/03 17:19:51.183, 3, 47958 MiB, 100 %
2026/10/03 17:19:52.183, 3, 47958 MiB, 100 %
2026/10/03 17:19:53.184, 3, 47958 MiB, 100 %
2026/10/03 17:19:54.184, 3, 47958 MiB, 100 %
2026/10/03 17:19:55.184, 3, 47958 MiB, 100 %
2026/10/03 17:19:56.185, 3, 47958 MiB, 100 %
2026/10/03 17:19:57.185, 3, 47958 MiB, 100 %
2026/10/03 17:19:58.185, 3, 47958 MiB, 100 %
2026/10/03 17:19:59.186, 3, 47958 MiB, 100 %
2026/10/03 17:20:00.186, 3, 47958 MiB, 100 %
2026/10/03 17:20:01.186, 3, 47958 MiB, 100 %
2026/10/03 17:20:02.186, 3, 47958 MiB, 100 %
2026/10/03 17:20:03.187, 3, 47958 MiB, 100 %
2026/10/03 17:20:04.187, 3, 47958 MiB, 100 %
2026/10/03 17:20:05.187, 3, 47958 MiB, 100 %
2026/10/03 17:20:06.188, 3, 47958 MiB, 100 %
2026/10/03 17:20:07.188, 3, 47958 MiB, 100 %
2026/10/03 17:20:08.188, 3, 47958 MiB, 100 %
2026/10/03 17:20:09.189, 3, 47958 MiB, 100 %
2026/10/03 17:20:10.189, 3, 47958 MiB, 100 %
2026/10/03 17:20:11.189, 3, 47958 MiB, 100 %
2026/10/03 17:20:12.190, 3, 47958 MiB, 100 %
2026/10/03 17:20:13.190, 3, 47958 MiB, 100 %
2026/10/03 17:20:14.190, 3, 47958 MiB, 100 %
2026/10/03 17:20:15.191, 3, 47958 MiB, 100 %
2026/10/03 17:20:16.191, 3, 47958 MiB, 100 %
2026/10/03 17:20:17.191, 3, 47958 MiB, 100 %
2026/10/03 17:20:18.191, 3, 47958 MiB, 100 %
2026/10/03 17:20:19.192, 3, 47958 MiB, 100 %
2026/10/03 17:20:20.192, 3, 47958 MiB, 100 %
2026/10/03 17:20:21.192, 3, 47958 MiB, 100 %
2026/10/03 17:20:22.193, 3, 47958 MiB, 100 %
2026/10/03 17:20:23.193, 3, 47958 MiB, 100 %
2026/10/03 17:20:24.193, 3, 47958 MiB, 100 %
2026/10/03 17:20:25.194, 3, 47958 MiB, 0 %
2026/10/03 17:20:26.194, 3, 47958 MiB, 100 %
2026/10/03 17:20:27.194, 3, 47958 MiB, 100 %
2026/10/03 17:20:28.194, 3, 47958 MiB, 100 %
2026/10/03 17:20:29.195, 3, 47958 MiB, 100 %
2026/10/03 17:20:30.195, 3, 47958 MiB, 100 %
2026/10/03 17:20:31.195, 3, 47958 MiB, 100 %
2026/10/03 17:20:32.196, 3, 47958 MiB, 100 %
2026/10/03 17:20:33.196, 3, 47958 MiB, 100 %
2026/10/03 17:20:34.196, 3, 47958 MiB, 100 %
2026/10/03 17:20:35.197, 3, 47958 MiB, 100 %
2026/10/03 17:20:36.197, 3, 47958 MiB, 100 %
2026/10/03 17:20:37.197, 3, 47958 MiB, 100 %
2026/10/03 17:20:38.198, 3, 47958 MiB, 100 %
2026/10/03 17:20:39.198, 3, 47958 MiB, 100 %
2026/10/03 17:20:40.198, 3, 47958 MiB, 100 %
2026/10/03 17:20:41.199, 3, 47958 MiB, 100 %
2026/10/03 17:20:42.199, 3, 47958 MiB, 100 %
2026/10/03 17:20:43.199, 3, 47958 MiB, 100 %
2026/10/03 17:20:44.200, 3, 47958 MiB, 100 %
2026/10/03 17:20:45.200, 3, 47958 MiB, 100 %
2026/10/03 17:20:46.200, 3, 47958 MiB, 100 %
2026/10/03 17:20:47.201, 3, 47958 MiB, 100 %
2026/10/03 17:20:48.201, 3, 47958 MiB, 100 %
2026/10/03 17:20:49.201, 3, 47958 MiB, 100 %
2026/10/03 17:20:50.201, 3, 47958 MiB, 100 %
2026/10/03 17:20:51.202, 3, 47958 MiB, 100 %
2026/10/03 17:20:52.202, 3, 47958 MiB, 100 %
2026/10/03 17:20:53.202, 3, 47958 MiB, 100 %
2026/10/03 17:20:54.203, 3, 47958 MiB, 100 %
2026/10/03 17:20:55.203, 3, 47958 MiB, 100 %
2026/10/03 17:20:56.203, 3, 47958 MiB, 100 %
2026/10/03 17:20:57.204, 3, 47958 MiB, 100 %
2026/10/03 17:20:58.204, 3, 47958 MiB, 100 %
2026/10/03 17:20:59.204, 3, 47958 MiB, 100 %
2026/10/03 17:21:00.204, 3, 47958 MiB, 100 %
2026/10/03 17:21:01.205, 3, 47958 MiB, 100 %
2026/10/03 17:21:02.205, 3, 47958 MiB, 100 %
2026/10/03 17:21:03.205, 3, 47958 MiB, 100 %
2026/10/03 17:21:04.206, 3, 47958 MiB, 100 %
2026/10/03 17:21:05.206, 3, 47958 MiB, 100 %
2026/10/03 17:21:06.206, 3, 47958 MiB, 100 %
2026/10/03 17:21:07.206, 3, 47958 MiB, 100 %
2026/10/03 17:21:08.207, 3, 47958 MiB, 100 %
2026/10/03 17:21:09.207, 3, 47958 MiB, 100 %
2026/10/03 17:21:10.207, 3, 47958 MiB, 100 %
2026/10/03 17:21:11.208, 3, 47958 MiB, 100 %
2026/10/03 17:21:12.208, 3, 47958 MiB, 100 %
2026/10/03 17:21:13.208, 3, 47958 MiB, 100 %
2026/10/03 17:21:14.209, 3, 47958 MiB, 100 %
2026/10/03 17:21:15.209, 3, 47958 MiB, 100 %
2026/10/03 17:21:16.209, 3, 47958 MiB, 100 %
2026/10/03 17:21:17.210, 3, 47958 MiB, 100 %
2026/10/03 17:21:18.210, 3, 47958 MiB, 100 %
2026/10/03 17:21:19.210, 3, 47958 MiB, 100 %
2026/10/03 17:21:20.210, 3, 47958 MiB, 100 %
2026/10/03 17:21:21.211, 3, 47958 MiB, 100 %
2026/10/03 17:21:22.211, 3, 47958 MiB, 100 %
2026/10/03 17:21:23.211, 3, 47958 MiB, 100 %
2026/10/03 17:21:24.212, 3, 47958 MiB, 100 %
2026/10/03 17:21:25.212, 3, 47958 MiB, 100 %
2026/10/03 17:21:26.212, 3, 47958 MiB, 100 %
2026/10/03 17:21:27.213, 3, 47958 MiB, 100 %
2026/10/03 17:21:28.213, 3, 47958 MiB, 100 %
2026/10/03 17:21:29.213, 3, 47958 MiB, 100 %
2026/10/03 17:21:30.214, 3, 47958 MiB, 100 %
2026/10/03 17:21:31.214, 3, 47958 MiB, 100 %
2026/10/03 17:21:32.214, 3, 47958 MiB, 100 %
2026/10/03 17:21:33.215, 3, 47958 MiB, 100 %
2026/10/03 17:21:34.215, 3, 47958 MiB, 100 %
2026/10/03 17:21:35.215, 3, 47958 MiB, 100 %
2026/10/03 17:21:36.216, 3, 47958 MiB, 100 %
2026/10/03 17:21:37.216, 3, 47958 MiB, 100 %
2026/10/03 17:21:38.216, 3, 47958 MiB, 100 %
2026/10/03 17:21:39.216, 3, 47958 MiB, 100 %
2026/10/03 17:21:40.217, 3, 47958 MiB, 100 %
2026/10/03 17:21:41.217, 3, 47958 MiB, 100 %
2026/10/03 17:21:42.217, 3, 47958 MiB, 100 %
2026/10/03 17:21:43.218, 3, 47958 MiB, 100 %
2026/10/03 17:21:44.218, 3, 47958 MiB, 100 %
2026/10/03 17:21:45.218, 3, 47958 MiB, 100 %
2026/10/03 17:21:46.219, 3, 47958 MiB, 100 %
2026/10/03 17:21:47.219, 3, 47958 MiB, 100 %
2026/10/03 17:21:48.220, 3, 47958 MiB, 100 %
2026/10/03 17:21:49.220, 3, 47958 MiB, 100 %
2026/10/03 17:21:50.221, 3, 47958 MiB, 100 %
2026/10/03 17:21:51.221, 3, 47958 MiB, 100 %
2026/10/03 17:21:52.221, 3, 47958 MiB, 100 %
2026/10/03 17:21:53.222, 3, 47958 MiB, 100 %
2026/10/03 17:21:54.222, 3, 47958 MiB, 100 %
2026/10/03 17:21:55.222, 3, 47958 MiB, 100 %
2026/10/03 17:21:56.223, 3, 47958 MiB, 100 %
2026/10/03 17:21:57.223, 3, 47958 MiB, 100 %
2026/10/03 17:21:58.223, 3, 47958 MiB, 100 %
2026/10/03 17:21:59.224, 3, 47958 MiB, 100 %
2026/10/03 17:22:00.224, 3, 47958 MiB, 100 %
2026/10/03 17:22:01.224, 3, 47958 MiB, 100 %
2026/10/03 17:22:02.225, 3, 47958 MiB, 100 %
2026/10/03 17:22:03.225, 3, 47958 MiB, 100 %
2026/10/03 17:22:04.225, 3, 47958 MiB, 100 %
2026/10/03 17:22:05.226, 3, 47958 MiB, 100 %
2026/10/03 17:22:06.226, 3, 47958 MiB, 100 %
2026/10/03 17:22:07.226, 3, 47958 MiB, 100 %
2026/10/03 17:22:08.226, 3, 47958 MiB, 100 %
2026/10/03 17:22:09.227, 3, 47958 MiB, 100 %
2026/10/03 17:22:10.227, 3, 47958 MiB, 100 %
2026/10/03 17:22:11.227, 3, 47958 MiB, 100 %
2026/10/03 17:22:12.228, 3, 47958 MiB, 100 %
2026/10/03 17:22:13.228, 3, 47958 MiB, 100 %
2026/10/03 17:22:14.228, 3, 47958 MiB, 100 %
2026/10/03 17:22:15.229, 3, 47958 MiB, 100 %
2026/10/03 17:22:16.229, 3, 47958 MiB, 100 %
2026/10/03 17:22:17.229, 3, 47958 MiB, 100 %
2026/10/03 17:22:18.230, 3, 47958 MiB, 100 %
2026/10/03 17:22:19.230, 3, 47958 MiB, 100 %
2026/10/03 17:22:20.230, 3, 47958 MiB, 100 %
2026/10/03 17:22:21.231, 3, 47958 MiB, 100 %
2026/10/03 17:22:22.231, 3, 47958 MiB, 100 %
2026/10/03 17:22:23.231, 3, 47958 MiB, 100 %
2026/10/03 17:22:24.232, 3, 47958 MiB, 100 %
2026/10/03 17:22:25.232, 3, 47958 MiB, 100 %
2026/10/03 17:22:26.232, 3, 47958 MiB, 100 %
2026/10/03 17:22:27.232, 3, 47958 MiB, 100 %
2026/10/03 17:22:28.233, 3, 47958 MiB, 100 %
2026/10/03 17:22:29.233, 3, 47958 MiB, 100 %
2026/10/03 17:22:30.233, 3, 47958 MiB, 100 %
2026/10/03 17:22:31.234, 3, 47958 MiB, 100 %
2026/10/03 17:22:32.234, 3, 47958 MiB, 100 %
2026/10/03 17:22:33.234, 3, 47958 MiB, 100 %
2026/10/03 17:22:34.234, 3, 47958 MiB, 100 %
2026/10/03 17:22:35.235, 3, 47958 MiB, 100 %
2026/10/03 17:22:36.235, 3, 47958 MiB, 100 %
2026/10/03 17:22:37.235, 3, 47958 MiB, 100 %
2026/10/03 17:22:38.236, 3, 47958 MiB, 100 %
2026/10/03 17:22:39.236, 3, 47958 MiB, 100 %
2026/10/03 17:22:40.236, 3, 47958 MiB, 100 %
2026/10/03 17:22:41.237, 3, 47958 MiB, 100 %
2026/10/03 17:22:42.237, 3, 47958 MiB, 100 %
2026/10/03 17:22:43.237, 3, 47958 MiB, 100 %
2026/10/03 17:22:44.238, 3, 47958 MiB, 100 %
2026/10/03 17:22:45.238, 3, 47958 MiB, 100 %
2026/10/03 17:22:46.238, 3, 47958 MiB, 100 %
2026/10/03 17:22:47.239, 3, 47958 MiB, 100 %
2026/10/03 17:22:48.239, 3, 47958 MiB, 100 %
2026/10/03 17:22:49.239, 3, 47958 MiB, 100 %
2026/10/03 17:22:50.240, 3, 47958 MiB, 100 %
2026/10/03 17:22:51.240, 3, 47958 MiB, 100 %
2026/10/03 17:22:52.240, 3, 47958 MiB, 100 %
2026/10/03 17:22:53.241, 3, 47958 MiB, 100 %
2026/10/03 17:22:54.241, 3, 47958 MiB, 100 %
2026/10/03 17:22:55.241, 3, 47958 MiB, 100 %
2026/10/03 17:22:56.241, 3, 47958 MiB, 100 %
2026/10/03 17:22:57.242, 3, 47958 MiB, 100 %
2026/10/03 17:22:58.242, 3, 47958 MiB, 100 %
2026/10/03 17:22:59.242, 3, 47958 MiB, 100 %
2026/10/03 17:23:00.243, 3, 47958 MiB, 100 %
2026/10/03 17:23:01.243, 3, 47958 MiB, 100 %
2026/10/03 17:23:02.243, 3, 47958 MiB, 100 %
2026/10/03 17:23:03.244, 3, 47958 MiB, 100 %
2026/10/03 17:23:04.244, 3, 47958 MiB, 100 %
2026/10/03 17:23:05.244, 3, 47958 MiB, 100 %
2026/10/03 17:23:06.245, 3, 47958 MiB, 100 %
2026/10/03 17:23:07.245, 3, 47958 MiB, 100 %
2026/10/03 17:23:08.245, 3, 47958 MiB, 100 %
2026/10/03 17:23:09.246, 3, 47958 MiB, 100 %
2026/10/03 17:23:10.246, 3, 47958 MiB, 100 %
2026/10/03 17:23:11.246, 3, 47958 MiB, 100 %
2026/10/03 17:23:12.247, 3, 47958 MiB, 100 %
2026/10/03 17:23:13.247, 3, 47958 MiB, 100 %
2026/10/03 17:23:14.247, 3, 47958 MiB, 100 %
2026/10/03 17:23:15.248, 3, 47958 MiB, 100 %
2026/10/03 17:23:16.248, 3, 47958 MiB, 100 %
2026/10/03 17:23:17.248, 3, 47958 MiB, 100 %
2026/10/03 17:23:18.249, 3, 47958 MiB, 100 %
2026/10/03 17:23:19.249, 3, 47958 MiB, 100 %
2026/10/03 17:23:20.249, 3, 47958 MiB, 100 %
2026/10/03 17:23:21.250, 3, 47958 MiB, 100 %
2026/10/03 17:23:22.250, 3, 47958 MiB, 100 %
2026/10/03 17:23:23.250, 3, 47958 MiB, 100 %
2026/10/03 17:23:24.250, 3, 47958 MiB, 100 %
2026/10/03 17:23:25.251, 3, 47958 MiB, 100 %
2026/10/03 17:23:26.251, 3, 47958 MiB, 100 %
2026/10/03 17:23:27.251, 3, 47958 MiB, 100 %
2026/10/03 17:23:28.252, 3, 47958 MiB, 100 %
2026/10/03 17:23:29.252, 3, 47958 MiB, 100 %
2026/10/03 17:23:30.252, 3, 47958 MiB, 100 %
2026/10/03 17:23:31.253, 3, 47958 MiB, 100 %
2026/10/03 17:23:32.253, 3, 47958 MiB, 100 %
2026/10/03 17:23:33.253, 3, 47958 MiB, 100 %
2026/10/03 17:23:34.254, 3, 47958 MiB, 100 %
2026/10/03 17:23:35.254, 3, 47958 MiB, 100 %
2026/10/03 17:23:36.254, 3, 47958 MiB, 100 %
2026/10/03 17:23:37.255, 3, 47958 MiB, 100 %
2026/10/03 17:23:38.255, 3, 47958 MiB, 100 %
2026/10/03 17:23:39.255, 3, 47958 MiB, 100 %
2026/10/03 17:23:40.256, 3, 47958 MiB, 100 %
2026/10/03 17:23:41.256, 3, 47958 MiB, 100 %
2026/10/03 17:23:42.256, 3, 47958 MiB, 100 %
2026/10/03 17:23:43.257, 3, 47958 MiB, 100 %
2026/10/03 17:23:44.257, 3, 47958 MiB, 100 %
2026/10/03 17:23:45.257, 3, 47958 MiB, 100 %
2026/10/03 17:23:46.257, 3, 47958 MiB, 100 %
2026/10/03 17:23:47.258, 3, 47958 MiB, 100 %
2026/10/03 17:23:48.258, 3, 47958 MiB, 100 %
2026/10/03 17:23:49.258, 3, 47958 MiB, 100 %
2026/10/03 17:23:50.258, 3, 47958 MiB, 100 %
2026/10/03 17:23:51.259, 3, 47958 MiB, 100 %
2026/10/03 17:23:52.259, 3, 47958 MiB, 100 %
2026/10/03 17:23:53.259, 3, 47958 MiB, 100 %
2026/10/03 17:23:54.260, 3, 47958 MiB, 100 %
2026/10/03 17:23:55.260, 3, 47958 MiB, 100 %
2026/10/03 17:23:56.260, 3, 47958 MiB, 100 %
2026/10/03 17:23:57.260, 3, 47958 MiB, 100 %
2026/10/03 17:23:58.261, 3, 47958 MiB, 100 %
2026/10/03 17:23:59.261, 3, 47958 MiB, 100 %
2026/10/03 17:24:00.261, 3, 47958 MiB, 100 %
2026/10/03 17:24:01.262, 3, 47958 MiB, 100 %
2026/10/03 17:24:02.262, 3, 47958 MiB, 100 %
2026/10/03 17:24:03.262, 3, 47958 MiB, 100 %
2026/10/03 17:24:04.263, 3, 47958 MiB, 100 %
2026/10/03 17:24:05.263, 3, 47958 MiB, 100 %
2026/10/03 17:24:06.263, 3, 47958 MiB, 100 %
2026/10/03 17:24:07.263, 3, 47958 MiB, 100 %
2026/10/03 17:24:08.264, 3, 47958 MiB, 100 %
2026/10/03 17:24:09.264, 3, 47958 MiB, 100 %
2026/10/03 17:24:10.264, 3, 47958 MiB, 100 %
2026/10/03 17:24:11.265, 3, 47958 MiB, 100 %
2026/10/03 17:24:12.265, 3, 47958 MiB, 100 %
2026/10/03 17:24:13.265, 3, 47958 MiB, 100 %
2026/10/03 17:24:14.266, 3, 47958 MiB, 100 %
2026/10/03 17:24:15.266, 3, 47958 MiB, 100 %
2026/10/03 17:24:16.266, 3, 47958 MiB, 100 %
2026/10/03 17:24:17.267, 3, 47958 MiB, 100 %
2026/10/03 17:24:18.267, 3, 47958 MiB, 100 %
2026/10/03 17:24:19.267, 3, 47958 MiB, 100 %
2026/10/03 17:24:20.268, 3, 47958 MiB, 100 %
2026/10/03 17:24:21.268, 3, 47958 MiB, 100 %
2026/10/03 17:24:22.268, 3, 47958 MiB, 100 %
2026/10/03 17:24:23.269, 3, 47958 MiB, 100 %
2026/10/03 17:24:24.269, 3, 47958 MiB, 100 %
2026/10/03 17:24:25.269, 3, 47958 MiB, 100 %
2026/10/03 17:24:26.270, 3, 47958 MiB, 100 %
2026/10/03 17:24:27.270, 3, 47958 MiB, 100 %
2026/10/03 17:24:28.270, 3, 47958 MiB, 100 %
2026/10/03 17:24:29.271, 3, 47958 MiB, 100 %
2026/10/03 17:24:30.271, 3, 47958 MiB, 100 %
2026/10/03 17:24:31.271, 3, 47958 MiB, 100 %
2026/10/03 17:24:32.271, 3, 47958 MiB, 100 %
2026/10/03 17:24:33.272, 3, 47958 MiB, 100 %
2026/10/03 17:24:34.272, 3, 47958 MiB, 100 %
2026/10/03 17:24:35.272, 3, 47958 MiB, 100 %
2026/10/03 17:24:36.273, 3, 47958 MiB, 100 %
2026/10/03 17:24:37.273, 3, 47958 MiB, 100 %
2026/10/03 17:24:38.273, 3, 47958 MiB, 100 %
2026/10/03 17:24:39.274, 3, 47958 MiB, 100 %
2026/10/03 17:24:40.274, 3, 47958 MiB, 100 %
2026/10/03 17:24:41.274, 3, 47958 MiB, 100 %
2026/10/03 17:24:42.275, 3, 47958 MiB, 100 %
2026/10/03 17:24:43.275, 3, 47958 MiB, 100 %
2026/10/03 17:24:44.275, 3, 47958 MiB, 100 %
2026/10/03 17:24:45.276, 3, 47958 MiB, 100 %
2026/10/03 17:24:46.276, 3, 47958 MiB, 98 %
2026/10/03 17:24:47.276, 3, 47958 MiB, 100 %
2026/10/03 17:24:48.277, 3, 47958 MiB, 100 %
2026/10/03 17:24:49.277, 3, 47958 MiB, 100 %
2026/10/03 17:24:50.277, 3, 47958 MiB, 100 %
2026/10/03 17:24:51.278, 3, 47958 MiB, 100 %
2026/10/03 17:24:52.278, 3, 47958 MiB, 100 %
2026/10/03 17:24:53.278, 3, 47958 MiB, 100 %
2026/10/03 17:24:54.278, 3, 47958 MiB, 100 %
2026/10/03 17:24:55.279, 3, 47958 MiB, 100 %
2026/10/03 17:24:56.279, 3, 47958 MiB, 100 %
2026/10/03 17:24:57.279, 3, 47958 MiB, 100 %
2026/10/03 17:24:58.279, 3, 47958 MiB, 100 %
2026/10/03 17:24:59.280, 3, 47958 MiB, 100 %
2026/10/03 17:25:00.280, 3, 47958 MiB, 100 %
2026/10/03 17:25:01.280, 3, 47958 MiB, 100 %
2026/10/03 17:25:02.280, 3, 47958 MiB, 100 %
2026/10/03 17:25:03.281, 3, 47958 MiB, 100 %
2026/10/03 17:25:04.281, 3, 47958 MiB, 100 %
2026/10/03 17:25:05.281, 3, 47958 MiB, 100 %
2026/10/03 17:25:06.282, 3, 47958 MiB, 100 %
2026/10/03 17:25:07.282, 3, 47958 MiB, 100 %
2026/10/03 17:25:08.282, 3, 47958 MiB, 100 %
2026/10/03 17:25:09.282, 3, 47958 MiB, 100 %
2026/10/03 17:25:10.283, 3, 47958 MiB, 100 %
2026/10/03 17:25:11.283, 3, 47958 MiB, 100 %
2026/10/03 17:25:12.283, 3, 47958 MiB, 100 %
2026/10/03 17:25:13.284, 3, 47958 MiB, 100 %
2026/10/03 17:25:14.284, 3, 47958 MiB, 100 %
2026/10/03 17:25:15.285, 3, 47958 MiB, 100 %
2026/10/03 17:25:16.285, 3, 47958 MiB, 100 %
2026/10/03 17:25:17.286, 3, 47958 MiB, 100 %
2026/10/03 17:25:18.286, 3, 47958 MiB, 100 %
2026/10/03 17:25:19.286, 3, 47958 MiB, 100 %
2026/10/03 17:25:20.287, 3, 47958 MiB, 100 %
2026/10/03 17:25:21.287, 3, 47958 MiB, 100 %
2026/10/03 17:25:22.288, 3, 47958 MiB, 100 %
2026/10/03 17:25:23.288, 3, 47958 MiB, 100 %
2026/10/03 17:25:24.288, 3, 47958 MiB, 100 %
2026/10/03 17:25:25.289, 3, 47958 MiB, 100 %
2026/10/03 17:25:26.290, 3, 47958 MiB, 100 %
2026/10/03 17:25:27.290, 3, 47958 MiB, 100 %
2026/10/03 17:25:28.290, 3, 47958 MiB, 100 %
2026/10/03 17:25:29.290, 3, 47958 MiB, 100 %
2026/10/03 17:25:30.291, 3, 47958 MiB, 100 %
2026/10/03 17:25:31.291, 3, 47958 MiB, 100 %
2026/10/03 17:25:32.291, 3, 47958 MiB, 100 %
2026/10/03 17:25:33.292, 3, 47958 MiB, 100 %
2026/10/03 17:25:34.292, 3, 47958 MiB, 100 %
2026/10/03 17:25:35.292, 3, 47958 MiB, 100 %
2026/10/03 17:25:36.293, 3, 47958 MiB, 100 %
2026/10/03 17:25:37.293, 3, 47958 MiB, 100 %
2026/10/03 17:25:38.293, 3, 47958 MiB, 100 %
2026/10/03 17:25:39.293, 3, 47958 MiB, 100 %
2026/10/03 17:25:40.294, 3, 47958 MiB, 100 %
2026/10/03 17:25:41.294, 3, 47958 MiB, 100 %
2026/10/03 17:25:42.294, 3, 47958 MiB, 100 %
2026/10/03 17:25:43.295, 3, 47958 MiB, 100 %
2026/10/03 17:25:44.295, 3, 47958 MiB, 100 %
2026/10/03 17:25:45.295, 3, 47958 MiB, 100 %
2026/10/03 17:25:46.296, 3, 47958 MiB, 97 %
2026/10/03 17:25:47.296, 3, 47958 MiB, 100 %
2026/10/03 17:25:48.296, 3, 47958 MiB, 100 %
2026/10/03 17:25:49.296, 3, 47958 MiB, 100 %
2026/10/03 17:25:50.297, 3, 47958 MiB, 100 %
2026/10/03 17:25:51.297, 3, 47958 MiB, 100 %
2026/10/03 17:25:52.297, 3, 47958 MiB, 100 %
2026/10/03 17:25:53.298, 3, 47958 MiB, 100 %
2026/10/03 17:25:54.298, 3, 47958 MiB, 100 %
2026/10/03 17:25:55.298, 3, 47958 MiB, 100 %
2026/10/03 17:25:56.299, 3, 47958 MiB, 100 %
2026/10/03 17:25:57.299, 3, 47958 MiB, 100 %
2026/10/03 17:25:58.299, 3, 47958 MiB, 100 %
2026/10/03 17:25:59.300, 3, 47958 MiB, 100 %
2026/10/03 17:26:00.300, 3, 47958 MiB, 100 %
2026/10/03 17:26:01.300, 3, 47958 MiB, 100 %
2026/10/03 17:26:02.300, 3, 47958 MiB, 100 %
2026/10/03 17:26:03.301, 3, 47958 MiB, 100 %
2026/10/03 17:26:04.301, 3, 47958 MiB, 100 %
2026/10/03 17:26:05.301, 3, 47958 MiB, 100 %
2026/10/03 17:26:06.302, 3, 47958 MiB, 100 %
2026/10/03 17:26:07.302, 3, 47958 MiB, 100 %
2026/10/03 17:26:08.302, 3, 47958 MiB, 100 %
2026/10/03 17:26:09.302, 3, 47958 MiB, 100 %
2026/10/03 17:26:10.302, 3, 47958 MiB, 100 %
2026/10/03 17:26:11.303, 3, 47958 MiB, 100 %
2026/10/03 17:26:12.303, 3, 47958 MiB, 100 %
2026/10/03 17:26:13.303, 3, 47958 MiB, 100 %
2026/10/03 17:26:14.304, 3, 47958 MiB, 100 %
2026/10/03 17:26:15.304, 3, 47958 MiB, 100 %
2026/10/03 17:26:16.305, 3, 47958 MiB, 100 %
2026/10/03 17:26:17.305, 3, 47958 MiB, 100 %
2026/10/03 17:26:18.305, 3, 47958 MiB, 100 %
2026/10/03 17:26:19.306, 3, 47958 MiB, 100 %
2026/10/03 17:26:20.306, 3, 47958 MiB, 100 %
2026/10/03 17:26:21.306, 3, 47958 MiB, 100 %
2026/10/03 17:26:22.307, 3, 47958 MiB, 100 %
2026/10/03 17:26:23.307, 3, 47958 MiB, 100 %
2026/10/03 17:26:24.307, 3, 47958 MiB, 100 %
2026/10/03 17:26:25.308, 3, 47958 MiB, 100 %
2026/10/03 17:26:26.308, 3, 47958 MiB, 100 %
2026/10/03 17:26:27.308, 3, 47958 MiB, 100 %
2026/10/03 17:26:28.309, 3, 47958 MiB, 100 %
2026/10/03 17:26:29.309, 3, 47958 MiB, 100 %
2026/10/03 17:26:30.309, 3, 47958 MiB, 100 %
2026/10/03 17:26:31.310, 3, 47958 MiB, 100 %
2026/10/03 17:26:32.310, 3, 47958 MiB, 100 %
2026/10/03 17:26:33.310, 3, 47958 MiB, 100 %
2026/10/03 17:26:34.311, 3, 47958 MiB, 100 %
2026/10/03 17:26:35.311, 3, 47958 MiB, 100 %
2026/10/03 17:26:36.311, 3, 47958 MiB, 100 %
2026/10/03 17:26:37.312, 3, 47958 MiB, 100 %
2026/10/03 17:26:38.312, 3, 47958 MiB, 100 %
2026/10/03 17:26:39.312, 3, 47958 MiB, 100 %
2026/10/03 17:26:40.313, 3, 47958 MiB, 100 %
2026/10/03 17:26:41.313, 3, 47958 MiB, 100 %
2026/10/03 17:26:42.313, 3, 47958 MiB, 100 %
2026/10/03 17:26:43.313, 3, 47958 MiB, 100 %
2026/10/03 17:26:44.314, 3, 47958 MiB, 100 %
2026/10/03 17:26:45.314, 3, 47958 MiB, 100 %
2026/10/03 17:26:46.314, 3, 47958 MiB, 100 %
2026/10/03 17:26:47.315, 3, 47958 MiB, 100 %
2026/10/03 17:26:48.315, 3, 47958 MiB, 100 %
2026/10/03 17:26:49.315, 3, 47958 MiB, 100 %
2026/10/03 17:26:50.316, 3, 47958 MiB, 100 %
2026/10/03 17:26:51.316, 3, 47958 MiB, 100 %
2026/10/03 17:26:52.317, 3, 47958 MiB, 100 %
2026/10/03 17:26:53.317, 3, 47958 MiB, 100 %
2026/10/03 17:26:54.317, 3, 47958 MiB, 100 %
2026/10/03 17:26:55.317, 3, 47958 MiB, 100 %
2026/10/03 17:26:56.318, 3, 47958 MiB, 100 %
2026/10/03 17:26:57.318, 3, 47958 MiB, 100 %
2026/10/03 17:26:58.319, 3, 47958 MiB, 100 %
2026/10/03 17:26:59.319, 3, 47958 MiB, 100 %
2026/10/03 17:27:00.319, 3, 47958 MiB, 100 %
2026/10/03 17:27:01.319, 3, 47958 MiB, 100 %
2026/10/03 17:27:02.320, 3, 47958 MiB, 100 %
2026/10/03 17:27:03.320, 3, 47958 MiB, 100 %
2026/10/03 17:27:04.320, 3, 47958 MiB, 100 %
2026/10/03 17:27:05.321, 3, 47958 MiB, 100 %
2026/10/03 17:27:06.321, 3, 47958 MiB, 100 %
2026/10/03 17:27:07.321, 3, 47958 MiB, 100 %
2026/10/03 17:27:08.322, 3, 47958 MiB, 100 %
2026/10/03 17:27:09.322, 3, 47958 MiB, 100 %
2026/10/03 17:27:10.322, 3, 47958 MiB, 100 %
2026/10/03 17:27:11.323, 3, 47958 MiB, 100 %
2026/10/03 17:27:12.323, 3, 47958 MiB, 100 %
2026/10/03 17:27:13.323, 3, 47958 MiB, 100 %
2026/10/03 17:27:14.324, 3, 47958 MiB, 100 %
2026/10/03 17:27:15.324, 3, 47958 MiB, 100 %
2026/10/03 17:27:16.324, 3, 47958 MiB, 100 %
2026/10/03 17:27:17.325, 3, 47958 MiB, 100 %
2026/10/03 17:27:18.325, 3, 47958 MiB, 100 %
2026/10/03 17:27:19.325, 3, 47958 MiB, 100 %
2026/10/03 17:27:20.326, 3, 47958 MiB, 100 %
2026/10/03 17:27:21.326, 3, 47958 MiB, 100 %
2026/10/03 17:27:22.326, 3, 47958 MiB, 100 %
2026/10/03 17:27:23.327, 3, 47958 MiB, 100 %
2026/10/03 17:27:24.327, 3, 47958 MiB, 100 %
2026/10/03 17:27:25.327, 3, 47958 MiB, 100 %
2026/10/03 17:27:26.328, 3, 47958 MiB, 100 %
2026/10/03 17:27:27.328, 3, 47958 MiB, 100 %
2026/10/03 17:27:28.328, 3, 47958 MiB, 100 %
2026/10/03 17:27:29.329, 3, 47958 MiB, 100 %
2026/10/03 17:27:30.329, 3, 47958 MiB, 100 %
2026/10/03 17:27:31.329, 3, 47958 MiB, 100 %
2026/10/03 17:27:32.330, 3, 47958 MiB, 100 %
2026/10/03 17:27:33.330, 3, 47958 MiB, 100 %
2026/10/03 17:27:34.330, 3, 47958 MiB, 100 %
2026/10/03 17:27:35.331, 3, 47958 MiB, 100 %
2026/10/03 17:27:36.331, 3, 47958 MiB, 100 %
2026/10/03 17:27:37.331, 3, 47958 MiB, 100 %
2026/10/03 17:27:38.332, 3, 47958 MiB, 100 %
2026/10/03 17:27:39.332, 3, 47958 MiB, 100 %
2026/10/03 17:27:40.332, 3, 47958 MiB, 100 %
2026/10/03 17:27:41.333, 3, 47958 MiB, 100 %
2026/10/03 17:27:42.333, 3, 47958 MiB, 100 %
2026/10/03 17:27:43.333, 3, 47958 MiB, 100 %
2026/10/03 17:27:44.334, 3, 47958 MiB, 100 %
2026/10/03 17:27:45.334, 3, 47958 MiB, 100 %
2026/10/03 17:27:46.334, 3, 47958 MiB, 100 %
2026/10/03 17:27:47.335, 3, 47958 MiB, 100 %
2026/10/03 17:27:48.335, 3, 47958 MiB, 100 %
2026/10/03 17:27:49.335, 3, 47958 MiB, 100 %
2026/10/03 17:27:50.336, 3, 47958 MiB, 100 %
2026/10/03 17:27:51.336, 3, 47958 MiB, 100 %
2026/10/03 17:27:52.336, 3, 47958 MiB, 100 %
2026/10/03 17:27:53.337, 3, 47958 MiB, 100 %
2026/10/03 17:27:54.337, 3, 47958 MiB, 100 %
2026/10/03 17:27:55.337, 3, 47958 MiB, 100 %
2026/10/03 17:27:56.338, 3, 47958 MiB, 100 %
2026/10/03 17:27:57.338, 3, 47958 MiB, 100 %
2026/10/03 17:27:58.338, 3, 47958 MiB, 100 %
2026/10/03 17:27:59.338, 3, 47958 MiB, 100 %
2026/10/03 17:28:00.339, 3, 47958 MiB, 100 %
2026/10/03 17:28:01.339, 3, 47958 MiB, 100 %
2026/10/03 17:28:02.339, 3, 47958 MiB, 100 %
2026/10/03 17:28:03.340, 3, 47958 MiB, 100 %
2026/10/03 17:28:04.340, 3, 47958 MiB, 100 %
2026/10/03 17:28:05.341, 3, 47958 MiB, 100 %
2026/10/03 17:28:06.341, 3, 47958 MiB, 100 %
2026/10/03 17:28:07.341, 3, 47958 MiB, 100 %
2026/10/03 17:28:08.343, 3, 47958 MiB, 100 %
2026/10/03 17:28:09.343, 3, 47958 MiB, 100 %
2026/10/03 17:28:10.343, 3, 47958 MiB, 100 %
2026/10/03 17:28:11.344, 3, 47958 MiB, 100 %
2026/10/03 17:28:12.344, 3, 47958 MiB, 100 %
2026/10/03 17:28:13.345, 3, 47958 MiB, 100 %
2026/10/03 17:28:14.345, 3, 47958 MiB, 100 %
2026/10/03 17:28:15.345, 3, 47958 MiB, 100 %
2026/10/03 17:28:16.346, 3, 47958 MiB, 100 %
2026/10/03 17:28:17.346, 3, 47958 MiB, 100 %
2026/10/03 17:28:18.347, 3, 47958 MiB, 100 %
2026/10/03 17:28:19.348, 3, 47958 MiB, 100 %
2026/10/03 17:28:20.348, 3, 47958 MiB, 100 %
2026/10/03 17:28:21.348, 3, 47958 MiB, 100 %
2026/10/03 17:28:22.349, 3, 47958 MiB, 100 %
2026/10/03 17:28:23.350, 3, 47958 MiB, 100 %
2026/10/03 17:28:24.351, 3, 47958 MiB, 100 %
2026/10/03 17:28:25.351, 3, 47958 MiB, 100 %
2026/10/03 17:28:26.351, 3, 47958 MiB, 100 %
2026/10/03 17:28:27.351, 3, 47958 MiB, 100 %
2026/10/03 17:28:28.353, 3, 47958 MiB, 100 %
2026/10/03 17:28:29.354, 3, 47958 MiB, 100 %
2026/10/03 17:28:30.354, 3, 47958 MiB, 100 %
2026/10/03 17:28:31.354, 3, 47958 MiB, 100 %
2026/10/03 17:28:32.355, 3, 47958 MiB, 100 %
2026/10/03 17:28:33.355, 3, 47958 MiB, 100 %
2026/10/03 17:28:34.355, 3, 47958 MiB, 100 %
2026/10/03 17:28:35.356, 3, 47958 MiB, 100 %
2026/10/03 17:28:36.356, 3, 47958 MiB, 100 %
2026/10/03 17:28:37.356, 3, 47958 MiB, 100 %
2026/10/03 17:28:38.357, 3, 47958 MiB, 100 %
2026/10/03 17:28:39.357, 3, 47958 MiB, 0 %
2026/10/03 17:28:40.357, 3, 47958 MiB, 99 %
2026/10/03 17:28:41.358, 3, 47958 MiB, 100 %
2026/10/03 17:28:42.358, 3, 47958 MiB, 100 %
2026/10/03 17:28:43.358, 3, 47958 MiB, 100 %
2026/10/03 17:28:44.359, 3, 47958 MiB, 100 %
2026/10/03 17:28:45.359, 3, 47958 MiB, 100 %
2026/10/03 17:28:46.359, 3, 47958 MiB, 100 %
2026/10/03 17:28:47.360, 3, 47958 MiB, 100 %
2026/10/03 17:28:48.360, 3, 47958 MiB, 100 %
2026/10/03 17:28:49.360, 3, 47958 MiB, 100 %
2026/10/03 17:28:50.361, 3, 47958 MiB, 100 %
2026/10/03 17:28:51.361, 3, 47958 MiB, 100 %
2026/10/03 17:28:52.361, 3, 47958 MiB, 100 %
2026/10/03 17:28:53.362, 3, 47958 MiB, 100 %
2026/10/03 17:28:54.362, 3, 47958 MiB, 100 %
2026/10/03 17:28:55.362, 3, 47958 MiB, 100 %
2026/10/03 17:28:56.363, 3, 47958 MiB, 100 %
2026/10/03 17:28:57.363, 3, 47958 MiB, 100 %
2026/10/03 17:28:58.363, 3, 47958 MiB, 100 %
2026/10/03 17:28:59.364, 3, 47958 MiB, 100 %
2026/10/03 17:29:00.364, 3, 47958 MiB, 100 %
2026/10/03 17:29:01.364, 3, 47958 MiB, 100 %
2026/10/03 17:29:02.365, 3, 47958 MiB, 100 %
2026/10/03 17:29:03.365, 3, 47958 MiB, 100 %
2026/10/03 17:29:04.365, 3, 47958 MiB, 100 %
2026/10/03 17:29:05.366, 3, 47958 MiB, 100 %
2026/10/03 17:29:06.366, 3, 47958 MiB, 100 %
2026/10/03 17:29:07.366, 3, 47958 MiB, 100 %
2026/10/03 17:29:08.367, 3, 47958 MiB, 100 %
2026/10/03 17:29:09.367, 3, 47958 MiB, 100 %
2026/10/03 17:29:10.367, 3, 47958 MiB, 100 %
2026/10/03 17:29:11.368, 3, 47958 MiB, 100 %
2026/10/03 17:29:12.368, 3, 47958 MiB, 100 %
2026/10/03 17:29:13.368, 3, 47958 MiB, 100 %
2026/10/03 17:29:14.369, 3, 47958 MiB, 100 %
2026/10/03 17:29:15.369, 3, 47958 MiB, 100 %
2026/10/03 17:29:16.369, 3, 47958 MiB, 100 %
2026/10/03 17:29:17.370, 3, 47958 MiB, 100 %
2026/10/03 17:29:18.370, 3, 47958 MiB, 100 %
2026/10/03 17:29:19.370, 3, 47958 MiB, 100 %
2026/10/03 17:29:20.371, 3, 47958 MiB, 100 %
2026/10/03 17:29:21.371, 3, 47958 MiB, 100 %
2026/10/03 17:29:22.371, 3, 47958 MiB, 100 %
2026/10/03 17:29:23.372, 3, 47958 MiB, 100 %
2026/10/03 17:29:24.372, 3, 47958 MiB, 100 %
2026/10/03 17:29:25.372, 3, 47958 MiB, 100 %
2026/10/03 17:29:26.372, 3, 47958 MiB, 100 %
2026/10/03 17:29:27.373, 3, 47958 MiB, 100 %
2026/10/03 17:29:28.373, 3, 47958 MiB, 100 %
2026/10/03 17:29:29.373, 3, 47958 MiB, 100 %
2026/10/03 17:29:30.374, 3, 47958 MiB, 100 %
2026/10/03 17:29:31.374, 3, 47958 MiB, 100 %
2026/10/03 17:29:32.374, 3, 47958 MiB, 100 %
2026/10/03 17:29:33.375, 3, 47958 MiB, 100 %
2026/10/03 17:29:34.375, 3, 47958 MiB, 100 %
2026/10/03 17:29:35.375, 3, 47958 MiB, 100 %
2026/10/03 17:29:36.375, 3, 47958 MiB, 100 %
2026/10/03 17:29:37.376, 3, 47958 MiB, 100 %
2026/10/03 17:29:38.376, 3, 47958 MiB, 100 %
2026/10/03 17:29:39.376, 3, 47958 MiB, 100 %
2026/10/03 17:29:40.377, 3, 47958 MiB, 100 %
2026/10/03 17:29:41.377, 3, 47958 MiB, 100 %
2026/10/03 17:29:42.378, 3, 47958 MiB, 100 %
2026/10/03 17:29:43.379, 3, 47958 MiB, 100 %
2026/10/03 17:29:44.379, 3, 47958 MiB, 100 %
2026/10/03 17:29:45.379, 3, 47958 MiB, 100 %
2026/10/03 17:29:46.380, 3, 47958 MiB, 100 %
2026/10/03 17:29:47.381, 3, 47958 MiB, 100 %
2026/10/03 17:29:48.381, 3, 47958 MiB, 100 %
2026/10/03 17:29:49.382, 3, 47958 MiB, 100 %
2026/10/03 17:29:50.382, 3, 47958 MiB, 100 %
2026/10/03 17:29:51.382, 3, 47958 MiB, 100 %
2026/10/03 17:29:52.383, 3, 47958 MiB, 100 %
2026/10/03 17:29:53.383, 3, 47958 MiB, 100 %
2026/10/03 17:29:54.383, 3, 47958 MiB, 100 %
2026/10/03 17:29:55.383, 3, 47958 MiB, 100 %
2026/10/03 17:29:56.384, 3, 47958 MiB, 100 %
2026/10/03 17:29:57.385, 3, 47958 MiB, 100 %
2026/10/03 17:29:58.386, 3, 47958 MiB, 100 %
2026/10/03 17:29:59.386, 3, 47958 MiB, 100 %
2026/10/03 17:30:00.386, 3, 47958 MiB, 100 %
2026/10/03 17:30:01.386, 3, 47958 MiB, 100 %
2026/10/03 17:30:02.387, 3, 47958 MiB, 100 %
2026/10/03 17:30:03.387, 3, 47958 MiB, 100 %
2026/10/03 17:30:04.387, 3, 47958 MiB, 100 %
2026/10/03 17:30:05.388, 3, 47958 MiB, 100 %
2026/10/03 17:30:06.388, 3, 47958 MiB, 100 %
2026/10/03 17:30:07.388, 3, 47958 MiB, 100 %
2026/10/03 17:30:08.388, 3, 47958 MiB, 100 %
2026/10/03 17:30:09.389, 3, 47958 MiB, 100 %
2026/10/03 17:30:10.389, 3, 47958 MiB, 100 %
2026/10/03 17:30:11.389, 3, 47958 MiB, 100 %
2026/10/03 17:30:12.390, 3, 47958 MiB, 100 %
2026/10/03 17:30:13.390, 3, 47958 MiB, 100 %
2026/10/03 17:30:14.390, 3, 47958 MiB, 100 %
2026/10/03 17:30:15.391, 3, 47958 MiB, 100 %
2026/10/03 17:30:16.391, 3, 47958 MiB, 100 %
2026/10/03 17:30:17.391, 3, 47958 MiB, 100 %
2026/10/03 17:30:18.391, 3, 47958 MiB, 100 %
2026/10/03 17:30:19.392, 3, 47958 MiB, 100 %
2026/10/03 17:30:20.392, 3, 47958 MiB, 100 %
2026/10/03 17:30:21.392, 3, 47958 MiB, 100 %
2026/10/03 17:30:22.393, 3, 47958 MiB, 100 %
2026/10/03 17:30:23.393, 3, 47958 MiB, 100 %
2026/10/03 17:30:24.393, 3, 47958 MiB, 99 %
2026/10/03 17:30:25.394, 3, 47958 MiB, 100 %
2026/10/03 17:30:26.394, 3, 47958 MiB, 100 %
2026/10/03 17:30:27.394, 3, 47958 MiB, 100 %
2026/10/03 17:30:28.395, 3, 47958 MiB, 100 %
2026/10/03 17:30:29.395, 3, 47958 MiB, 100 %
2026/10/03 17:30:30.395, 3, 47958 MiB, 100 %
2026/10/03 17:30:31.396, 3, 47958 MiB, 100 %
2026/10/03 17:30:32.396, 3, 47958 MiB, 100 %
2026/10/03 17:30:33.396, 3, 47958 MiB, 100 %
2026/10/03 17:30:34.397, 3, 47958 MiB, 100 %
2026/10/03 17:30:35.397, 3, 47958 MiB, 100 %
2026/10/03 17:30:36.397, 3, 47958 MiB, 100 %
2026/10/03 17:30:37.398, 3, 47958 MiB, 100 %
2026/10/03 17:30:38.398, 3, 47958 MiB, 100 %
2026/10/03 17:30:39.398, 3, 47958 MiB, 100 %
2026/10/03 17:30:40.398, 3, 47958 MiB, 100 %
2026/10/03 17:30:41.399, 3, 47958 MiB, 100 %
2026/10/03 17:30:42.399, 3, 47958 MiB, 100 %
2026/10/03 17:30:43.399, 3, 47958 MiB, 100 %
2026/10/03 17:30:44.400, 3, 47958 MiB, 100 %
2026/10/03 17:30:45.400, 3, 47958 MiB, 100 %
2026/10/03 17:30:46.400, 3, 47958 MiB, 100 %
2026/10/03 17:30:47.401, 3, 47958 MiB, 100 %
2026/10/03 17:30:48.401, 3, 47958 MiB, 100 %
2026/10/03 17:30:49.401, 3, 47958 MiB, 100 %
2026/10/03 17:30:50.402, 3, 47958 MiB, 100 %
2026/10/03 17:30:51.402, 3, 47958 MiB, 100 %
2026/10/03 17:30:52.402, 3, 47958 MiB, 100 %
2026/10/03 17:30:53.403, 3, 47958 MiB, 100 %
2026/10/03 17:30:54.403, 3, 47958 MiB, 100 %
2026/10/03 17:30:55.403, 3, 47958 MiB, 100 %
2026/10/03 17:30:56.403, 3, 47958 MiB, 100 %
2026/10/03 17:30:57.404, 3, 47958 MiB, 100 %
2026/10/03 17:30:58.404, 3, 47958 MiB, 100 %
2026/10/03 17:30:59.404, 3, 47958 MiB, 100 %
2026/10/03 17:31:00.405, 3, 47958 MiB, 100 %
2026/10/03 17:31:01.405, 3, 47958 MiB, 100 %
2026/10/03 17:31:02.405, 3, 47958 MiB, 100 %
2026/10/03 17:31:03.406, 3, 47958 MiB, 100 %
2026/10/03 17:31:04.406, 3, 47958 MiB, 100 %
2026/10/03 17:31:05.406, 3, 47958 MiB, 100 %
2026/10/03 17:31:06.407, 3, 47958 MiB, 100 %
2026/10/03 17:31:07.407, 3, 47958 MiB, 100 %
2026/10/03 17:31:08.407, 3, 47958 MiB, 100 %
2026/10/03 17:31:09.408, 3, 47958 MiB, 100 %
2026/10/03 17:31:10.408, 3, 47958 MiB, 100 %
2026/10/03 17:31:11.408, 3, 47958 MiB, 100 %
2026/10/03 17:31:12.409, 3, 47958 MiB, 100 %
2026/10/03 17:31:13.409, 3, 47958 MiB, 100 %
2026/10/03 17:31:14.409, 3, 47958 MiB, 100 %
2026/10/03 17:31:15.409, 3, 47958 MiB, 100 %
2026/10/03 17:31:16.410, 3, 47958 MiB, 100 %
2026/10/03 17:31:17.410, 3, 47958 MiB, 100 %
2026/10/03 17:31:18.410, 3, 47958 MiB, 100 %
2026/10/03 17:31:19.411, 3, 47958 MiB, 100 %
2026/10/03 17:31:20.411, 3, 47958 MiB, 100 %
2026/10/03 17:31:21.411, 3, 47958 MiB, 100 %
2026/10/03 17:31:22.411, 3, 47958 MiB, 100 %
2026/10/03 17:31:23.412, 3, 47958 MiB, 100 %
2026/10/03 17:31:24.412, 3, 47958 MiB, 100 %
2026/10/03 17:31:25.412, 3, 47958 MiB, 100 %
2026/10/03 17:31:26.413, 3, 47958 MiB, 100 %
2026/10/03 17:31:27.413, 3, 47958 MiB, 100 %
2026/10/03 17:31:28.413, 3, 47958 MiB, 100 %
2026/10/03 17:31:29.414, 3, 47958 MiB, 100 %
2026/10/03 17:31:30.414, 3, 47958 MiB, 100 %
2026/10/03 17:31:31.414, 3, 47958 MiB, 100 %
2026/10/03 17:31:32.415, 3, 47958 MiB, 100 %
2026/10/03 17:31:33.415, 3, 47958 MiB, 100 %
2026/10/03 17:31:34.415, 3, 47958 MiB, 100 %
2026/10/03 17:31:35.416, 3, 47958 MiB, 100 %
2026/10/03 17:31:36.416, 3, 47958 MiB, 100 %
2026/10/03 17:31:37.416, 3, 47958 MiB, 100 %
2026/10/03 17:31:38.417, 3, 47958 MiB, 100 %
2026/10/03 17:31:39.417, 3, 47958 MiB, 100 %
2026/10/03 17:31:40.417, 3, 47958 MiB, 100 %
2026/10/03 17:31:41.417, 3, 47958 MiB, 100 %
2026/10/03 17:31:42.418, 3, 47958 MiB, 100 %
2026/10/03 17:31:43.418, 3, 47958 MiB, 100 %
2026/10/03 17:31:44.418, 3, 47958 MiB, 100 %
2026/10/03 17:31:45.418, 3, 47958 MiB, 100 %
2026/10/03 17:31:46.418, 3, 47958 MiB, 100 %
2026/10/03 17:31:47.419, 3, 47958 MiB, 100 %
2026/10/03 17:31:48.419, 3, 47958 MiB, 100 %
2026/10/03 17:31:49.419, 3, 47958 MiB, 100 %
2026/10/03 17:31:50.419, 3, 47958 MiB, 100 %
2026/10/03 17:31:51.420, 3, 47958 MiB, 100 %
2026/10/03 17:31:52.420, 3, 47958 MiB, 100 %
2026/10/03 17:31:53.420, 3, 47958 MiB, 100 %
2026/10/03 17:31:54.421, 3, 47958 MiB, 100 %
2026/10/03 17:31:55.421, 3, 47958 MiB, 100 %
2026/10/03 17:31:56.421, 3, 47958 MiB, 100 %
2026/10/03 17:31:57.422, 3, 47958 MiB, 100 %
2026/10/03 17:31:58.422, 3, 47958 MiB, 100 %
2026/10/03 17:31:59.422, 3, 47958 MiB, 100 %
2026/10/03 17:32:00.422, 3, 47958 MiB, 100 %
2026/10/03 17:32:01.423, 3, 47958 MiB, 100 %
2026/10/03 17:32:02.423, 3, 47958 MiB, 100 %
2026/10/03 17:32:03.423, 3, 47958 MiB, 100 %
2026/10/03 17:32:04.424, 3, 47958 MiB, 100 %
2026/10/03 17:32:05.424, 3, 47958 MiB, 100 %
2026/10/03 17:32:06.424, 3, 47958 MiB, 100 %
2026/10/03 17:32:07.425, 3, 47958 MiB, 100 %
2026/10/03 17:32:08.425, 3, 47958 MiB, 100 %
2026/10/03 17:32:09.425, 3, 47958 MiB, 100 %
2026/10/03 17:32:10.426, 3, 47958 MiB, 100 %
2026/10/03 17:32:11.426, 3, 47958 MiB, 100 %
2026/10/03 17:32:12.426, 3, 47958 MiB, 100 %
2026/10/03 17:32:13.427, 3, 47958 MiB, 99 %
2026/10/03 17:32:14.427, 3, 47958 MiB, 100 %
2026/10/03 17:32:15.427, 3, 47958 MiB, 100 %
2026/10/03 17:32:16.427, 3, 47958 MiB, 100 %
2026/10/03 17:32:17.428, 3, 47958 MiB, 100 %
2026/10/03 17:32:18.428, 3, 47958 MiB, 100 %
2026/10/03 17:32:19.428, 3, 47958 MiB, 100 %
2026/10/03 17:32:20.429, 3, 47958 MiB, 100 %
2026/10/03 17:32:21.429, 3, 47958 MiB, 100 %
2026/10/03 17:32:22.429, 3, 47958 MiB, 100 %
2026/10/03 17:32:23.430, 3, 47958 MiB, 100 %
2026/10/03 17:32:24.430, 3, 47958 MiB, 100 %
2026/10/03 17:32:25.430, 3, 47958 MiB, 100 %
2026/10/03 17:32:26.431, 3, 47958 MiB, 100 %
2026/10/03 17:32:27.432, 3, 47958 MiB, 100 %
2026/10/03 17:32:28.432, 3, 47958 MiB, 100 %
2026/10/03 17:32:29.433, 3, 47958 MiB, 100 %
2026/10/03 17:32:30.433, 3, 47958 MiB, 100 %
2026/10/03 17:32:31.433, 3, 47958 MiB, 100 %
2026/10/03 17:32:32.434, 3, 47958 MiB, 100 %
2026/10/03 17:32:33.434, 3, 47958 MiB, 100 %
2026/10/03 17:32:34.434, 3, 47958 MiB, 100 %
2026/10/03 17:32:35.435, 3, 47958 MiB, 100 %
2026/10/03 17:32:36.435, 3, 47958 MiB, 100 %
2026/10/03 17:32:37.435, 3, 47958 MiB, 100 %
2026/10/03 17:32:38.436, 3, 47958 MiB, 100 %
2026/10/03 17:32:39.436, 3, 47958 MiB, 100 %
2026/10/03 17:32:40.436, 3, 47958 MiB, 100 %
2026/10/03 17:32:41.436, 3, 47958 MiB, 100 %
2026/10/03 17:32:42.436, 3, 47958 MiB, 100 %
2026/10/03 17:32:43.437, 3, 47958 MiB, 100 %
2026/10/03 17:32:44.437, 3, 47958 MiB, 100 %
2026/10/03 17:32:45.437, 3, 47958 MiB, 100 %
2026/10/03 17:32:46.437, 3, 47958 MiB, 100 %
2026/10/03 17:32:47.438, 3, 47958 MiB, 100 %
2026/10/03 17:32:48.438, 3, 47958 MiB, 100 %
2026/10/03 17:32:49.438, 3, 47958 MiB, 100 %
2026/10/03 17:32:50.438, 3, 47958 MiB, 100 %
2026/10/03 17:32:51.439, 3, 47958 MiB, 100 %
2026/10/03 17:32:52.439, 3, 47958 MiB, 100 %
2026/10/03 17:32:53.439, 3, 47958 MiB, 100 %
2026/10/03 17:32:54.439, 3, 47958 MiB, 100 %
2026/10/03 17:32:55.440, 3, 47958 MiB, 100 %
2026/10/03 17:32:56.440, 3, 47958 MiB, 100 %
2026/10/03 17:32:57.440, 3, 47958 MiB, 100 %
2026/10/03 17:32:58.440, 3, 47958 MiB, 100 %
2026/10/03 17:32:59.440, 3, 47958 MiB, 100 %
2026/10/03 17:33:00.441, 3, 47958 MiB, 100 %
2026/10/03 17:33:01.441, 3, 47958 MiB, 100 %
2026/10/03 17:33:02.441, 3, 47958 MiB, 100 %
2026/10/03 17:33:03.441, 3, 47958 MiB, 100 %
2026/10/03 17:33:04.441, 3, 47958 MiB, 100 %
2026/10/03 17:33:05.442, 3, 47958 MiB, 12 %
2026/10/03 17:33:06.442, 3, 47958 MiB, 100 %
2026/10/03 17:33:07.442, 3, 47958 MiB, 100 %
2026/10/03 17:33:08.442, 3, 47958 MiB, 100 %
2026/10/03 17:33:09.442, 3, 47958 MiB, 100 %
2026/10/03 17:33:10.443, 3, 47958 MiB, 100 %
2026/10/03 17:33:11.443, 3, 47958 MiB, 100 %
2026/10/03 17:33:12.443, 3, 47958 MiB, 100 %
2026/10/03 17:33:13.443, 3, 47958 MiB, 100 %
2026/10/03 17:33:14.444, 3, 47958 MiB, 100 %
2026/10/03 17:33:15.444, 3, 47958 MiB, 100 %
2026/10/03 17:33:16.444, 3, 47958 MiB, 100 %
2026/10/03 17:33:17.445, 3, 47958 MiB, 100 %
2026/10/03 17:33:18.445, 3, 47958 MiB, 100 %
2026/10/03 17:33:19.445, 3, 47958 MiB, 100 %
2026/10/03 17:33:20.445, 3, 47958 MiB, 100 %
2026/10/03 17:33:21.447, 3, 47958 MiB, 100 %
2026/10/03 17:33:22.447, 3, 47958 MiB, 100 %
2026/10/03 17:33:23.448, 3, 47958 MiB, 100 %
2026/10/03 17:33:24.448, 3, 47958 MiB, 100 %
2026/10/03 17:33:25.448, 3, 47958 MiB, 100 %
2026/10/03 17:33:26.450, 3, 47958 MiB, 100 %
2026/10/03 17:33:27.450, 3, 47958 MiB, 100 %
2026/10/03 17:33:28.450, 3, 47958 MiB, 100 %
2026/10/03 17:33:29.451, 3, 47958 MiB, 100 %
2026/10/03 17:33:30.451, 3, 47958 MiB, 100 %
2026/10/03 17:33:31.451, 3, 47958 MiB, 100 %
2026/10/03 17:33:32.452, 3, 47958 MiB, 100 %
2026/10/03 17:33:33.452, 3, 47958 MiB, 100 %
2026/10/03 17:33:34.452, 3, 47958 MiB, 100 %
2026/10/03 17:33:35.453, 3, 47958 MiB, 100 %
2026/10/03 17:33:36.453, 3, 47958 MiB, 100 %
2026/10/03 17:33:37.453, 3, 47958 MiB, 100 %
2026/10/03 17:33:38.453, 3, 47958 MiB, 100 %
2026/10/03 17:33:39.454, 3, 47958 MiB, 100 %
2026/10/03 17:33:40.454, 3, 47958 MiB, 100 %
2026/10/03 17:33:41.454, 3, 47958 MiB, 100 %
2026/10/03 17:33:42.455, 3, 47958 MiB, 100 %
2026/10/03 17:33:43.455, 3, 47958 MiB, 100 %
2026/10/03 17:33:44.455, 3, 47958 MiB, 100 %
2026/10/03 17:33:45.456, 3, 47958 MiB, 100 %
2026/10/03 17:33:46.456, 3, 47958 MiB, 100 %
2026/10/03 17:33:47.456, 3, 47958 MiB, 100 %
2026/10/03 17:33:48.457, 3, 47958 MiB, 100 %
2026/10/03 17:33:49.457, 3, 47958 MiB, 100 %
2026/10/03 17:33:50.457, 3, 47958 MiB, 100 %
2026/10/03 17:33:51.457, 3, 47958 MiB, 100 %
2026/10/03 17:33:52.458, 3, 47958 MiB, 100 %
2026/10/03 17:33:53.458, 3, 47958 MiB, 100 %
2026/10/03 17:33:54.458, 3, 47958 MiB, 100 %
2026/10/03 17:33:55.459, 3, 47958 MiB, 100 %
2026/10/03 17:33:56.459, 3, 47958 MiB, 100 %
2026/10/03 17:33:57.459, 3, 47958 MiB, 100 %
2026/10/03 17:33:58.460, 3, 47958 MiB, 100 %
2026/10/03 17:33:59.460, 3, 47958 MiB, 100 %
2026/10/03 17:34:00.460, 3, 47958 MiB, 100 %
2026/10/03 17:34:01.461, 3, 47958 MiB, 100 %
2026/10/03 17:34:02.462, 3, 47958 MiB, 100 %
2026/10/03 17:34:03.462, 3, 47958 MiB, 100 %
2026/10/03 17:34:04.462, 3, 47958 MiB, 100 %
2026/10/03 17:34:05.463, 3, 47958 MiB, 100 %
2026/10/03 17:34:06.463, 3, 47958 MiB, 100 %
2026/10/03 17:34:07.463, 3, 47958 MiB, 100 %
2026/10/03 17:34:08.463, 3, 47958 MiB, 100 %
2026/10/03 17:34:09.464, 3, 47958 MiB, 100 %
2026/10/03 17:34:10.464, 3, 47958 MiB, 100 %
2026/10/03 17:34:11.464, 3, 47958 MiB, 100 %
2026/10/03 17:34:12.464, 3, 47958 MiB, 100 %
2026/10/03 17:34:13.465, 3, 47958 MiB, 100 %
2026/10/03 17:34:14.465, 3, 47958 MiB, 100 %
2026/10/03 17:34:15.465, 3, 47958 MiB, 100 %
2026/10/03 17:34:16.466, 3, 47958 MiB, 100 %
2026/10/03 17:34:17.467, 3, 47958 MiB, 100 %
2026/10/03 17:34:18.468, 3, 47958 MiB, 100 %
2026/10/03 17:34:19.468, 3, 47958 MiB, 100 %
2026/10/03 17:34:20.468, 3, 47958 MiB, 100 %
2026/10/03 17:34:21.469, 3, 47958 MiB, 100 %
2026/10/03 17:34:22.469, 3, 47958 MiB, 100 %
2026/10/03 17:34:23.469, 3, 47958 MiB, 100 %
2026/10/03 17:34:24.469, 3, 47958 MiB, 100 %
2026/10/03 17:34:25.470, 3, 47958 MiB, 100 %
2026/10/03 17:34:26.470, 3, 47958 MiB, 100 %
2026/10/03 17:34:27.470, 3, 47958 MiB, 100 %
2026/10/03 17:34:28.471, 3, 47958 MiB, 100 %
2026/10/03 17:34:29.471, 3, 47958 MiB, 100 %
2026/10/03 17:34:30.471, 3, 47958 MiB, 100 %
2026/10/03 17:34:31.472, 3, 47958 MiB, 100 %
2026/10/03 17:34:32.472, 3, 47958 MiB, 100 %
2026/10/03 17:34:33.472, 3, 47958 MiB, 100 %
2026/10/03 17:34:34.472, 3, 47958 MiB, 100 %
2026/10/03 17:34:35.472, 3, 47958 MiB, 100 %
2026/10/03 17:34:36.473, 3, 47958 MiB, 100 %
2026/10/03 17:34:37.473, 3, 47958 MiB, 100 %
2026/10/03 17:34:38.473, 3, 47958 MiB, 100 %
2026/10/03 17:34:39.473, 3, 47958 MiB, 100 %
2026/10/03 17:34:40.473, 3, 47958 MiB, 100 %
2026/10/03 17:34:41.474, 3, 47958 MiB, 100 %
2026/10/03 17:34:42.474, 3, 47958 MiB, 100 %
2026/10/03 17:34:43.474, 3, 47958 MiB, 100 %
2026/10/03 17:34:44.474, 3, 47958 MiB, 100 %
2026/10/03 17:34:45.474, 3, 47958 MiB, 100 %
2026/10/03 17:34:46.475, 3, 47958 MiB, 100 %
2026/10/03 17:34:47.475, 3, 47958 MiB, 100 %
2026/10/03 17:34:48.475, 3, 47958 MiB, 100 %
2026/10/03 17:34:49.475, 3, 47958 MiB, 100 %
2026/10/03 17:34:50.475, 3, 47958 MiB, 100 %
2026/10/03 17:34:51.476, 3, 47958 MiB, 100 %
2026/10/03 17:34:52.476, 3, 47958 MiB, 100 %
2026/10/03 17:34:53.476, 3, 47958 MiB, 100 %
2026/10/03 17:34:54.476, 3, 47958 MiB, 100 %
2026/10/03 17:34:55.476, 3, 47958 MiB, 100 %
2026/10/03 17:34:56.477, 3, 47958 MiB, 100 %
2026/10/03 17:34:57.477, 3, 47958 MiB, 100 %
2026/10/03 17:34:58.477, 3, 47958 MiB, 100 %
2026/10/03 17:34:59.477, 3, 47958 MiB, 100 %
2026/10/03 17:35:00.478, 3, 47958 MiB, 100 %
2026/10/03 17:35:01.478, 3, 47958 MiB, 100 %
2026/10/03 17:35:02.478, 3, 47958 MiB, 100 %
2026/10/03 17:35:03.478, 3, 47958 MiB, 100 %
2026/10/03 17:35:04.479, 3, 47958 MiB, 100 %
2026/10/03 17:35:05.479, 3, 47958 MiB, 100 %
2026/10/03 17:35:06.479, 3, 47958 MiB, 100 %
2026/10/03 17:35:07.479, 3, 47958 MiB, 100 %
2026/10/03 17:35:08.479, 3, 47958 MiB, 100 %
2026/10/03 17:35:09.480, 3, 47958 MiB, 100 %
2026/10/03 17:35:10.480, 3, 47958 MiB, 100 %
2026/10/03 17:35:11.480, 3, 47958 MiB, 100 %
2026/10/03 17:35:12.480, 3, 47958 MiB, 100 %
2026/10/03 17:35:13.480, 3, 47958 MiB, 100 %
2026/10/03 17:35:14.481, 3, 47958 MiB, 100 %
2026/10/03 17:35:15.481, 3, 47958 MiB, 100 %
2026/10/03 17:35:16.481, 3, 47958 MiB, 100 %
2026/10/03 17:35:17.481, 3, 47958 MiB, 100 %
2026/10/03 17:35:18.482, 3, 47958 MiB, 100 %
2026/10/03 17:35:19.482, 3, 47958 MiB, 100 %
2026/10/03 17:35:20.482, 3, 47958 MiB, 100 %
2026/10/03 17:35:21.482, 3, 47958 MiB, 100 %
2026/10/03 17:35:22.482, 3, 47958 MiB, 100 %
2026/10/03 17:35:23.483, 3, 47958 MiB, 100 %
2026/10/03 17:35:24.483, 3, 47958 MiB, 100 %
2026/10/03 17:35:25.483, 3, 47958 MiB, 100 %
2026/10/03 17:35:26.483, 3, 47958 MiB, 100 %
2026/10/03 17:35:27.483, 3, 47958 MiB, 100 %
2026/10/03 17:35:28.484, 3, 47958 MiB, 100 %
2026/10/03 17:35:29.484, 3, 47958 MiB, 100 %
2026/10/03 17:35:30.484, 3, 47958 MiB, 100 %
2026/10/03 17:35:31.484, 3, 47958 MiB, 100 %
2026/10/03 17:35:32.484, 3, 47958 MiB, 100 %
2026/10/03 17:35:33.485, 3, 47958 MiB, 100 %
2026/10/03 17:35:34.485, 3, 47958 MiB, 100 %
2026/10/03 17:35:35.485, 3, 47958 MiB, 100 %
2026/10/03 17:35:36.485, 3, 47958 MiB, 100 %
2026/10/03 17:35:37.485, 3, 47958 MiB, 100 %
2026/10/03 17:35:38.486, 3, 47958 MiB, 100 %
2026/10/03 17:35:39.486, 3, 47958 MiB, 100 %
2026/10/03 17:35:40.486, 3, 47958 MiB, 100 %
2026/10/03 17:35:41.486, 3, 47958 MiB, 100 %
2026/10/03 17:35:42.487, 3, 47958 MiB, 100 %
2026/10/03 17:35:43.487, 3, 47958 MiB, 100 %
2026/10/03 17:35:44.487, 3, 47958 MiB, 100 %
2026/10/03 17:35:45.487, 3, 47958 MiB, 100 %
2026/10/03 17:35:46.487, 3, 47958 MiB, 100 %
2026/10/03 17:35:47.488, 3, 47958 MiB, 100 %
2026/10/03 17:35:48.488, 3, 47958 MiB, 100 %
2026/10/03 17:35:49.488, 3, 47958 MiB, 100 %
2026/10/03 17:35:50.488, 3, 47958 MiB, 100 %
2026/10/03 17:35:51.488, 3, 47958 MiB, 100 %
2026/10/03 17:35:52.489, 3, 47958 MiB, 100 %
2026/10/03 17:35:53.489, 3, 47958 MiB, 100 %
2026/10/03 17:35:54.489, 3, 47958 MiB, 100 %
2026/10/03 17:35:55.489, 3, 47958 MiB, 100 %
2026/10/03 17:35:56.490, 3, 47958 MiB, 100 %
2026/10/03 17:35:57.490, 3, 47958 MiB, 100 %
2026/10/03 17:35:58.490, 3, 47958 MiB, 100 %
2026/10/03 17:35:59.490, 3, 47958 MiB, 100 %
2026/10/03 17:36:00.490, 3, 47958 MiB, 100 %
2026/10/03 17:36:01.491, 3, 47958 MiB, 100 %
2026/10/03 17:36:02.491, 3, 47958 MiB, 100 %
2026/10/03 17:36:03.491, 3, 47958 MiB, 100 %
2026/10/03 17:36:04.491, 3, 47958 MiB, 100 %
2026/10/03 17:36:05.492, 3, 47958 MiB, 100 %
2026/10/03 17:36:06.492, 3, 47958 MiB, 100 %
2026/10/03 17:36:07.492, 3, 47958 MiB, 100 %
2026/10/03 17:36:08.492, 3, 47958 MiB, 100 %
2026/10/03 17:36:09.492, 3, 47958 MiB, 100 %
2026/10/03 17:36:10.493, 3, 47958 MiB, 100 %
2026/10/03 17:36:11.493, 3, 47958 MiB, 100 %
2026/10/03 17:36:12.493, 3, 47958 MiB, 100 %
2026/10/03 17:36:13.493, 3, 47958 MiB, 100 %
2026/10/03 17:36:14.493, 3, 47958 MiB, 100 %
2026/10/03 17:36:15.494, 3, 47958 MiB, 100 %
2026/10/03 17:36:16.494, 3, 47958 MiB, 100 %
2026/10/03 17:36:17.494, 3, 47958 MiB, 100 %
2026/10/03 17:36:18.494, 3, 47958 MiB, 100 %
2026/10/03 17:36:19.494, 3, 47958 MiB, 100 %
2026/10/03 17:36:20.495, 3, 47958 MiB, 100 %
2026/10/03 17:36:21.495, 3, 47958 MiB, 100 %
2026/10/03 17:36:22.495, 3, 47958 MiB, 100 %
2026/10/03 17:36:23.495, 3, 47958 MiB, 100 %
2026/10/03 17:36:24.495, 3, 47958 MiB, 100 %
2026/10/03 17:36:25.496, 3, 47958 MiB, 100 %
2026/10/03 17:36:26.496, 3, 47958 MiB, 100 %
2026/10/03 17:36:27.496, 3, 47958 MiB, 100 %
2026/10/03 17:36:28.496, 3, 47958 MiB, 100 %
2026/10/03 17:36:29.496, 3, 47958 MiB, 100 %
2026/10/03 17:36:30.497, 3, 47958 MiB, 100 %
2026/10/03 17:36:31.497, 3, 47958 MiB, 100 %
2026/10/03 17:36:32.497, 3, 47958 MiB, 100 %
2026/10/03 17:36:33.497, 3, 47958 MiB, 100 %
2026/10/03 17:36:34.497, 3, 47958 MiB, 100 %
2026/10/03 17:36:35.498, 3, 47958 MiB, 100 %
2026/10/03 17:36:36.498, 3, 47958 MiB, 100 %
2026/10/03 17:36:37.498, 3, 47958 MiB, 100 %
2026/10/03 17:36:38.498, 3, 47958 MiB, 100 %
2026/10/03 17:36:39.499, 3, 47958 MiB, 100 %
2026/10/03 17:36:40.499, 3, 47958 MiB, 100 %
2026/10/03 17:36:41.499, 3, 47958 MiB, 100 %
2026/10/03 17:36:42.499, 3, 47958 MiB, 100 %
2026/10/03 17:36:43.499, 3, 47958 MiB, 100 %
2026/10/03 17:36:44.500, 3, 47958 MiB, 100 %
2026/10/03 17:36:45.500, 3, 47958 MiB, 100 %
2026/10/03 17:36:46.500, 3, 47958 MiB, 100 %
2026/10/03 17:36:47.500, 3, 47958 MiB, 100 %
2026/10/03 17:36:48.501, 3, 47958 MiB, 100 %
2026/10/03 17:36:49.501, 3, 47958 MiB, 100 %
2026/10/03 17:36:50.501, 3, 47958 MiB, 100 %
2026/10/03 17:36:51.501, 3, 47958 MiB, 100 %
2026/10/03 17:36:52.501, 3, 47958 MiB, 100 %
2026/10/03 17:36:53.502, 3, 47958 MiB, 100 %
2026/10/03 17:36:54.502, 3, 47958 MiB, 100 %
2026/10/03 17:36:55.502, 3, 47958 MiB, 100 %
2026/10/03 17:36:56.502, 3, 47958 MiB, 100 %
2026/10/03 17:36:57.503, 3, 47958 MiB, 100 %
2026/10/03 17:36:58.503, 3, 47958 MiB, 100 %
2026/10/03 17:36:59.503, 3, 47958 MiB, 100 %
2026/10/03 17:37:00.503, 3, 47958 MiB, 100 %
2026/10/03 17:37:01.503, 3, 47958 MiB, 100 %
2026/10/03 17:37:02.504, 3, 47958 MiB, 100 %
2026/10/03 17:37:03.504, 3, 47958 MiB, 100 %
2026/10/03 17:37:04.504, 3, 47958 MiB, 100 %
2026/10/03 17:37:05.504, 3, 47958 MiB, 100 %
2026/10/03 17:37:06.504, 3, 47958 MiB, 100 %
2026/10/03 17:37:07.505, 3, 47958 MiB, 100 %
2026/10/03 17:37:08.505, 3, 47958 MiB, 100 %
2026/10/03 17:37:09.505, 3, 47958 MiB, 100 %
2026/10/03 17:37:10.505, 3, 47958 MiB, 100 %
2026/10/03 17:37:11.506, 3, 47958 MiB, 100 %
2026/10/03 17:37:12.506, 3, 47958 MiB, 100 %
2026/10/03 17:37:13.506, 3, 47958 MiB, 100 %
2026/10/03 17:37:14.506, 3, 47958 MiB, 100 %
2026/10/03 17:37:15.507, 3, 47958 MiB, 100 %
2026/10/03 17:37:16.507, 3, 47958 MiB, 100 %
2026/10/03 17:37:17.507, 3, 47958 MiB, 100 %
2026/10/03 17:37:18.507, 3, 47958 MiB, 100 %
2026/10/03 17:37:19.507, 3, 47958 MiB, 100 %
2026/10/03 17:37:20.508, 3, 47958 MiB, 100 %
2026/10/03 17:37:21.508, 3, 47958 MiB, 100 %
2026/10/03 17:37:22.508, 3, 47958 MiB, 100 %
2026/10/03 17:37:23.508, 3, 47958 MiB, 100 %
2026/10/03 17:37:24.508, 3, 47958 MiB, 100 %
2026/10/03 17:37:25.509, 3, 47958 MiB, 100 %
2026/10/03 17:37:26.509, 3, 47958 MiB, 100 %
2026/10/03 17:37:27.509, 3, 47958 MiB, 100 %
2026/10/03 17:37:28.509, 3, 47958 MiB, 100 %
2026/10/03 17:37:29.510, 3, 47958 MiB, 100 %
2026/10/03 17:37:30.510, 3, 47958 MiB, 100 %
2026/10/03 17:37:31.510, 3, 47958 MiB, 100 %
2026/10/03 17:37:32.510, 3, 47958 MiB, 100 %
2026/10/03 17:37:33.510, 3, 47958 MiB, 100 %
2026/10/03 17:37:34.511, 3, 47958 MiB, 100 %
2026/10/03 17:37:35.511, 3, 47958 MiB, 100 %
2026/10/03 17:37:36.511, 3, 47958 MiB, 100 %
2026/10/03 17:37:37.511, 3, 47958 MiB, 100 %
2026/10/03 17:37:38.511, 3, 47958 MiB, 100 %
2026/10/03 17:37:39.512, 3, 47958 MiB, 100 %
2026/10/03 17:37:40.512, 3, 47958 MiB, 100 %
2026/10/03 17:37:41.512, 3, 47958 MiB, 100 %
2026/10/03 17:37:42.512, 3, 47958 MiB, 100 %
2026/10/03 17:37:43.513, 3, 47958 MiB, 100 %
2026/10/03 17:37:44.513, 3, 47958 MiB, 100 %
2026/10/03 17:37:45.513, 3, 47958 MiB, 100 %
2026/10/03 17:37:46.513, 3, 47958 MiB, 100 %
2026/10/03 17:37:47.513, 3, 47958 MiB, 100 %
2026/10/03 17:37:48.514, 3, 47958 MiB, 100 %
2026/10/03 17:37:49.514, 3, 47958 MiB, 100 %
2026/10/03 17:37:50.514, 3, 47958 MiB, 100 %
2026/10/03 17:37:51.514, 3, 47958 MiB, 100 %
2026/10/03 17:37:52.514, 3, 47958 MiB, 100 %
2026/10/03 17:37:53.515, 3, 47958 MiB, 100 %
2026/10/03 17:37:54.515, 3, 47958 MiB, 100 %
2026/10/03 17:37:55.515, 3, 47958 MiB, 100 %
2026/10/03 17:37:56.515, 3, 47958 MiB, 100 %
2026/10/03 17:37:57.515, 3, 47958 MiB, 100 %
2026/10/03 17:37:58.516, 3, 47958 MiB, 100 %
2026/10/03 17:37:59.516, 3, 47958 MiB, 100 %
2026/10/03 17:38:00.516, 3, 47958 MiB, 100 %
2026/10/03 17:38:01.516, 3, 47958 MiB, 100 %
2026/10/03 17:38:02.517, 3, 47958 MiB, 100 %
2026/10/03 17:38:03.517, 3, 47958 MiB, 100 %
2026/10/03 17:38:04.517, 3, 47958 MiB, 100 %
2026/10/03 17:38:05.517, 3, 47958 MiB, 100 %
2026/10/03 17:38:06.517, 3, 47958 MiB, 100 %
2026/10/03 17:38:07.518, 3, 47958 MiB, 100 %
2026/10/03 17:38:08.519, 3, 47958 MiB, 100 %
2026/10/03 17:38:09.519, 3, 47958 MiB, 100 %
2026/10/03 17:38:10.519, 3, 47958 MiB, 100 %
2026/10/03 17:38:11.519, 3, 47958 MiB, 100 %
2026/10/03 17:38:12.520, 3, 47958 MiB, 100 %
2026/10/03 17:38:13.520, 3, 47958 MiB, 100 %
2026/10/03 17:38:14.520, 3, 47958 MiB, 93 %
2026/10/03 17:38:15.520, 3, 47958 MiB, 100 %
2026/10/03 17:38:16.521, 3, 47958 MiB, 99 %
2026/10/03 17:38:17.521, 3, 47958 MiB, 100 %
2026/10/03 17:38:18.521, 3, 47958 MiB, 100 %
2026/10/03 17:38:19.521, 3, 47958 MiB, 100 %
2026/10/03 17:38:20.521, 3, 47958 MiB, 100 %
2026/10/03 17:38:21.522, 3, 47958 MiB, 100 %
2026/10/03 17:38:22.522, 3, 47958 MiB, 100 %
2026/10/03 17:38:23.522, 3, 47958 MiB, 100 %
2026/10/03 17:38:24.522, 3, 47958 MiB, 100 %
2026/10/03 17:38:25.523, 3, 47958 MiB, 100 %
2026/10/03 17:38:26.523, 3, 47958 MiB, 100 %
2026/10/03 17:38:27.523, 3, 47958 MiB, 100 %
2026/10/03 17:38:28.523, 3, 47958 MiB, 100 %
2026/10/03 17:38:29.523, 3, 47958 MiB, 100 %
2026/10/03 17:38:30.524, 3, 47958 MiB, 100 %
2026/10/03 17:38:31.524, 3, 47958 MiB, 100 %
2026/10/03 17:38:32.524, 3, 47958 MiB, 100 %
2026/10/03 17:38:33.524, 3, 47958 MiB, 100 %
2026/10/03 17:38:34.524, 3, 47958 MiB, 100 %
2026/10/03 17:38:35.525, 3, 47958 MiB, 100 %
2026/10/03 17:38:36.525, 3, 47958 MiB, 100 %
2026/10/03 17:38:37.525, 3, 47958 MiB, 100 %
2026/10/03 17:38:38.525, 3, 47958 MiB, 100 %
2026/10/03 17:38:39.525, 3, 47958 MiB, 100 %
2026/10/03 17:38:40.526, 3, 47958 MiB, 100 %
2026/10/03 17:38:41.526, 3, 47958 MiB, 100 %
2026/10/03 17:38:42.526, 3, 47958 MiB, 100 %
2026/10/03 17:38:43.526, 3, 47958 MiB, 100 %
2026/10/03 17:38:44.527, 3, 47958 MiB, 100 %
2026/10/03 17:38:45.527, 3, 47958 MiB, 100 %
2026/10/03 17:38:46.527, 3, 47958 MiB, 100 %
2026/10/03 17:38:47.527, 3, 47958 MiB, 100 %
2026/10/03 17:38:48.527, 3, 47958 MiB, 100 %
2026/10/03 17:38:49.528, 3, 47958 MiB, 100 %
2026/10/03 17:38:50.528, 3, 47958 MiB, 100 %
2026/10/03 17:38:51.528, 3, 47958 MiB, 100 %
2026/10/03 17:38:52.528, 3, 47958 MiB, 100 %
2026/10/03 17:38:53.528, 3, 47958 MiB, 100 %
2026/10/03 17:38:54.529, 3, 47958 MiB, 100 %
2026/10/03 17:38:55.529, 3, 47958 MiB, 100 %
2026/10/03 17:38:56.529, 3, 47958 MiB, 100 %
2026/10/03 17:38:57.529, 3, 47958 MiB, 100 %
2026/10/03 17:38:58.529, 3, 47958 MiB, 100 %
2026/10/03 17:38:59.530, 3, 47958 MiB, 100 %
2026/10/03 17:39:00.530, 3, 47958 MiB, 100 %
2026/10/03 17:39:01.530, 3, 47958 MiB, 100 %
2026/10/03 17:39:02.530, 3, 47958 MiB, 100 %
2026/10/03 17:39:03.531, 3, 47958 MiB, 100 %
2026/10/03 17:39:04.531, 3, 47958 MiB, 100 %
2026/10/03 17:39:05.531, 3, 47958 MiB, 100 %
2026/10/03 17:39:06.531, 3, 47958 MiB, 100 %
2026/10/03 17:39:07.531, 3, 47958 MiB, 100 %
2026/10/03 17:39:08.532, 3, 47958 MiB, 100 %
2026/10/03 17:39:09.532, 3, 47958 MiB, 100 %
2026/10/03 17:39:10.532, 3, 47958 MiB, 100 %
2026/10/03 17:39:11.532, 3, 47958 MiB, 100 %
2026/10/03 17:39:12.532, 3, 47958 MiB, 100 %
2026/10/03 17:39:13.533, 3, 47958 MiB, 100 %
2026/10/03 17:39:14.533, 3, 47958 MiB, 100 %
2026/10/03 17:39:15.533, 3, 47958 MiB, 100 %
2026/10/03 17:39:16.533, 3, 47958 MiB, 100 %
2026/10/03 17:39:17.533, 3, 47958 MiB, 100 %
2026/10/03 17:39:18.534, 3, 47958 MiB, 100 %
2026/10/03 17:39:19.534, 3, 47958 MiB, 100 %
2026/10/03 17:39:20.534, 3, 47958 MiB, 100 %
2026/10/03 17:39:21.534, 3, 47958 MiB, 100 %
2026/10/03 17:39:22.535, 3, 47958 MiB, 100 %
2026/10/03 17:39:23.535, 3, 47958 MiB, 100 %
2026/10/03 17:39:24.535, 3, 47958 MiB, 100 %
2026/10/03 17:39:25.535, 3, 47958 MiB, 100 %
2026/10/03 17:39:26.535, 3, 47958 MiB, 100 %
2026/10/03 17:39:27.536, 3, 47958 MiB, 97 %
2026/10/03 17:39:28.536, 3, 47958 MiB, 100 %
2026/10/03 17:39:29.536, 3, 47958 MiB, 100 %
2026/10/03 17:39:30.536, 3, 47958 MiB, 100 %
2026/10/03 17:39:31.536, 3, 47958 MiB, 100 %
2026/10/03 17:39:32.537, 3, 47958 MiB, 100 %
2026/10/03 17:39:33.537, 3, 47958 MiB, 100 %
2026/10/03 17:39:34.537, 3, 47958 MiB, 100 %
2026/10/03 17:39:35.537, 3, 47958 MiB, 100 %
2026/10/03 17:39:36.537, 3, 47958 MiB, 100 %
2026/10/03 17:39:37.538, 3, 47958 MiB, 100 %
2026/10/03 17:39:38.538, 3, 47958 MiB, 100 %
2026/10/03 17:39:39.538, 3, 47958 MiB, 100 %
2026/10/03 17:39:40.538, 3, 47958 MiB, 100 %
2026/10/03 17:39:41.538, 3, 47958 MiB, 100 %
2026/10/03 17:39:42.539, 3, 47958 MiB, 100 %
2026/10/03 17:39:43.539, 3, 47958 MiB, 100 %
2026/10/03 17:39:44.539, 3, 47958 MiB, 100 %
2026/10/03 17:39:45.539, 3, 47958 MiB, 100 %
2026/10/03 17:39:46.539, 3, 47958 MiB, 100 %
2026/10/03 17:39:47.540, 3, 47958 MiB, 100 %
2026/10/03 17:39:48.540, 3, 47958 MiB, 100 %
2026/10/03 17:39:49.540, 3, 47958 MiB, 100 %
2026/10/03 17:39:50.540, 3, 47958 MiB, 100 %
2026/10/03 17:39:51.540, 3, 47958 MiB, 100 %
2026/10/03 17:39:52.541, 3, 47958 MiB, 100 %
2026/10/03 17:39:53.541, 3, 47958 MiB, 100 %
2026/10/03 17:39:54.541, 3, 47958 MiB, 100 %
2026/10/03 17:39:55.541, 3, 47958 MiB, 100 %
2026/10/03 17:39:56.542, 3, 47958 MiB, 100 %
2026/10/03 17:39:57.542, 3, 47958 MiB, 100 %
2026/10/03 17:39:58.542, 3, 47958 MiB, 100 %
2026/10/03 17:39:59.542, 3, 47958 MiB, 100 %
2026/10/03 17:40:00.542, 3, 47958 MiB, 99 %
2026/10/03 17:40:01.543, 3, 47958 MiB, 100 %
2026/10/03 17:40:02.543, 3, 47958 MiB, 100 %
2026/10/03 17:40:03.543, 3, 47958 MiB, 100 %
2026/10/03 17:40:04.543, 3, 47958 MiB, 100 %
2026/10/03 17:40:05.543, 3, 47958 MiB, 100 %
2026/10/03 17:40:06.544, 3, 47958 MiB, 100 %
2026/10/03 17:40:07.544, 3, 47958 MiB, 100 %
2026/10/03 17:40:08.544, 3, 47958 MiB, 100 %
2026/10/03 17:40:09.544, 3, 47958 MiB, 100 %
2026/10/03 17:40:10.544, 3, 47958 MiB, 100 %
2026/10/03 17:40:11.545, 3, 47958 MiB, 100 %
2026/10/03 17:40:12.545, 3, 47958 MiB, 100 %
2026/10/03 17:40:13.545, 3, 47958 MiB, 100 %
2026/10/03 17:40:14.545, 3, 47958 MiB, 100 %
2026/10/03 17:40:15.545, 3, 47958 MiB, 100 %
2026/10/03 17:40:16.546, 3, 47958 MiB, 100 %
2026/10/03 17:40:17.546, 3, 47958 MiB, 100 %
2026/10/03 17:40:18.546, 3, 47958 MiB, 100 %
2026/10/03 17:40:19.546, 3, 47958 MiB, 100 %
2026/10/03 17:40:20.546, 3, 47958 MiB, 100 %
2026/10/03 17:40:21.547, 3, 47958 MiB, 100 %
2026/10/03 17:40:22.547, 3, 47958 MiB, 100 %
2026/10/03 17:40:23.547, 3, 47958 MiB, 100 %
2026/10/03 17:40:24.547, 3, 47958 MiB, 100 %
2026/10/03 17:40:25.547, 3, 47958 MiB, 100 %
2026/10/03 17:40:26.548, 3, 47958 MiB, 100 %
2026/10/03 17:40:27.548, 3, 47958 MiB, 100 %
2026/10/03 17:40:28.548, 3, 47958 MiB, 100 %
2026/10/03 17:40:29.548, 3, 47958 MiB, 100 %
2026/10/03 17:40:30.549, 3, 47958 MiB, 100 %
2026/10/03 17:40:31.549, 3, 47958 MiB, 100 %
2026/10/03 17:40:32.549, 3, 47958 MiB, 100 %
2026/10/03 17:40:33.549, 3, 47958 MiB, 100 %
2026/10/03 17:40:34.549, 3, 47958 MiB, 100 %
2026/10/03 17:40:35.549, 3, 47958 MiB, 100 %
2026/10/03 17:40:36.550, 3, 47958 MiB, 100 %
2026/10/03 17:40:37.550, 3, 47958 MiB, 100 %
2026/10/03 17:40:38.550, 3, 47958 MiB, 100 %
2026/10/03 17:40:39.550, 3, 47958 MiB, 100 %
2026/10/03 17:40:40.550, 3, 47958 MiB, 100 %
2026/10/03 17:40:41.551, 3, 47958 MiB, 100 %
2026/10/03 17:40:42.551, 3, 47958 MiB, 100 %
2026/10/03 17:40:43.551, 3, 47958 MiB, 100 %
2026/10/03 17:40:44.551, 3, 47958 MiB, 100 %
2026/10/03 17:40:45.551, 3, 47958 MiB, 100 %
2026/10/03 17:40:46.552, 3, 47958 MiB, 100 %
2026/10/03 17:40:47.552, 3, 47958 MiB, 100 %
2026/10/03 17:40:48.552, 3, 47958 MiB, 100 %
2026/10/03 17:40:49.552, 3, 47958 MiB, 100 %
2026/10/03 17:40:50.552, 3, 47958 MiB, 100 %
2026/10/03 17:40:51.553, 3, 47958 MiB, 100 %
2026/10/03 17:40:52.553, 3, 47958 MiB, 100 %
2026/10/03 17:40:53.553, 3, 47958 MiB, 100 %
2026/10/03 17:40:54.553, 3, 47958 MiB, 100 %
2026/10/03 17:40:55.553, 3, 47958 MiB, 100 %
2026/10/03 17:40:56.554, 3, 47958 MiB, 100 %
2026/10/03 17:40:57.554, 3, 47958 MiB, 100 %
2026/10/03 17:40:58.554, 3, 47958 MiB, 100 %
2026/10/03 17:40:59.554, 3, 47958 MiB, 100 %
2026/10/03 17:41:00.554, 3, 47958 MiB, 100 %
2026/10/03 17:41:01.555, 3, 47958 MiB, 100 %
2026/10/03 17:41:02.555, 3, 47958 MiB, 100 %
2026/10/03 17:41:03.555, 3, 47958 MiB, 100 %
2026/10/03 17:41:04.555, 3, 47958 MiB, 100 %
2026/10/03 17:41:05.555, 3, 47958 MiB, 100 %
2026/10/03 17:41:06.556, 3, 47958 MiB, 100 %
2026/10/03 17:41:07.556, 3, 47958 MiB, 100 %
2026/10/03 17:41:08.556, 3, 47958 MiB, 100 %
2026/10/03 17:41:09.556, 3, 47958 MiB, 99 %
2026/10/03 17:41:10.556, 3, 47958 MiB, 100 %
2026/10/03 17:41:11.557, 3, 47958 MiB, 100 %
2026/10/03 17:41:12.557, 3, 47958 MiB, 100 %
2026/10/03 17:41:13.557, 3, 47958 MiB, 100 %
2026/10/03 17:41:14.557, 3, 47958 MiB, 100 %
2026/10/03 17:41:15.557, 3, 47958 MiB, 100 %
2026/10/03 17:41:16.558, 3, 47958 MiB, 100 %
2026/10/03 17:41:17.558, 3, 47958 MiB, 100 %
2026/10/03 17:41:18.558, 3, 47958 MiB, 100 %
2026/10/03 17:41:19.558, 3, 47958 MiB, 100 %
2026/10/03 17:41:20.558, 3, 47958 MiB, 100 %
2026/10/03 17:41:21.559, 3, 47958 MiB, 100 %
2026/10/03 17:41:22.559, 3, 47958 MiB, 100 %
2026/10/03 17:41:23.559, 3, 47958 MiB, 100 %
2026/10/03 17:41:24.559, 3, 47958 MiB, 100 %
2026/10/03 17:41:25.559, 3, 47958 MiB, 100 %
2026/10/03 17:41:26.560, 3, 47958 MiB, 100 %
2026/10/03 17:41:27.560, 3, 47958 MiB, 100 %
2026/10/03 17:41:28.560, 3, 47958 MiB, 100 %
2026/10/03 17:41:29.560, 3, 47958 MiB, 100 %
2026/10/03 17:41:30.560, 3, 47958 MiB, 100 %
2026/10/03 17:41:31.561, 3, 47958 MiB, 100 %
2026/10/03 17:41:32.561, 3, 47958 MiB, 100 %
2026/10/03 17:41:33.561, 3, 47958 MiB, 100 %
2026/10/03 17:41:34.561, 3, 47958 MiB, 100 %
2026/10/03 17:41:35.561, 3, 47958 MiB, 100 %
2026/10/03 17:41:36.562, 3, 47958 MiB, 100 %
2026/10/03 17:41:37.562, 3, 47958 MiB, 100 %
2026/10/03 17:41:38.562, 3, 47958 MiB, 100 %
2026/10/03 17:41:39.562, 3, 47958 MiB, 100 %
2026/10/03 17:41:40.563, 3, 47958 MiB, 100 %
2026/10/03 17:41:41.563, 3, 47958 MiB, 100 %
2026/10/03 17:41:42.563, 3, 47958 MiB, 100 %
2026/10/03 17:41:43.564, 3, 47958 MiB, 100 %
2026/10/03 17:41:44.564, 3, 47958 MiB, 100 %
2026/10/03 17:41:45.565, 3, 47958 MiB, 100 %
2026/10/03 17:41:46.565, 3, 47958 MiB, 100 %
2026/10/03 17:41:47.565, 3, 47958 MiB, 100 %
2026/10/03 17:41:48.566, 3, 47958 MiB, 100 %
2026/10/03 17:41:49.566, 3, 47958 MiB, 100 %
2026/10/03 17:41:50.566, 3, 47958 MiB, 100 %
2026/10/03 17:41:51.567, 3, 47958 MiB, 100 %
2026/10/03 17:41:52.567, 3, 47958 MiB, 100 %
2026/10/03 17:41:53.567, 3, 47958 MiB, 100 %
2026/10/03 17:41:54.568, 3, 47958 MiB, 100 %
2026/10/03 17:41:55.568, 3, 47958 MiB, 100 %
2026/10/03 17:41:56.568, 3, 47958 MiB, 100 %
2026/10/03 17:41:57.569, 3, 47958 MiB, 100 %
2026/10/03 17:41:58.569, 3, 47958 MiB, 100 %
2026/10/03 17:41:59.570, 3, 47958 MiB, 100 %
2026/10/03 17:42:00.570, 3, 47958 MiB, 100 %
2026/10/03 17:42:01.570, 3, 47958 MiB, 100 %
2026/10/03 17:42:02.571, 3, 47958 MiB, 100 %
2026/10/03 17:42:03.571, 3, 47958 MiB, 100 %
2026/10/03 17:42:04.571, 3, 47958 MiB, 100 %
2026/10/03 17:42:05.572, 3, 47958 MiB, 100 %
2026/10/03 17:42:06.572, 3, 47958 MiB, 100 %
2026/10/03 17:42:07.572, 3, 47958 MiB, 100 %
2026/10/03 17:42:08.573, 3, 47958 MiB, 100 %
2026/10/03 17:42:09.573, 3, 47958 MiB, 100 %
2026/10/03 17:42:10.573, 3, 47958 MiB, 100 %
2026/10/03 17:42:11.574, 3, 47958 MiB, 100 %
2026/10/03 17:42:12.574, 3, 47958 MiB, 100 %
2026/10/03 17:42:13.574, 3, 47958 MiB, 100 %
2026/10/03 17:42:14.575, 3, 47958 MiB, 100 %
2026/10/03 17:42:15.575, 3, 47958 MiB, 100 %
2026/10/03 17:42:16.575, 3, 47958 MiB, 100 %
2026/10/03 17:42:17.576, 3, 47958 MiB, 100 %
2026/10/03 17:42:18.576, 3, 47958 MiB, 100 %
2026/10/03 17:42:19.576, 3, 47958 MiB, 100 %
2026/10/03 17:42:20.576, 3, 47958 MiB, 100 %
2026/10/03 17:42:21.577, 3, 47958 MiB, 100 %
2026/10/03 17:42:22.577, 3, 47958 MiB, 100 %
2026/10/03 17:42:23.577, 3, 47958 MiB, 100 %
2026/10/03 17:42:24.577, 3, 47958 MiB, 100 %
2026/10/03 17:42:25.578, 3, 47958 MiB, 100 %
2026/10/03 17:42:26.578, 3, 47958 MiB, 100 %
2026/10/03 17:42:27.578, 3, 47958 MiB, 100 %
2026/10/03 17:42:28.578, 3, 47958 MiB, 100 %
2026/10/03 17:42:29.578, 3, 47958 MiB, 100 %
2026/10/03 17:42:30.579, 3, 47958 MiB, 100 %
2026/10/03 17:42:31.579, 3, 47958 MiB, 100 %
2026/10/03 17:42:32.579, 3, 47958 MiB, 100 %
2026/10/03 17:42:33.579, 3, 47958 MiB, 100 %
2026/10/03 17:42:34.580, 3, 47958 MiB, 100 %
2026/10/03 17:42:35.580, 3, 47958 MiB, 100 %
2026/10/03 17:42:36.580, 3, 47958 MiB, 100 %
2026/10/03 17:42:37.580, 3, 47958 MiB, 100 %
2026/10/03 17:42:38.581, 3, 47958 MiB, 100 %
2026/10/03 17:42:39.581, 3, 47958 MiB, 100 %
2026/10/03 17:42:40.583, 3, 47958 MiB, 100 %
2026/10/03 17:42:41.583, 3, 47958 MiB, 100 %
2026/10/03 17:42:42.583, 3, 47958 MiB, 100 %
2026/10/03 17:42:43.583, 3, 47958 MiB, 100 %
2026/10/03 17:42:44.583, 3, 47958 MiB, 100 %
2026/10/03 17:42:45.584, 3, 47958 MiB, 100 %
2026/10/03 17:42:46.584, 3, 47958 MiB, 100 %
2026/10/03 17:42:47.584, 3, 47958 MiB, 100 %
2026/10/03 17:42:48.584, 3, 47958 MiB, 100 %
2026/10/03 17:42:49.585, 3, 47958 MiB, 100 %
2026/10/03 17:42:50.585, 3, 47958 MiB, 100 %
2026/10/03 17:42:51.585, 3, 47958 MiB, 100 %
2026/10/03 17:42:52.585, 3, 47958 MiB, 100 %
2026/10/03 17:42:53.586, 3, 47958 MiB, 100 %
2026/10/03 17:42:54.586, 3, 47958 MiB, 100 %
2026/10/03 17:42:55.586, 3, 47958 MiB, 100 %
2026/10/03 17:42:56.586, 3, 47958 MiB, 100 %
2026/10/03 17:42:57.587, 3, 47958 MiB, 100 %
2026/10/03 17:42:58.587, 3, 47958 MiB, 100 %
2026/10/03 17:42:59.587, 3, 47958 MiB, 100 %
2026/10/03 17:43:00.587, 3, 47958 MiB, 100 %
2026/10/03 17:43:01.588, 3, 47958 MiB, 100 %
2026/10/03 17:43:02.588, 3, 47958 MiB, 100 %
2026/10/03 17:43:03.588, 3, 47958 MiB, 100 %
2026/10/03 17:43:04.588, 3, 47958 MiB, 100 %
2026/10/03 17:43:05.589, 3, 47958 MiB, 100 %
2026/10/03 17:43:06.589, 3, 47958 MiB, 100 %
2026/10/03 17:43:07.589, 3, 47958 MiB, 100 %
2026/10/03 17:43:08.589, 3, 47958 MiB, 100 %
2026/10/03 17:43:09.590, 3, 47958 MiB, 100 %
2026/10/03 17:43:10.590, 3, 47958 MiB, 100 %
2026/10/03 17:43:11.590, 3, 47958 MiB, 100 %
2026/10/03 17:43:12.590, 3, 47958 MiB, 100 %
2026/10/03 17:43:13.591, 3, 47958 MiB, 100 %
2026/10/03 17:43:14.591, 3, 47958 MiB, 100 %
2026/10/03 17:43:15.591, 3, 47958 MiB, 100 %
2026/10/03 17:43:16.592, 3, 47958 MiB, 100 %
2026/10/03 17:43:17.592, 3, 47958 MiB, 100 %
2026/10/03 17:43:18.592, 3, 47958 MiB, 100 %
2026/10/03 17:43:19.593, 3, 47958 MiB, 100 %
2026/10/03 17:43:20.593, 3, 47958 MiB, 100 %
2026/10/03 17:43:21.593, 3, 47958 MiB, 100 %
2026/10/03 17:43:22.594, 3, 47958 MiB, 100 %
2026/10/03 17:43:23.594, 3, 47958 MiB, 100 %
2026/10/03 17:43:24.594, 3, 47958 MiB, 100 %
2026/10/03 17:43:25.595, 3, 47958 MiB, 100 %
2026/10/03 17:43:26.595, 3, 47958 MiB, 100 %
2026/10/03 17:43:27.595, 3, 47958 MiB, 100 %
2026/10/03 17:43:28.596, 3, 47958 MiB, 100 %
2026/10/03 17:43:29.596, 3, 47958 MiB, 100 %
2026/10/03 17:43:30.596, 3, 47958 MiB, 100 %
2026/10/03 17:43:31.597, 3, 47958 MiB, 100 %
2026/10/03 17:43:32.597, 3, 47958 MiB, 100 %
2026/10/03 17:43:33.597, 3, 47958 MiB, 100 %
2026/10/03 17:43:34.598, 3, 47958 MiB, 100 %
2026/10/03 17:43:35.598, 3, 47958 MiB, 100 %
2026/10/03 17:43:36.598, 3, 47958 MiB, 100 %
2026/10/03 17:43:37.599, 3, 47958 MiB, 100 %
2026/10/03 17:43:38.599, 3, 47958 MiB, 100 %
2026/10/03 17:43:39.599, 3, 47958 MiB, 100 %
2026/10/03 17:43:40.600, 3, 47958 MiB, 100 %
2026/10/03 17:43:41.600, 3, 47958 MiB, 100 %
2026/10/03 17:43:42.600, 3, 47958 MiB, 100 %
2026/10/03 17:43:43.600, 3, 47958 MiB, 100 %
2026/10/03 17:43:44.601, 3, 47958 MiB, 100 %
2026/10/03 17:43:45.601, 3, 47958 MiB, 100 %
2026/10/03 17:43:46.601, 3, 47958 MiB, 100 %
2026/10/03 17:43:47.602, 3, 47958 MiB, 100 %
2026/10/03 17:43:48.602, 3, 47958 MiB, 100 %
2026/10/03 17:43:49.602, 3, 47958 MiB, 100 %
2026/10/03 17:43:50.603, 3, 47958 MiB, 100 %
2026/10/03 17:43:51.603, 3, 47958 MiB, 100 %
2026/10/03 17:43:52.603, 3, 47958 MiB, 100 %
2026/10/03 17:43:53.604, 3, 47958 MiB, 100 %
2026/10/03 17:43:54.604, 3, 47958 MiB, 100 %
2026/10/03 17:43:55.604, 3, 47958 MiB, 100 %
2026/10/03 17:43:56.604, 3, 47958 MiB, 100 %
2026/10/03 17:43:57.605, 3, 47958 MiB, 100 %
2026/10/03 17:43:58.605, 3, 47958 MiB, 100 %
2026/10/03 17:43:59.605, 3, 47958 MiB, 100 %
2026/10/03 17:44:00.606, 3, 47958 MiB, 100 %
2026/10/03 17:44:01.606, 3, 47958 MiB, 100 %
2026/10/03 17:44:02.606, 3, 47958 MiB, 100 %
2026/10/03 17:44:03.606, 3, 47958 MiB, 100 %
2026/10/03 17:44:04.607, 3, 47958 MiB, 100 %
2026/10/03 17:44:05.607, 3, 47958 MiB, 100 %
2026/10/03 17:44:06.607, 3, 47958 MiB, 100 %
2026/10/03 17:44:07.608, 3, 47958 MiB, 100 %
2026/10/03 17:44:08.608, 3, 47958 MiB, 100 %
2026/10/03 17:44:09.608, 3, 47958 MiB, 100 %
2026/10/03 17:44:10.609, 3, 47958 MiB, 100 %
2026/10/03 17:44:11.609, 3, 47958 MiB, 100 %
2026/10/03 17:44:12.609, 3, 47958 MiB, 100 %
2026/10/03 17:44:13.609, 3, 47958 MiB, 100 %
2026/10/03 17:44:14.610, 3, 47958 MiB, 100 %
2026/10/03 17:44:15.610, 3, 47958 MiB, 100 %
2026/10/03 17:44:16.610, 3, 47958 MiB, 100 %
2026/10/03 17:44:17.611, 3, 47958 MiB, 100 %
2026/10/03 17:44:18.611, 3, 47958 MiB, 100 %
2026/10/03 17:44:19.611, 3, 47958 MiB, 100 %
2026/10/03 17:44:20.612, 3, 47958 MiB, 100 %
2026/10/03 17:44:21.612, 3, 47958 MiB, 100 %
2026/10/03 17:44:22.612, 3, 47958 MiB, 100 %
2026/10/03 17:44:23.613, 3, 47958 MiB, 100 %
2026/10/03 17:44:24.613, 3, 47958 MiB, 100 %
2026/10/03 17:44:25.613, 3, 47958 MiB, 100 %
2026/10/03 17:44:26.614, 3, 47958 MiB, 100 %
2026/10/03 17:44:27.614, 3, 47958 MiB, 100 %
2026/10/03 17:44:28.614, 3, 47958 MiB, 100 %
2026/10/03 17:44:29.615, 3, 47958 MiB, 100 %
2026/10/03 17:44:30.615, 3, 47958 MiB, 100 %
2026/10/03 17:44:31.615, 3, 47958 MiB, 100 %
2026/10/03 17:44:32.616, 3, 47958 MiB, 100 %
2026/10/03 17:44:33.616, 3, 47958 MiB, 100 %
2026/10/03 17:44:34.616, 3, 47958 MiB, 100 %
2026/10/03 17:44:35.616, 3, 47958 MiB, 100 %
2026/10/03 17:44:36.617, 3, 47958 MiB, 100 %
2026/10/03 17:44:37.617, 3, 47958 MiB, 100 %
2026/10/03 17:44:38.617, 3, 47958 MiB, 100 %
2026/10/03 17:44:39.618, 3, 47958 MiB, 100 %
2026/10/03 17:44:40.619, 3, 47958 MiB, 100 %
2026/10/03 17:44:41.619, 3, 47958 MiB, 100 %
2026/10/03 17:44:42.619, 3, 47958 MiB, 100 %
2026/10/03 17:44:43.620, 3, 47958 MiB, 100 %
2026/10/03 17:44:44.620, 3, 47958 MiB, 100 %
2026/10/03 17:44:45.621, 3, 47958 MiB, 100 %
2026/10/03 17:44:46.622, 3, 47958 MiB, 100 %
2026/10/03 17:44:47.622, 3, 47958 MiB, 100 %
2026/10/03 17:44:48.622, 3, 47958 MiB, 100 %
2026/10/03 17:44:49.622, 3, 47958 MiB, 100 %
2026/10/03 17:44:50.624, 3, 47958 MiB, 100 %
2026/10/03 17:44:51.624, 3, 47958 MiB, 100 %
2026/10/03 17:44:52.624, 3, 47958 MiB, 100 %
2026/10/03 17:44:53.625, 3, 47958 MiB, 100 %
2026/10/03 17:44:54.625, 3, 47958 MiB, 100 %
2026/10/03 17:44:55.626, 3, 47958 MiB, 100 %
2026/10/03 17:44:56.626, 3, 47958 MiB, 100 %
2026/10/03 17:44:57.627, 3, 47958 MiB, 100 %
2026/10/03 17:44:58.627, 3, 47958 MiB, 100 %
2026/10/03 17:44:59.627, 3, 47958 MiB, 100 %
2026/10/03 17:45:00.628, 3, 47958 MiB, 100 %
2026/10/03 17:45:01.628, 3, 47958 MiB, 100 %
2026/10/03 17:45:02.628, 3, 47958 MiB, 100 %
2026/10/03 17:45:03.629, 3, 47958 MiB, 100 %
2026/10/03 17:45:04.629, 3, 47958 MiB, 100 %
2026/10/03 17:45:05.630, 3, 47958 MiB, 100 %
2026/10/03 17:45:06.630, 3, 47958 MiB, 100 %
2026/10/03 17:45:07.630, 3, 47958 MiB, 100 %
2026/10/03 17:45:08.631, 3, 47958 MiB, 100 %
2026/10/03 17:45:09.631, 3, 47958 MiB, 100 %
2026/10/03 17:45:10.632, 3, 47958 MiB, 100 %
2026/10/03 17:45:11.633, 3, 47958 MiB, 100 %
2026/10/03 17:45:12.633, 3, 47958 MiB, 100 %
2026/10/03 17:45:13.633, 3, 47958 MiB, 100 %
2026/10/03 17:45:14.634, 3, 47958 MiB, 100 %
2026/10/03 17:45:15.634, 3, 47958 MiB, 100 %
2026/10/03 17:45:16.635, 3, 47958 MiB, 100 %
2026/10/03 17:45:17.635, 3, 47958 MiB, 100 %
2026/10/03 17:45:18.635, 3, 47958 MiB, 0 %
2026/10/03 17:45:19.636, 3, 47958 MiB, 100 %
2026/10/03 17:45:20.637, 3, 47958 MiB, 100 %
2026/10/03 17:45:21.637, 3, 47958 MiB, 100 %
2026/10/03 17:45:22.637, 3, 47958 MiB, 100 %
2026/10/03 17:45:23.637, 3, 47958 MiB, 100 %
2026/10/03 17:45:24.638, 3, 47958 MiB, 100 %
2026/10/03 17:45:25.638, 3, 47958 MiB, 100 %
2026/10/03 17:45:26.638, 3, 47958 MiB, 100 %
2026/10/03 17:45:27.639, 3, 47958 MiB, 100 %
2026/10/03 17:45:28.639, 3, 47958 MiB, 100 %
2026/10/03 17:45:29.639, 3, 47958 MiB, 100 %
2026/10/03 17:45:30.640, 3, 47958 MiB, 100 %
2026/10/03 17:45:31.640, 3, 47958 MiB, 100 %
2026/10/03 17:45:32.640, 3, 47958 MiB, 100 %
2026/10/03 17:45:33.641, 3, 47958 MiB, 100 %
2026/10/03 17:45:34.641, 3, 47958 MiB, 100 %
2026/10/03 17:45:35.641, 3, 47958 MiB, 100 %
2026/10/03 17:45:36.642, 3, 47958 MiB, 100 %
2026/10/03 17:45:37.642, 3, 47958 MiB, 100 %
2026/10/03 17:45:38.642, 3, 47958 MiB, 100 %
2026/10/03 17:45:39.642, 3, 47958 MiB, 100 %
2026/10/03 17:45:40.643, 3, 47958 MiB, 98 %
2026/10/03 17:45:41.643, 3, 47958 MiB, 100 %
2026/10/03 17:45:42.643, 3, 47958 MiB, 100 %
2026/10/03 17:45:43.644, 3, 47958 MiB, 100 %
2026/10/03 17:45:44.644, 3, 47958 MiB, 100 %
2026/10/03 17:45:45.644, 3, 47958 MiB, 100 %
2026/10/03 17:45:46.645, 3, 47958 MiB, 100 %
2026/10/03 17:45:47.645, 3, 47958 MiB, 100 %
2026/10/03 17:45:48.645, 3, 47958 MiB, 100 %
2026/10/03 17:45:49.646, 3, 47958 MiB, 100 %
2026/10/03 17:45:50.646, 3, 47958 MiB, 100 %
2026/10/03 17:45:51.646, 3, 47958 MiB, 100 %
2026/10/03 17:45:52.647, 3, 47958 MiB, 100 %
2026/10/03 17:45:53.647, 3, 47958 MiB, 100 %
2026/10/03 17:45:54.647, 3, 47958 MiB, 100 %
2026/10/03 17:45:55.648, 3, 47958 MiB, 100 %
2026/10/03 17:45:56.648, 3, 47958 MiB, 100 %
2026/10/03 17:45:57.648, 3, 47958 MiB, 100 %
2026/10/03 17:45:58.649, 3, 47958 MiB, 100 %
2026/10/03 17:45:59.649, 3, 47958 MiB, 100 %
2026/10/03 17:46:00.649, 3, 47958 MiB, 100 %
2026/10/03 17:46:01.650, 3, 47958 MiB, 100 %
2026/10/03 17:46:02.651, 3, 47958 MiB, 100 %
2026/10/03 17:46:03.651, 3, 47958 MiB, 100 %
2026/10/03 17:46:04.651, 3, 47958 MiB, 100 %
2026/10/03 17:46:05.652, 3, 47958 MiB, 100 %
2026/10/03 17:46:06.652, 3, 47958 MiB, 100 %
2026/10/03 17:46:07.652, 3, 47958 MiB, 100 %
2026/10/03 17:46:08.653, 3, 47958 MiB, 100 %
2026/10/03 17:46:09.653, 3, 47958 MiB, 100 %
2026/10/03 17:46:10.653, 3, 47958 MiB, 100 %
2026/10/03 17:46:11.654, 3, 47958 MiB, 100 %
2026/10/03 17:46:12.654, 3, 47958 MiB, 100 %
2026/10/03 17:46:13.654, 3, 47958 MiB, 100 %
2026/10/03 17:46:14.655, 3, 47958 MiB, 100 %
2026/10/03 17:46:15.655, 3, 47958 MiB, 100 %
2026/10/03 17:46:16.655, 3, 47958 MiB, 100 %
2026/10/03 17:46:17.657, 3, 47958 MiB, 100 %
2026/10/03 17:46:18.657, 3, 47958 MiB, 100 %
2026/10/03 17:46:19.657, 3, 47958 MiB, 100 %
2026/10/03 17:46:20.657, 3, 47958 MiB, 100 %
2026/10/03 17:46:21.658, 3, 47958 MiB, 100 %
2026/10/03 17:46:22.658, 3, 47958 MiB, 100 %
2026/10/03 17:46:23.658, 3, 47958 MiB, 100 %
2026/10/03 17:46:24.659, 3, 47958 MiB, 100 %
2026/10/03 17:46:25.659, 3, 47958 MiB, 100 %
2026/10/03 17:46:26.659, 3, 47958 MiB, 100 %
2026/10/03 17:46:27.660, 3, 47958 MiB, 100 %
2026/10/03 17:46:28.661, 3, 47958 MiB, 100 %
2026/10/03 17:46:29.661, 3, 47958 MiB, 100 %
2026/10/03 17:46:30.661, 3, 47958 MiB, 100 %
2026/10/03 17:46:31.662, 3, 47958 MiB, 100 %
2026/10/03 17:46:32.662, 3, 47958 MiB, 100 %
2026/10/03 17:46:33.663, 3, 47958 MiB, 100 %
2026/10/03 17:46:34.663, 3, 47958 MiB, 100 %
2026/10/03 17:46:35.663, 3, 47958 MiB, 100 %
2026/10/03 17:46:36.664, 3, 47958 MiB, 100 %
2026/10/03 17:46:37.664, 3, 47958 MiB, 100 %
2026/10/03 17:46:38.664, 3, 47958 MiB, 100 %
2026/10/03 17:46:39.665, 3, 47958 MiB, 100 %
2026/10/03 17:46:40.665, 3, 47958 MiB, 100 %
2026/10/03 17:46:41.665, 3, 47958 MiB, 100 %
2026/10/03 17:46:42.666, 3, 47958 MiB, 100 %
2026/10/03 17:46:43.666, 3, 47958 MiB, 100 %
2026/10/03 17:46:44.666, 3, 47958 MiB, 100 %
2026/10/03 17:46:45.667, 3, 47958 MiB, 100 %
2026/10/03 17:46:46.667, 3, 47958 MiB, 100 %
2026/10/03 17:46:47.667, 3, 47958 MiB, 100 %
2026/10/03 17:46:48.667, 3, 47958 MiB, 100 %
2026/10/03 17:46:49.668, 3, 47958 MiB, 100 %
2026/10/03 17:46:50.668, 3, 47958 MiB, 100 %
2026/10/03 17:46:51.668, 3, 47958 MiB, 100 %
2026/10/03 17:46:52.668, 3, 47958 MiB, 100 %
2026/10/03 17:46:53.669, 3, 47958 MiB, 100 %
2026/10/03 17:46:54.669, 3, 47958 MiB, 100 %
2026/10/03 17:46:55.669, 3, 47958 MiB, 100 %
2026/10/03 17:46:56.670, 3, 47958 MiB, 100 %
2026/10/03 17:46:57.670, 3, 47958 MiB, 100 %
2026/10/03 17:46:58.670, 3, 47958 MiB, 100 %
2026/10/03 17:46:59.671, 3, 47958 MiB, 100 %
2026/10/03 17:47:00.671, 3, 47958 MiB, 100 %
2026/10/03 17:47:01.671, 3, 47958 MiB, 100 %
2026/10/03 17:47:02.672, 3, 47958 MiB, 100 %
2026/10/03 17:47:03.672, 3, 47958 MiB, 100 %
2026/10/03 17:47:04.672, 3, 47958 MiB, 100 %
2026/10/03 17:47:05.673, 3, 47958 MiB, 100 %
2026/10/03 17:47:06.673, 3, 47958 MiB, 100 %
2026/10/03 17:47:07.673, 3, 47958 MiB, 100 %
2026/10/03 17:47:08.675, 3, 47958 MiB, 100 %
2026/10/03 17:47:09.675, 3, 47958 MiB, 100 %
2026/10/03 17:47:10.675, 3, 47958 MiB, 100 %
2026/10/03 17:47:11.676, 3, 47958 MiB, 100 %
2026/10/03 17:47:12.676, 3, 47958 MiB, 100 %
2026/10/03 17:47:13.678, 3, 47958 MiB, 100 %
2026/10/03 17:47:14.678, 3, 47958 MiB, 100 %
2026/10/03 17:47:15.678, 3, 47958 MiB, 100 %
2026/10/03 17:47:16.678, 3, 47958 MiB, 100 %
2026/10/03 17:47:17.679, 3, 47958 MiB, 100 %
2026/10/03 17:47:18.680, 3, 47958 MiB, 100 %
2026/10/03 17:47:19.680, 3, 47958 MiB, 100 %
2026/10/03 17:47:20.681, 3, 47958 MiB, 100 %
2026/10/03 17:47:21.681, 3, 47958 MiB, 100 %
2026/10/03 17:47:22.681, 3, 47958 MiB, 100 %
2026/10/03 17:47:23.682, 3, 47958 MiB, 100 %
2026/10/03 17:47:24.682, 3, 47958 MiB, 100 %
2026/10/03 17:47:25.682, 3, 47958 MiB, 100 %
2026/10/03 17:47:26.683, 3, 47958 MiB, 86 %
2026/10/03 17:47:27.683, 3, 47958 MiB, 100 %
2026/10/03 17:47:28.685, 3, 47958 MiB, 100 %
2026/10/03 17:47:29.685, 3, 47958 MiB, 100 %
2026/10/03 17:47:30.686, 3, 47958 MiB, 100 %
2026/10/03 17:47:31.686, 3, 47958 MiB, 100 %
2026/10/03 17:47:32.686, 3, 47958 MiB, 100 %
2026/10/03 17:47:33.686, 3, 47958 MiB, 100 %
2026/10/03 17:47:34.687, 3, 47958 MiB, 100 %
2026/10/03 17:47:35.687, 3, 47958 MiB, 100 %
2026/10/03 17:47:36.687, 3, 47958 MiB, 100 %
2026/10/03 17:47:37.688, 3, 47958 MiB, 100 %
2026/10/03 17:47:38.688, 3, 47958 MiB, 100 %
2026/10/03 17:47:39.688, 3, 47958 MiB, 100 %
2026/10/03 17:47:40.689, 3, 47958 MiB, 100 %
2026/10/03 17:47:41.689, 3, 47958 MiB, 100 %
2026/10/03 17:47:42.689, 3, 47958 MiB, 100 %
2026/10/03 17:47:43.690, 3, 47958 MiB, 100 %
2026/10/03 17:47:44.690, 3, 47958 MiB, 100 %
2026/10/03 17:47:45.690, 3, 47958 MiB, 100 %
2026/10/03 17:47:46.691, 3, 47958 MiB, 100 %
2026/10/03 17:47:47.691, 3, 47958 MiB, 100 %
2026/10/03 17:47:48.691, 3, 47958 MiB, 100 %
2026/10/03 17:47:49.692, 3, 47958 MiB, 100 %
2026/10/03 17:47:50.692, 3, 47958 MiB, 100 %
2026/10/03 17:47:51.692, 3, 47958 MiB, 100 %
2026/10/03 17:47:52.693, 3, 47958 MiB, 100 %
2026/10/03 17:47:53.693, 3, 47958 MiB, 100 %
2026/10/03 17:47:54.693, 3, 47958 MiB, 100 %
2026/10/03 17:47:55.694, 3, 47958 MiB, 100 %
2026/10/03 17:47:56.694, 3, 47958 MiB, 100 %
2026/10/03 17:47:57.694, 3, 47958 MiB, 100 %
2026/10/03 17:47:58.695, 3, 47958 MiB, 100 %
2026/10/03 17:47:59.695, 3, 47958 MiB, 100 %
2026/10/03 17:48:00.695, 3, 47958 MiB, 100 %
2026/10/03 17:48:01.695, 3, 47958 MiB, 100 %
2026/10/03 17:48:02.696, 3, 47958 MiB, 100 %
2026/10/03 17:48:03.696, 3, 47958 MiB, 100 %
2026/10/03 17:48:04.696, 3, 47958 MiB, 100 %
2026/10/03 17:48:05.697, 3, 47958 MiB, 100 %
2026/10/03 17:48:06.697, 3, 47958 MiB, 100 %
2026/10/03 17:48:07.698, 3, 47958 MiB, 100 %
2026/10/03 17:48:08.698, 3, 47958 MiB, 100 %
2026/10/03 17:48:09.698, 3, 47958 MiB, 100 %
2026/10/03 17:48:10.698, 3, 47958 MiB, 100 %
2026/10/03 17:48:11.699, 3, 47958 MiB, 100 %
2026/10/03 17:48:12.699, 3, 47958 MiB, 100 %
2026/10/03 17:48:13.699, 3, 47958 MiB, 100 %
2026/10/03 17:48:14.700, 3, 47958 MiB, 100 %
2026/10/03 17:48:15.700, 3, 47958 MiB, 100 %
2026/10/03 17:48:16.700, 3, 47958 MiB, 100 %
2026/10/03 17:48:17.701, 3, 47958 MiB, 100 %
2026/10/03 17:48:18.701, 3, 47958 MiB, 100 %
2026/10/03 17:48:19.701, 3, 47958 MiB, 100 %
2026/10/03 17:48:20.701, 3, 47958 MiB, 100 %
2026/10/03 17:48:21.702, 3, 47958 MiB, 100 %
2026/10/03 17:48:22.702, 3, 47958 MiB, 100 %
2026/10/03 17:48:23.702, 3, 47958 MiB, 100 %
2026/10/03 17:48:24.703, 3, 47958 MiB, 100 %
2026/10/03 17:48:25.703, 3, 47958 MiB, 100 %
2026/10/03 17:48:26.703, 3, 47958 MiB, 100 %
2026/10/03 17:48:27.703, 3, 47958 MiB, 100 %
2026/10/03 17:48:28.704, 3, 47958 MiB, 100 %
2026/10/03 17:48:29.704, 3, 47958 MiB, 100 %
2026/10/03 17:48:30.704, 3, 47958 MiB, 100 %
2026/10/03 17:48:31.705, 3, 47958 MiB, 100 %
2026/10/03 17:48:32.705, 3, 47958 MiB, 100 %
2026/10/03 17:48:33.705, 3, 47958 MiB, 100 %
2026/10/03 17:48:34.706, 3, 47958 MiB, 100 %
2026/10/03 17:48:35.706, 3, 47958 MiB, 100 %
2026/10/03 17:48:36.706, 3, 47958 MiB, 100 %
2026/10/03 17:48:37.706, 3, 47958 MiB, 100 %
2026/10/03 17:48:38.707, 3, 47958 MiB, 100 %
2026/10/03 17:48:39.707, 3, 47958 MiB, 100 %
2026/10/03 17:48:40.707, 3, 47958 MiB, 100 %
2026/10/03 17:48:41.708, 3, 47958 MiB, 100 %
2026/10/03 17:48:42.708, 3, 47958 MiB, 100 %
2026/10/03 17:48:43.708, 3, 47958 MiB, 100 %
2026/10/03 17:48:44.708, 3, 47958 MiB, 100 %
2026/10/03 17:48:45.709, 3, 47958 MiB, 100 %
2026/10/03 17:48:46.709, 3, 47958 MiB, 100 %
2026/10/03 17:48:47.711, 3, 47958 MiB, 100 %
2026/10/03 17:48:48.711, 3, 47958 MiB, 100 %
2026/10/03 17:48:49.711, 3, 47958 MiB, 100 %
2026/10/03 17:48:50.711, 3, 47958 MiB, 100 %
2026/10/03 17:48:51.712, 3, 47958 MiB, 100 %
2026/10/03 17:48:52.713, 3, 47958 MiB, 100 %
2026/10/03 17:48:53.713, 3, 47958 MiB, 100 %
2026/10/03 17:48:54.714, 3, 47958 MiB, 100 %
2026/10/03 17:48:55.714, 3, 47958 MiB, 100 %
2026/10/03 17:48:56.714, 3, 47958 MiB, 100 %
2026/10/03 17:48:57.716, 3, 47958 MiB, 100 %
2026/10/03 17:48:58.716, 3, 47958 MiB, 100 %
2026/10/03 17:48:59.716, 3, 47958 MiB, 100 %
2026/10/03 17:49:00.717, 3, 47958 MiB, 100 %
2026/10/03 17:49:01.717, 3, 47958 MiB, 100 %
2026/10/03 17:49:02.718, 3, 47958 MiB, 100 %
2026/10/03 17:49:03.719, 3, 47958 MiB, 100 %
2026/10/03 17:49:04.719, 3, 47958 MiB, 100 %
2026/10/03 17:49:05.719, 3, 47958 MiB, 100 %
2026/10/03 17:49:06.719, 3, 47958 MiB, 100 %
2026/10/03 17:49:07.720, 3, 47958 MiB, 100 %
2026/10/03 17:49:08.720, 3, 47958 MiB, 100 %
2026/10/03 17:49:09.720, 3, 47958 MiB, 100 %
2026/10/03 17:49:10.721, 3, 47958 MiB, 100 %
2026/10/03 17:49:11.721, 3, 47958 MiB, 100 %
2026/10/03 17:49:12.721, 3, 47958 MiB, 100 %
2026/10/03 17:49:13.722, 3, 47958 MiB, 100 %
2026/10/03 17:49:14.722, 3, 47958 MiB, 100 %
2026/10/03 17:49:15.722, 3, 47958 MiB, 100 %
2026/10/03 17:49:16.722, 3, 47958 MiB, 100 %
2026/10/03 17:49:17.723, 3, 47958 MiB, 100 %
2026/10/03 17:49:18.723, 3, 47958 MiB, 100 %
2026/10/03 17:49:19.723, 3, 47958 MiB, 100 %
2026/10/03 17:49:20.724, 3, 47958 MiB, 55 %
2026/10/03 17:49:21.724, 3, 47958 MiB, 100 %
2026/10/03 17:49:22.724, 3, 47958 MiB, 100 %
2026/10/03 17:49:23.724, 3, 47958 MiB, 100 %
2026/10/03 17:49:24.724, 3, 47958 MiB, 100 %
2026/10/03 17:49:25.725, 3, 47958 MiB, 100 %
2026/10/03 17:49:26.725, 3, 47958 MiB, 100 %
2026/10/03 17:49:27.725, 3, 47958 MiB, 100 %
2026/10/03 17:49:28.725, 3, 47958 MiB, 100 %
2026/10/03 17:49:29.726, 3, 47958 MiB, 100 %
2026/10/03 17:49:30.726, 3, 47958 MiB, 100 %
2026/10/03 17:49:31.726, 3, 47958 MiB, 100 %
2026/10/03 17:49:32.726, 3, 47958 MiB, 100 %
2026/10/03 17:49:33.726, 3, 47958 MiB, 100 %
2026/10/03 17:49:34.727, 3, 47958 MiB, 100 %
2026/10/03 17:49:35.727, 3, 47958 MiB, 100 %
2026/10/03 17:49:36.727, 3, 47958 MiB, 100 %
2026/10/03 17:49:37.727, 3, 47958 MiB, 100 %
2026/10/03 17:49:38.727, 3, 47958 MiB, 100 %
2026/10/03 17:49:39.727, 3, 47958 MiB, 100 %
2026/10/03 17:49:40.728, 3, 47958 MiB, 100 %
2026/10/03 17:49:41.728, 3, 47958 MiB, 100 %
2026/10/03 17:49:42.728, 3, 47958 MiB, 100 %
2026/10/03 17:49:43.728, 3, 47958 MiB, 100 %
2026/10/03 17:49:44.728, 3, 47958 MiB, 100 %
2026/10/03 17:49:45.729, 3, 47958 MiB, 100 %
2026/10/03 17:49:46.729, 3, 47958 MiB, 100 %
2026/10/03 17:49:47.729, 3, 47958 MiB, 100 %
2026/10/03 17:49:48.729, 3, 47958 MiB, 100 %
2026/10/03 17:49:49.729, 3, 47958 MiB, 0 %
2026/10/03 17:49:50.730, 3, 199 MiB, 0 %
