question,prediction,expected_output,score,cost
"Let $ABCD$ be a parallelogram with $\angle BAD < 90^\circ.$ A circle tangent to sides $\overline{DA},$ $\overline{AB},$ and $\overline{BC}$ intersects diagonal $\overline{AC}$ at points $P$ and $Q$ with $AP < AQ,$ as shown. Suppose that $AP=3,$ $PQ=9,$ and $QC=16.$ Then the area of $ABCD$ can be expressed in the form $m\sqrt{n},$ where $m$ and $n$ are positive integers, and $n$ is not divisible by the square of any prime. Find $m+n.$","To find the area of the parallelogram $ABCD$, we will proceed step by step, analyzing the geometric properties given in the problem.

### Step 1: Analyze the Circle and Tangent Points
Let the circle be denoted by $\omega$. The circle is tangent to sides $DA$, $AB$, and $BC$.
Let the points of tangency be:
- $T_1$ on $DA$
- $T_2$ on $AB$
- $T_3$ on $BC$

Since $ABCD$ is a parallelogram, $AD \parallel BC$. A circle tangent to two parallel lines must have its diameter equal to the distance between these lines. Thus, the diameter of the circle is the height of the parallelogram corresponding to the base $AD$ (or $BC$). Let $h$ be this height. Then the radius of the circle is $r = h/2$.

The center of the circle, let's call it $O$, must lie on the midline of the parallelogram parallel to $AD$ and $BC$, at a distance $r$ from both. Also, since the circle is tangent to $AB$, the distance from $O$ to $AB$ is also $r$.

### Step 2: Use Power of a Point Theorem
The diagonal $AC$ is a secant line intersecting the circle at points $P$ and $Q$. We are given the lengths of the segments of the diagonal cut by the circle:
- $AP = 3$
- $PQ = 9$
- $QC = 16$

The total length of the diagonal $AC$ is:
$$AC = AP + PQ + QC = 3 + 9 + 16 = 28$$

Let the points of intersection of the line $AC$ with the circle be $P$ and $Q$. The order of points on the segment $AC$ is $A, P, Q, C$.
According to the **Power of a Point Theorem** for point $A$ with respect to the circle:
$$AP \cdot AQ = AT_2^2$$
where $AT_2$ is the length of the tangent segment from $A$ to the circle.
We know $AP = 3$ and $AQ = AP + PQ = 3 + 9 = 12$.
So,
$$AT_2^2 = 3 \cdot 12 = 36 \implies AT_2 = 6$$

Similarly, for point $C$:
$$CQ \cdot CP = CT_3^2$$
where $CT_3$ is the length of the tangent segment from $C$ to the circle.
We know $CQ = 16$ and $CP = CQ + QP = 16 + 9 = 25$.
So,
$$CT_3^2 = 16 \cdot 25 = 400 \implies CT_3 = 20$$

### Step 3: Relate Tangent Lengths to Parallelogram Dimensions
Let $\angle DAB = \alpha$. Since $ABCD$ is a parallelogram, $\angle ABC = 180^\circ - \alpha$.
The circle is tangent to $AB$ at $T_2$ and to $BC$ at $T_3$.
The center $O$ lies on the angle bisector of $\angle B$? Not necessarily. The circle is tangent to $AB$ and $BC$, so the center $O$ must lie on the angle bisector of $\angle ABC$.
Wait, the circle is tangent to $DA$, $AB$, and $BC$.
Let's re-evaluate the position of the center.
The circle is tangent to $DA$ and $BC$. Since $DA \parallel BC$, the center $O$ lies on the line parallel to $DA$ and $BC$ midway between them.
The circle is also tangent to $AB$.
Let $h$ be the distance between $DA$ and $BC$. Then the diameter is $h$, so radius $r = h/2$.
Let $x$ be the distance from $A$ to the projection of $O$ onto $AB$? No.
Let's use coordinates or trigonometry.
Let the side length $AB = c$ and $BC = a$.
The distance from $A$ to the point of tangency $T_2$ on $AB$ is $AT_2 = 6$.
The distance from $C$ to the point of tangency $T_3$ on $BC$ is $CT_3 = 20$.

Consider the geometry relative to the angle $\alpha = \angle DAB$.
The distance from $A$ to the line $BC$ is $h = a \sin \alpha$.
The circle is tangent to $DA$ and $BC$. Its center $O$ is at distance $r = h/2$ from both lines.
The distance from $A$ to the line containing the center's projection on $AB$?
Let's consider the right triangle formed by $A$, the point of tangency $T_2$, and the center $O$.
$OT_2 \perp AB$ and $OT_2 = r$.
In $\triangle A T_2 O$, $\angle A T_2 O = 90^\circ$.
The angle $\angle O A T_2$ is half of $\angle DAB$?
The center $O$ is equidistant from $DA$ and $AB$?
Distance from $O$ to $DA$ is $r$. Distance from $O$ to $AB$ is $r$.
Yes, $O$ is equidistant from lines $DA$ and $AB$. Therefore, $O$ lies on the angle bisector of $\angle DAB$.
So, $\angle OAB = \frac{\alpha}{2}$.
In right $\triangle A T_2 O$:
$$\sin(\frac{\alpha}{2}) = \frac{OT_2}{AO} = \frac{r}{AO}$$
$$\cos(\frac{\alpha}{2}) = \frac{AT_2}{AO} = \frac{6}{AO}$$
Thus, $r = 6 \tan(\frac{\alpha}{2})$.

Now consider point $C$.
The circle is tangent to $BC$ and $DA$.
Is $O$ on the bisector of $\angle BCD$?
Distance from $O$ to $BC$ is $r$. Distance from $O$ to $CD$?
We don't know if it's tangent to $CD$. The problem states tangent to $DA, AB, BC$.
However, $O$ is equidistant from $DA$ and $BC$ (both $r$).
Also $O$ is equidistant from $DA$ and $AB$ (both $r$).
This implies $O$ is on the bisector of $\angle A$.
What about $C$?
The distance from $C$ to the line $DA$ is $h = 2r$.
The distance from $C$ to the line $AB$?
Let's look at the tangent from $C$ to the circle. The point of tangency is $T_3$ on $BC$.
So $CT_3 = 20$.
Consider the right triangle formed by $C$, $T_3$, and $O$.
$OT_3 \perp BC$ and $OT_3 = r$.
What is the angle $\angle O C T_3$?
$O$ lies on the line parallel to $BC$ at distance $r$.
Let's set up a coordinate system.
Let $A = (0,0)$.
Let line $AB$ lie along the x-axis? No, let's align $AD$ with the x-axis for easier height calculation.
Let $A = (0,0)$. Line $AD$ is the x-axis ($y=0$).
Line $BC$ is $y = h = 2r$.
Line $AB$ passes through origin with angle $\alpha$. Equation: $y = x \tan \alpha$ or $x \sin \alpha - y \cos \alpha = 0$.
Center $O$ has y-coordinate $r$. Since it's on the bisector of $\angle A$, its coordinates are $(d \cos(\alpha/2), d \sin(\alpha/2))$.
Since $y_O = r$, we have $d \sin(\alpha/2) = r$.
Also distance to $AB$ is $r$. Distance from $(x_0, y_0)$ to $x \sin \alpha - y \cos \alpha = 0$ is $|x_0 \sin \alpha - y_0 \cos \alpha|$.
Since $O$ is on the bisector, this distance is indeed $r$.
We found $AT_2 = 6$. In $\triangle A T_2 O$, $AT_2 = AO \cos(\alpha/2)$.
$AO = r / \sin(\alpha/2)$.
So $6 = \frac{r}{\sin(\alpha/2)} \cos(\alpha/2) = r \cot(\alpha/2)$.
Thus $r = 6 \tan(\alpha/2)$. This matches our previous deduction.

Now for point $C$.
$C$ is a vertex such that $BC \parallel AD$ and $BC = AD$.
Let $AD = a$. Then $C = (a + c \cos \alpha, c \sin \alpha)$? No.
Vector $\vec{AD} = (a, 0)$.
Vector $\vec{AB} = (c \cos \alpha, c \sin \alpha)$.
Then $D = (a, 0)$ and $B = (c \cos \alpha, c \sin \alpha)$.
$C = D + \vec{AB} = (a + c \cos \alpha, c \sin \alpha)$.
The height of $C$ is $c \sin \alpha$. This must equal $h = 2r$.
So $c \sin \alpha = 2r$.
The circle is tangent to $BC$. The line $BC$ is horizontal $y = 2r$.
The center $O$ is at $y=r$. The distance is $r$. Correct.
The point of tangency $T_3$ on $BC$ has y-coordinate $2r$.
The x-coordinate of $T_3$ is the same as $O$, which is $x_O = r \cot(\alpha/2) = 6$.
So $T_3 = (6, 2r)$.
Point $C = (a + c \cos \alpha, 2r)$.
The distance $CT_3 = |(a + c \cos \alpha) - 6| = 20$.
So $a + c \cos \alpha - 6 = 20$ or $6 - (a + c \cos \alpha) = 20$.
Since $A, P, Q, C$ are in order and $AC=28$, $C$ is far from $A$.
$x_C = a + c \cos \alpha$.
$x_{T_3} = 6$.
$CT_3 = |x_C - 6| = 20$.
So $x_C = 26$ or $x_C = -14$. Since $a, c > 0$ and $\alpha < 90^\circ$, $x_C > 0$. So $x_C = 26$.
Thus $a + c \cos \alpha = 26$.

We also have the relation from the tangent length at $C$.
In right $\triangle C T_3 O$, $CT_3 = 20$, $OT_3 = r$.
$CO = \sqrt{20^2 + r^2}$.
Also, consider the angle $\angle O C T_3$.
The line $BC$ is horizontal. The line $CO$ connects $(x_C, 2r)$ and $(6, r)$.
Slope of $CO$: $\frac{2r - r}{x_C - 6} = \frac{r}{20}$.
Angle of $CO$ with horizontal (line $CB$): $\theta$. $\tan \theta = \frac{r}{20}$.
Wait, $O$ is below $BC$. So the angle inside the triangle $C T_3 O$ at $C$ is $\theta$.
$\tan(\angle O C T_3) = \frac{OT_3}{CT_3} = \frac{r}{20}$.
Is there a relation to $\alpha$?
The line $CD$ is parallel to $AB$. The angle of $CD$ with horizontal is $180^\circ - \alpha$ (if $D$ is to the right of $A$).
Actually, vector $\vec{DC} = \vec{AB}$. Angle of $DC$ with positive x-axis is $\alpha$.
So angle of line $CD$ is $\alpha$.
Line $BC$ is horizontal. Angle $\angle BCD = 180^\circ - \alpha$.
Does $O$ lie on the bisector of $\angle C$?
Distance from $O$ to $BC$ is $r$.
Distance from $O$ to $CD$?
Equation of line $CD$: passes through $D(a,0)$ with slope $\tan \alpha$.
$y - 0 = \tan \alpha (x - a) \implies x \sin \alpha - y \cos \alpha - a \sin \alpha = 0$.
Distance from $O(6, r)$ to $CD$:
$d = \frac{|6 \sin \alpha - r \cos \alpha - a \sin \alpha|}{1}$.
We know $r = 6 \tan(\alpha/2)$.
Also $a + c \cos \alpha = 26$.
And $c \sin \alpha = 2r$.
Let's express everything in terms of $r$ and $\alpha$.
$r = 6 \tan(\alpha/2)$.
$c = \frac{2r}{\sin \alpha} = \frac{2r}{2 \sin(\alpha/2) \cos(\alpha/2)} = \frac{r}{\sin(\alpha/2) \cos(\alpha/2)}$.
$a = 26 - c \cos \alpha = 26 - \frac{r \cos \alpha}{\sin(\alpha/2) \cos(\alpha/2)}$.
Substitute $r = 6 \frac{\sin(\alpha/2)}{\cos(\alpha/2)}$:
$c = \frac{6 \sin(\alpha/2)/\cos(\alpha/2)}{\sin(\alpha/2) \cos(\alpha/2)} = \frac{6}{\cos^2(\alpha/2)}$.
Then $c \cos \alpha = \frac{6 \cos \alpha}{\cos^2(\alpha/2)} = \frac{6 (2 \cos^2(\alpha/2) - 1)}{\cos^2(\alpha/2)} = 12 - \frac{6}{\cos^2(\alpha/2)} = 12 - c$.
So $a = 26 - (12 - c) = 14 + c$.
This gives $a - c = 14$.

Now let's check the distance condition for $CT_3 = 20$.
We used coordinates to get $x_C = 26$.
$x_C = a + c \cos \alpha = a + (12 - c) = a - c + 12 = 14 + 12 = 26$. Consistent.
Now we need to ensure the circle is tangent to $BC$. We used that.
Is there any other constraint?
The circle is tangent to $DA$, $AB$, $BC$.
We used $DA$ (to find $O$ on bisector of $A$), $AB$ (to find $AT_2$), $BC$ (to find $CT_3$).
Is the circle tangent to $DA$?
Distance from $O(6, r)$ to $DA$ ($y=0$) is $r$. Yes.
Is the circle tangent to $AB$?
Distance from $O$ to $AB$ is $r$. Yes.
Is the circle tangent to $BC$?
Distance from $O$ to $BC$ ($y=2r$) is $r$. Yes.
So the configuration is valid for any $\alpha$ as long as the points $P, Q$ lie on the segment $AC$ in the correct order.
But we haven't used the specific positions of $P$ and $Q$ other than their distances from $A$ and $C$.
The power of point calculations gave us the tangent lengths, which fixed the geometry relative to the angles.
However, we have one degree of freedom left: $\alpha$.
Is the area determined uniquely?
Area $S = a \cdot h = a \cdot 2r$.
We have $a = 14 + c$ and $c = \frac{6}{\cos^2(\alpha/2)}$.
$r = 6 \tan(\alpha/2)$.
$S = (14 + \frac{6}{\cos^2(\alpha/2)}) \cdot 12 \tan(\alpha/2)$.
This expression depends on $\alpha$.
Did we miss a constraint?
""A circle tangent to sides $DA, AB, BC$ intersects diagonal $AC$ at points $P$ and $Q$"".
The positions of $P$ and $Q$ are fixed by the lengths $AP=3, PQ=9, QC=16$.
This implies the distance $AC = 28$ is fixed.
In our coordinate setup, $A=(0,0)$ and $C=(26, 2r)$.
The distance $AC = \sqrt{26^2 + (2r)^2} = 28$.
Ah! This is the missing equation.
$26^2 + 4r^2 = 28^2$.
$676 + 4r^2 = 784$.
$4r^2 = 108$.
$r^2 = 27$.
$r = \sqrt{27} = 3\sqrt{3}$.

Now we can find $\alpha$.
$r = 6 \tan(\alpha/2) \implies 3\sqrt{3} = 6 \tan(\alpha/2) \implies \tan(\alpha/2) = \frac{\sqrt{3}}{2}$.
We need the area $S = a \cdot 2r$.
First find $a$.
We know $a = 14 + c$.
$c = \frac{6}{\cos^2(\alpha/2)}$.
We know $\tan(\alpha/2) = \frac{\sqrt{3}}{2}$.
$\sec^2(\alpha/2) = 1 + \tan^2(\alpha/2) = 1 + \frac{3}{4} = \frac{7}{4}$.
So $\cos^2(\alpha/2) = \frac{4}{7}$.
Then $c = \frac{6}{4/7} = 6 \cdot \frac{7}{4} = \frac{21}{2} = 10.5$.
Then $a = 14 + 10.5 = 24.5 = \frac{49}{2}$.
Height $h = 2r = 2(3\sqrt{3}) = 6\sqrt{3}$.
Area $S = a \cdot h = \frac{49}{2} \cdot 6\sqrt{3} = 49 \cdot 3\sqrt{3} = 147\sqrt{3}$.

Let's double check the calculations.
1. $AC = 28$.
2. Coordinates: $A(0,0)$. $C(x_C, 2r)$.
   $x_C = a + c \cos \alpha$.
   From tangent lengths: $AT_2 = 6 \implies x_O = 6$.
   $CT_3 = 20 \implies |x_C - 6| = 20 \implies x_C = 26$ (since $C$ is to the right).
   So $C = (26, 2r)$.
   $AC^2 = 26^2 + (2r)^2 = 28^2$.
   $676 + 4r^2 = 784 \implies 4r^2 = 108 \implies r^2 = 27$. Correct.
3. Relation between $a, c, \alpha$.
   $r = 6 \tan(\alpha/2)$.
   $c \sin \alpha = 2r$.
   $x_C = a + c \cos \alpha = 26$.
   $c = \frac{2r}{\sin \alpha}$.
   $a = 26 - \frac{2r \cos \alpha}{\sin \alpha} = 26 - 2r \cot \alpha$.
   Substitute $r = 6 \tan(\alpha/2)$:
   $\cot \alpha = \frac{1 - \tan^2(\alpha/2)}{2 \tan(\alpha/2)}$.
   $2r \cot \alpha = 12 \tan(\alpha/2) \cdot \frac{1 - \tan^2(\alpha/2)}{2 \tan(\alpha/2)} = 6 (1 - \tan^2(\alpha/2))$.
   Let $t = \tan(\alpha/2)$.
   $a = 26 - 6(1 - t^2) = 20 + 6t^2$.
   Also $c = \frac{12t}{2t/(1+t^2)} = 6(1+t^2)$.
   Check $x_C = a + c \cos \alpha$.
   $c \cos \alpha = 6(1+t^2) \frac{1-t^2}{1+t^2} = 6(1-t^2)$.
   $x_C = 20 + 6t^2 + 6 - 6t^2 = 26$. Consistent.
4. Calculate Area.
   $S = a \cdot 2r = (20 + 6t^2) \cdot 12t$.
   We know $r = 6t = \sqrt{27} = 3\sqrt{3}$.
   So $t = \frac{\sqrt{3}}{2}$.
   $t^2 = \frac{3}{4}$.
   $a = 20 + 6(\frac{3}{4}) = 20 + \frac{9}{2} = \frac{49}{2}$.
   $2r = 6\sqrt{3}$.
   $S = \frac{49}{2} \cdot 6\sqrt{3} = 147\sqrt{3}$.

The form is $m\sqrt{n}$ with $m=147, n=3$.
$n=3$ is square-free.
$m, n$ are positive integers.
$m+n = 147 + 3 = 150$.

Let's quickly verify the condition $\angle BAD < 90^\circ$.
$\tan(\alpha/2) = \sqrt{3}/2 \approx 0.866$.
$\alpha/2 \approx 40.9^\circ$.
$\alpha \approx 81.8^\circ < 90^\circ$. Condition satisfied.

Also check if the circle intersects the diagonal internally.
$A=(0,0)$. $C=(26, 6\sqrt{3}) \approx (26, 10.4)$.
Circle center $O=(6, 3\sqrt{3}) \approx (6, 5.2)$. Radius $r \approx 5.2$.
Distance $AO = \sqrt{6^2 + (3\sqrt{3})^2} = \sqrt{36+27} = \sqrt{63} \approx 7.9$.
$AP = 3$. $AQ = 12$.
$AO \approx 7.9$.
Is $P$ and $Q$ on the segment $AC$?
$A, P, Q, C$ are collinear.
$AP = 3$. $AQ = 12$. $AC = 28$.
Yes, $0 < 3 < 12 < 28$.
The circle intersects the segment $AC$.
Power of $A$: $AP \cdot AQ = 3 \cdot 12 = 36 = AT_2^2$. Correct.
Power of $C$: $CQ \cdot CP = 16 \cdot 25 = 400 = CT_3^2$. Correct.
Everything seems consistent.

Final calculation:
$m = 147$
$n = 3$
$m+n = 150$.

One small detail: ""intersects diagonal AC at points P and Q"".
Does the circle cross the diagonal?
Distance from $O$ to line $AC$.
Line $AC$ passes through $(0,0)$ and $(26, 6\sqrt{3})$.
Slope $m_{AC} = \frac{6\sqrt{3}}{26} = \frac{3\sqrt{3}}{13}$.
Equation: $3\sqrt{3}x - 13y = 0$.
Distance from $O(6, 3\sqrt{3})$ to line:
$d = \frac{|3\sqrt{3}(6) - 13(3\sqrt{3})|}{\sqrt{(3\sqrt{3})^2 + 13^2}} = \frac{|18\sqrt{3} - 39\sqrt{3}|}{\sqrt{27 + 169}} = \frac{21\sqrt{3}}{\sqrt{196}} = \frac{21\sqrt{3}}{14} = \frac{3\sqrt{3}}{2}$.
Radius $r = 3\sqrt{3}$.
$d = r/2 < r$.
So the line intersects the circle at two distinct points.
The points $P$ and $Q$ are indeed the intersection points.
The order $A, P, Q, C$ is consistent with $AP < AQ$.
$AP = 3, AQ = 12$.
Distance from $A$ to intersection points along the line.
Let $L$ be the line. $A$ is origin on the line.
The intersections are at distances $d_1, d_2$ from $A$.
$d_1 d_2 = 36$.
$d_1 + d_2 = 2 \times (\text{projection of } AO \text{ on } AC)$.
Vector $\vec{AO} = (6, 3\sqrt{3",\boxed{150},0,0.0
"There is a positive real number $x$ not equal to either $\tfrac{1}{20}$ or $\tfrac{1}{2}$ such that\[\log_{20x} (22x)=\log_{2x} (202x).\]The value $\log_{20x} (22x)$ can be written as $\log_{10} (\tfrac{m}{n})$, where $m$ and $n$ are relatively prime positive integers. Find $m+n$.","Let the given equation be:
\[ \log_{20x} (22x) = \log_{2x} (202x) \]
Let this common value be $k$. So, we have:
\[ k = \log_{20x} (22x) \quad \text{and} \quad k = \log_{2x} (202x) \]

Using the definition of logarithms, we can rewrite these equations in exponential form:
1. $(20x)^k = 22x$
2. $(2x)^k = 202x$

Since $x$ is a positive real number, we can divide the first equation by the second to eliminate $x$ (assuming $x \neq 0$, which is given).
\[ \frac{(20x)^k}{(2x)^k} = \frac{22x}{202x} \]
\[ \left( \frac{20x}{2x} \right)^k = \frac{22}{202} \]
\[ 10^k = \frac{11}{101} \]

Now we need to find the value of $k$. The problem states that $k = \log_{20x} (22x)$.
From the first exponential equation $(20x)^k = 22x$, taking the logarithm base $20x$ of both sides gives:
\[ k = \log_{20x} (22x) \]
This is consistent with our definition. We need to express $k$ in the form $\log_{10} \left( \frac{m}{n} \right)$.

From the equation $10^k = \frac{11}{101}$, we can take the logarithm base 10 of both sides:
\[ \log_{10} (10^k) = \log_{10} \left( \frac{11}{101} \right) \]
\[ k = \log_{10} \left( \frac{11}{101} \right) \]

The problem states that $k = \log_{10} \left( \frac{m}{n} \right)$ where $m$ and $n$ are relatively prime positive integers.
Comparing the two expressions for $k$:
\[ \frac{m}{n} = \frac{11}{101} \]

We check if $m=11$ and $n=101$ are relatively prime.
- $11$ is a prime number.
- $101$ is not divisible by $11$ ($11 \times 9 = 99$, $11 \times 10 = 110$). In fact, $101$ is a prime number.
Thus, $\gcd(11, 101) = 1$. They are relatively prime.

So, $m = 11$ and $n = 101$.
We need to find $m + n$:
\[ m + n = 11 + 101 = 112 \]

Just to ensure the solution is valid, let's check the constraints on $x$.
From $10^k = \frac{11}{101}$, we have $k = \log_{10}(\frac{11}{101}) < 0$.
From $(20x)^k = 22x$, since $k < 0$, let $k = -p$ where $p > 0$.
$(20x)^{-p} = 22x \implies \frac{1}{(20x)^p} = 22x \implies (20x)^p \cdot 22x = 1$.
Since $x > 0$, the LHS is positive, so a solution exists.
Specifically, from $10^k = \frac{11}{101}$, we found $k$.
Then $20x = (22x)^{1/k}$.
Also from $10^k = \frac{11}{101}$, we have $k = \frac{\ln(11/101)}{\ln 10}$.
The value of $x$ is uniquely determined by the system and is positive.
The problem states $x \neq \frac{1}{20}$ and $x \neq \frac{1}{2}$.
If $x = \frac{1}{20}$, base of first log is 1, undefined.
If $x = \frac{1}{2}$, base of second log is 1, undefined.
Our derived $k$ is a specific constant, implying a specific $x$. Unless that specific $x$ happens to be $1/20$ or $1/2$, the solution holds.
If $x=1/20$, $20x=1$, log undefined.
If $x=1/2$, $2x=1$, log undefined.
Since the problem states such an $x$ exists and is not these values, our derivation holds.

The values are $m=11$ and $n=101$.
$m+n = 112$.

**Answer:** 112",\boxed{112},1,0.0
"Find the number of subsets of $\{1,2,3,\ldots,10\}$ that contain exactly one pair of consecutive integers. Examples of such subsets are $\{\mathbf{1},\mathbf{2},5\}$ and $\{1,3,\mathbf{6},\mathbf{7},10\}.$","To find the number of subsets of the set $S = \{1, 2, 3, \ldots, 10\}$ that contain **exactly one pair** of consecutive integers, we can model the problem using combinatorics and the ""stars and bars"" method (or equivalently, choosing items with gaps).

### Step 1: Define the Structure of the Subset
Let the subset be $A = \{a_1, a_2, \ldots, a_k\}$ where $a_1 < a_2 < \ldots < a_k$.
The condition ""exactly one pair of consecutive integers"" means that in the sorted sequence, there is exactly one index $i$ such that $a_{i+1} = a_i + 1$, and for all other $j \neq i$, $a_{j+1} > a_j + 1$.

We can transform this problem by grouping the consecutive integers into ""blocks"".
- A single integer forms a block of size 1.
- A pair of consecutive integers (e.g., $\{x, x+1\}$) forms a block of size 2.
- Since there is exactly one pair, there must be exactly **one block of size 2** and the remaining $k-2$ elements must form **blocks of size 1**.

Let the blocks be $B_1, B_2, \ldots, B_m$.
- One block has size 2.
- The other $m-1$ blocks have size 1.
- The total number of elements in the subset is $k = 2 + (m-1) = m+1$.
- The sum of the sizes of the blocks is $2 + 1 + \ldots + 1 = m+1 = k$.

The condition that the blocks are separated by at least one non-selected integer means that if we treat each block as a single unit, we need to choose $m$ units from the available space such that no two units are adjacent.

### Step 2: Formulate the General Case
Let $n = 10$ be the size of the original set.
Let $k$ be the size of the subset.
Since we have exactly one pair of consecutive integers, the subset consists of:
- 1 block of 2 consecutive numbers.
- $k-2$ blocks of 1 number.
- Total number of blocks $m = (k-2) + 1 = k-1$.

Let the ""compressed"" elements be the blocks themselves. We are choosing $m$ blocks from the set $\{1, 2, \ldots, n\}$.
However, the blocks have different sizes.
- The block of size 2 occupies 2 positions.
- Each block of size 1 occupies 1 position.
- Between any two chosen blocks, there must be at least one unchosen integer (a gap of size $\ge 1$).

Let's use the standard transformation for ""choosing $m$ items from $n$ with no two adjacent"":
If we choose $m$ items $x_1 < x_2 < \ldots < x_m$ from $\{1, \ldots, n\}$ such that $x_{j+1} > x_j + 1$, the number of ways is $\binom{n-m+1}{m}$.

In our case, the ""items"" are the blocks.
Let the positions of the blocks in the original set be $y_1, y_2, \ldots, y_m$, where $y_j$ represents the starting position of the $j$-th block.
The constraint is that the end of block $j$ and the start of block $j+1$ must be separated by at least one number.
- If block $j$ has size $s_j$, it occupies $[y_j, y_j + s_j - 1]$.
- The next block starts at $y_{j+1}$.
- We require $y_{j+1} \ge y_j + s_j + 1$.
- This is equivalent to $y_{j+1} - y_j \ge s_j + 1$.

Let's define new variables to remove the variable gap sizes.
Let $z_1 = y_1$.
Let $z_2 = y_2 - s_1$.
Let $z_3 = y_3 - s_1 - s_2$.
...
Let $z_m = y_m - \sum_{i=1}^{m-1} s_i$.

The condition $y_{j+1} \ge y_j + s_j + 1$ becomes:
$z_{j+1} + \sum_{i=1}^j s_i \ge z_j + \sum_{i=1}^{j-1} s_i + s_j + 1$
$z_{j+1} \ge z_j + 1 \implies z_{j+1} > z_j$.
So $z_1 < z_2 < \ldots < z_m$.

What is the range of $z_m$?
$y_m \le n$.
$z_m = y_m - \sum_{i=1}^{m-1} s_i \le n - \sum_{i=1}^{m-1} s_i$.
Also $z_1 \ge 1$.
So we are choosing $m$ distinct integers $z_1, \ldots, z_m$ from the set $\{1, 2, \ldots, n - \sum_{i=1}^{m-1} s_i\}$.
The number of ways is $\binom{(n - \sum_{i=1}^{m-1} s_i) - m + 1}{m} = \binom{n - \sum_{i=1}^{m-1} s_i - m + 1}{m}$.

In our specific problem:
- We have exactly one block of size 2.
- We have $m-1$ blocks of size 1.
- Total blocks $m$.
- Sum of sizes of the first $m-1$ blocks depends on which block is the size-2 block.
Wait, the formula above assumes a fixed order of sizes. But the blocks are indistinguishable in terms of ""being a block"", except for their size. However, in the sequence of blocks $B_1, \ldots, B_m$, one of them is size 2 and the rest are size 1.
Does the position of the size-2 block matter for the count?
Let's re-evaluate.
We are choosing a set of blocks. The set of blocks is $\{ \text{one size-2}, \text{some number of size-1s} \}$.
The ""gap"" logic works on the *starting positions*.
Let the starting positions be $y_1 < y_2 < \ldots < y_m$.
One of these blocks has length 2, others length 1.
Let $S$ be the set of indices $j$ such that block $j$ has length 2. Since there is exactly one pair, $|S|=1$.
The condition is $y_{j+1} \ge y_j + \text{length}(B_j) + 1$.
Summing these inequalities:
$y_m \ge y_1 + \sum_{j=1}^{m-1} (\text{length}(B_j) + 1)$.
$y_m \ge y_1 + (\sum_{j=1}^m \text{length}(B_j)) - \text{length}(B_m) + (m-1)$.
Actually, simpler approach:
Total length occupied by blocks = $L = 2 + (m-1) \times 1 = m+1$.
Number of gaps required between $m$ blocks = $m-1$. Each gap $\ge 1$.
Total ""space"" consumed = (Length of blocks) + (Minimum gaps) = $(m+1) + (m-1) = 2m$.
Wait, this is for the minimum configuration.
Let's use the standard bijection.
We are choosing $m$ blocks with total length $L = m+1$.
We need to place them in $n$ slots such that they don't overlap and are separated by at least 1.
This is equivalent to choosing $m$ items from a reduced set.
Let $x_1, \ldots, x_m$ be the starting positions.
$x_1 \ge 1$.
$x_{j+1} \ge x_j + s_j + 1$.
$x_m \le n$.
Let $u_1 = x_1$.
$u_2 = x_2 - s_1$.
$u_3 = x_3 - s_1 - s_2$.
...
$u_m = x_m - \sum_{i=1}^{m-1} s_i$.
Then $1 \le u_1 < u_2 < \ldots < u_m \le n - \sum_{i=1}^{m-1} s_i$.
The number of solutions is $\binom{(n - \sum_{i=1}^{m-1} s_i) - m + 1}{m}$.
Here, the sum $\sum_{i=1}^{m-1} s_i$ depends on whether the last block ($B_m$) is the size-2 block or not.
Case A: The size-2 block is $B_m$. Then $s_1 = \ldots = s_{m-1} = 1$. Sum = $m-1$.
Case B: The size-2 block is $B_j$ where $j < m$. Then $s_1 = \ldots = s_{j-1} = 1$, $s_j = 2$, $s_{j+1} = \ldots = s_{m-1} = 1$.
Sum = $(j-1) \times 1 + 2 + (m-1-j) \times 1 = m-1 + 1 = m$.
So the upper limit of the binomial coefficient changes depending on the position of the size-2 block.
This suggests we should sum over the possible positions of the size-2 block.

Let $k$ be the number of blocks. Since there is 1 pair and $k-2$ singles, $k = m+1$ (using previous notation where $m$ was number of blocks). Let's stick to $m$ = number of blocks.
$m = (\text{number of singles}) + 1$.
Let $j$ be the number of single blocks. Then $m = j+1$.
The subset size is $j+2$.
The blocks are arranged in a sequence. One is size 2, $j$ are size 1.
The position of the size-2 block can be anywhere from $1$ to $m$.
Let $p$ be the position of the size-2 block ($1 \le p \le m$).
The sum of sizes of the first $m-1$ blocks is:
If $p = m$: sum = $1 \times (m-1) = m-1$.
If $p < m$: sum = $1 \times (p-1) + 2 + 1 \times (m-1-p) = m-1 + 1 = m$.

So, for a fixed $m$ (number of blocks):
- If the size-2 block is at the end ($p=m$), number of ways = $\binom{n - (m-1) - m + 1}{m} = \binom{n - 2m + 2}{m}$.
- If the size-2 block is not at the end ($1 \le p \le m-1$), there are $m-1$ such positions. For each, number of ways = $\binom{n - m - m + 1}{m} = \binom{n - 2m + 1}{m}$.

Total ways for a fixed $m$:
$W_m = \binom{n - 2m + 2}{m} + (m-1)\binom{n - 2m + 1}{m}$.

We need to sum this over all possible values of $m$.
Constraints on $m$:
- We need at least 1 block of size 2 and 0 blocks of size 1? No, the problem says ""exactly one pair"". It doesn't say ""no other pairs"". It implies the subset has exactly one instance of $x, x+1$.
- Can we have 0 single blocks? Yes, subset $\{1, 2\}$. Here $m=1$.
- Max $m$: The minimum space required for $m$ blocks is $2 + (m-1) + (m-1) = 2m$.
  So $2m \le n \implies 2m \le 10 \implies m \le 5$.
  Possible values for $m$: $1, 2, 3, 4, 5$.

Let's calculate $W_m$ for $n=10$.

**Case $m=1$:**
- Subset has 1 block of size 2. (e.g., $\{1,2\}$).
- Formula: $W_1 = \binom{10 - 2(1) + 2}{1} + (0)\binom{\dots} = \binom{10}{1} = 10$.
- Check: Pairs are $\{1,2\}, \{2,3\}, \ldots, \{9,10\}$. Total 10. Correct.

**Case $m=2$:**
- Subset has 1 block of size 2, 1 block of size 1. Total elements 3.
- Formula: $W_2 = \binom{10 - 4 + 2}{2} + (1)\binom{10 - 4 + 1}{2} = \binom{8}{2} + \binom{7}{2}$.
- $\binom{8}{2} = 28$.
- $\binom{7}{2} = 21$.
- $W_2 = 28 + 21 = 49$.

**Case $m=3$:**
- Subset has 1 block of size 2, 2 blocks of size 1. Total elements 4.
- Formula: $W_3 = \binom{10 - 6 + 2}{3} + (2)\binom{10 - 6 + 1}{3} = \binom{6}{3} + 2\binom{5}{3}$.
- $\binom{6}{3} = 20$.
- $\binom{5}{3} = 10$.
- $W_3 = 20 + 2(10) = 40$.

**Case $m=4$:**
- Subset has 1 block of size 2, 3 blocks of size 1. Total elements 5.
- Formula: $W_4 = \binom{10 - 8 + 2}{4} + (3)\binom{10 - 8 + 1}{4} = \binom{4}{4} + 3\binom{3}{4}$.
- $\binom{4}{4} = 1$.
- $\binom{3}{4} = 0$.
- $W_4 = 1 + 0 = 1$.
- Let's verify this manually.
  We need 1 pair and 3 singles. Total 4 blocks.
  Min space: $2 + 1 + 1 + 1 + 3 \text{ gaps} = 8$? No.
  Blocks: $B_1, B_2, B_3, B_4$.
  Sizes: e.g., $2, 1, 1, 1$.
  Gaps: $g_1, g_2, g_3 \ge 1$.
  Total length = $2+1+1+1 + 1+1+1 = 8$.
  Available space $n=10$. Slack = 2.
  The configuration must be very tight.
  Using the formula logic:
  If size-2 is last ($p=4$): $\binom{10-2}{4} = \binom{8}{4}$? No, formula was $\binom{n-2m+2}{m}$.
  $n=10, m=4 \implies \binom{10-8+2}{4} = \binom{4}{4} = 1$.
  This corresponds to $p=4$. The blocks are $1, 1, 1, 2$.
  $u_1 < u_2 < u_3 < u_4 \le 10 - (1+1+1) = 7$?
  Wait, let's re-verify the formula derivation.
  $u_m \le n - \sum_{i=1}^{m-1} s_i$.
  If $p=m=4$, sizes are $1, 1, 1, 2$. Sum of first 3 is 3.
  $u_4 \le 10 - 3 = 7$.
  We choose 4 distinct integers from $\{1, \ldots, 7\}$. $\binom{7}{4} = 35$.
  Why did my formula give $\binom{4}{4}$?
  Ah, the formula was $\binom{(n - \sum s_i) - m + 1}{m}$.
  For $p=m$: $\sum_{i=1}^{m-1} s_i = m-1$.
  Upper limit = $n - (m-1)$.
  Count = $\binom{n - (m-1) - m + 1}{m} = \binom{n - 2m + 2}{m}$.
  For $n=10, m=4$: $\binom{10 - 8 + 2}{4} = \binom{4}{4} = 1$.
  Let's re-calculate $n - (m-1) - m + 1$.
  $10 - 3 - 4 + 1 = 4$. Correct.
  So there is only 1 way if the size-2 block is last?
  Let's trace: $u_1 < u_2 < u_3 < u_4 \le 4$.
  Only solution: $1, 2, 3, 4$.
  Map back to $y$:
  $y_1 = u_1 = 1$. Block 1 (size 1) at 1. Occupies $\{1\}$.
  $y_2 = u_2 + s_1 = 2 + 1 = 3$. Block 2 (size 1) at 3. Occupies $\{3\}$.
  $y_3 = u_3 + s_1 + s_2 = 3 + 1 + 1 = 5$. Block 3 (size 1) at 5. Occupies $\{5\}$.
  $y_4 = u_4 + s_1 + s_2 + s_3 = 4 + 1 + 1 + 1 = 7$. Block 4 (size 2) at 7. Occupies $\{7, 8\}$.
  Subset: $\{1, 3, 5, 7, 8\}$.
  Pairs: $(7,8)$. Singles: $1, 3, 5$.
  Gaps: $3-1-1=1$, $5-3-1=1$, $7-5-1=1$.
  Is this the only one?
  What if we shift?
  Try $\{1, 3, 5, 8, 9\}$.
  Blocks: $1, 3, 5, 8$. Sizes $1, 1, 1, 2$.
  $y_1=1, y_2=3, y_3=5, y_4=8$.
  $u_1=1$.
  $u_2 = 3-1=2$.
  $u_3 = 5-2=3$.
  $u_4 = 8-3=5$.
  $u_4 \le 7$. $5 \le 7$. Valid.
  Why did the formula say only 1?
  Ah, I see the error in the formula application.
  $u_m \le n - \sum_{i=1}^{m-1} s_i$.
  For $p=m$, sum is $m-1$.
  $u_m \le 10 - 3 = 7$.
  We choose $m=4$ items from $\{1, \ldots, 7\}$.
  Number of ways = $\binom{7}{4} = 35$.
  My previous calculation $\binom{4}{4}$ was wrong because I computed $n - 2m + 2$ incorrectly or substituted wrong.
  $n - 2m + 2 = 10 - 8 + 2 = 4$.
  Wait. $\binom{N}{K}$. $N = n - \sum s_i - m + 1$.
  $N = 10 - 3 - 4 + 1 = 4$.
  So $\binom{4}{4} = 1$.
  But manual check found $\{1, 3, 5, 8, 9\}$ which corresponds to $u_4=5$.
  $5 \le 4$ is FALSE.
  So $\{1, 3, 5, 8, 9\}$ is NOT valid under the constraint $u_4 \le 4$?
  Let's re-check the mapping for $\{1, 3, 5, 8, 9\}$.
  Blocks: $B_1=\{1\}, B_2=\{3\}, B_3=\{5\}, B_4=\{8,9\}$.
  $y_1=1, y_2=3, y_3=5, y_4=8$.
  $s_1=1, s_2=1, s_3=1, s_4=2$.
  $u_1 = 1$.
  $u_2 = 3 - 1 = 2$.
  $u_3 = 5 - (1+1) = 3$.
  $u_4 = 8 - (1+1+1) = 5$.
  Condition: $u_4 \le n - \sum_{i=1}^{m-1} s_i = 10 - 3 = 7$.
  $5 \le 7$. This is valid.
  So why did the formula $N = n - \sum s_i - m + 1$ yield 4?
  $N = 10 - 3 - 4 + 1 = 4$.
  The number of ways to choose $m$ distinct integers from $\{1, \ldots, N\}$ is $\binom{N}{m}$.
  Here $N=4, m=4$. $\binom{4}{4}=1$.
  But $u_4=5$ is a valid choice if the range is up to 7.
  The range of $u_i$ is $1 \le u_1 < \ldots < u_m \le n - \sum_{i=1}^{m-1} s_i$.
  Let $M = n - \sum_{i=1}^{m-1} s_i$.
  We are choosing $m$ items from $\{1, \ldots, M\}$.
  Number of ways = $\binom{M}{m}$.
  In the example: $M = 7$. $m=4$. Ways = $\binom{7}{4} = 35$.
  My formula derivation:
  $N_{formula} = M - m + 1$.
  $\binom{M}{m} = \binom{M-m+1 + m - 1}{m}$? No.
  Standard identity: Number of ways to choose $k$ from $n$ is $\binom{n}{k}$.
  Here we choose $m$ from $M$. So it is $\binom{M}{m}$.
  Where did I get $\binom{M-m+1}{m}$?
  That formula is for choosing $m$ items from $n$ with NO two adjacent.
  But here $u_i$ are just distinct integers, they don't have to be non-adjacent.
  The ""non-adjacent"" constraint was handled by the transformation $u_i$.
  Once transformed, $u_1 < u_2 < \ldots < u_m$ is the only constraint.
  So we simply choose $m$ distinct integers from $\{1, \ldots, M\}$.
  So the count is $\binom{M}{m}$.

  Let's re-verify the transformation logic.
  Original: $y_1 < y_2 < \ldots < y_m$ with $y_{j+1} \ge y_j + s_j + 1$.
  Define $u_1 = y_1$.
  $u_2 = y_2 - s_1$.
  $u_3 = y_3 - s_1 - s_2$.
  ...
  $u_m = y_m - \sum_{i=1}^{m-1} s_i$.
  Inequalities:
  $y_1 \ge 1 \implies u_1 \ge 1$.
  $y_{j+1} \ge y_j + s_j + 1 \implies u_{j+1} + \sum_{k=1}^j s_k \ge u_j + \sum_{k=1}^{j-1} s_k + s_j + 1 \implies u_{j+1} \ge u_j + 1 \implies u_{j+1} > u_j$.
  $y_m \le n \implies u_m + \sum_{k=1}^{m-1} s_k \le n \implies u_m \le n - \sum_{k=1}^{m-1} s_k$.
  So we need to choose $m$ distinct integers $u_1, \ldots, u_m$ from $\{1, 2, \ldots, M\}$ where $M = n - \sum_{k=1}^{m-1} s_k$.
  The number of ways is indeed $\binom{M}{m}$.

  Okay, let's recalculate with the correct formula: $\binom{M}{m}$.

  **Recalculation:**
  $n = 10$.
  $m$ ranges from 1 to 5.
  For a fixed $m$, we",\boxed{235},0,0.0
"Let $\triangle ABC$ be an equilateral triangle with side length $55.$ Points $D,$ $E,$ and $F$ lie on $\overline{BC},$ $\overline{CA},$ and $\overline{AB},$ respectively, with $BD = 7,$ $CE=30,$ and $AF=40.$ Point $P$ inside $\triangle ABC$ has the property that \[\angle AEP = \angle BFP = \angle CDP.\] Find $\tan^2(\angle AEP).$","To find the value of $\tan^2(\angle AEP)$, we will set up a coordinate system, determine the coordinates of the relevant points, and use the given angle condition to solve for the unknown angle.

### Step 1: Establish a Coordinate System

Let the vertices of the equilateral triangle $\triangle ABC$ be placed in the Cartesian plane as follows:
- Let $B$ be at the origin $(0,0)$.
- Since the side length is $55$, let $C$ be at $(55, 0)$.
- The vertex $A$ will have coordinates $(\frac{55}{2}, \frac{55\sqrt{3}}{2})$.

Let's verify the side lengths:
- $BC = 55$.
- $AB = \sqrt{(\frac{55}{2})^2 + (\frac{55\sqrt{3}}{2})^2} = \sqrt{\frac{3025}{4} + \frac{9075}{4}} = \sqrt{\frac{12100}{4}} = \sqrt{3025} = 55$.
- $AC = \sqrt{(55-\frac{55}{2})^2 + (0-\frac{55\sqrt{3}}{2})^2} = 55$.
The triangle is equilateral.

### Step 2: Determine Coordinates of Points D, E, F

The points lie on the sides with given segment lengths:
1.  **Point $D$ on $\overline{BC}$**:
    Given $BD = 7$. Since $B=(0,0)$ and $C=(55,0)$, $D$ lies on the x-axis.
    $D = (7, 0)$.

2.  **Point $E$ on $\overline{CA}$**:
    Given $CE = 30$. The vector $\vec{CB} = B - C = (-55, 0)$. The vector $\vec{CA} = A - C = (-\frac{55}{2}, \frac{55\sqrt{3}}{2})$.
    Alternatively, we can parameterize the segment $CA$. $E$ divides $CA$ such that $CE=30$ and $EA = 55-30=25$.
    Using the section formula, $E = \frac{25C + 30A}{55} = \frac{5C + 6A}{11}$.
    $x_E = \frac{5(55) + 6(\frac{55}{2})}{11} = \frac{275 + 165}{11} = \frac{440}{11} = 40$.
    $y_E = \frac{5(0) + 6(\frac{55\sqrt{3}}{2})}{11} = \frac{165\sqrt{3}}{11} = 15\sqrt{3}$.
    So, $E = (40, 15\sqrt{3})$.

3.  **Point $F$ on $\overline{AB}$**:
    Given $AF = 40$. Then $FB = 55 - 40 = 15$.
    $F$ divides $AB$ such that $AF=40$ and $FB=15$.
    Using the section formula, $F = \frac{15A + 40B}{55} = \frac{3A + 8B}{11}$.
    $x_F = \frac{3(\frac{55}{2}) + 8(0)}{11} = \frac{165/2}{11} = \frac{15}{2} = 7.5$.
    $y_F = \frac{3(\frac{55\sqrt{3}}{2}) + 8(0)}{11} = \frac{165\sqrt{3}/2}{11} = \frac{15\sqrt{3}}{2} = 7.5\sqrt{3}$.
    So, $F = (7.5, 7.5\sqrt{3})$.

### Step 3: Analyze the Angle Condition

Let $\theta = \angle AEP = \angle BFP = \angle CDP$.
We need to find $\tan^2 \theta$.

Consider the vectors forming these angles.
- For $\angle AEP$: The angle is between vector $\vec{EA}$ and vector $\vec{EP}$.
- For $\angle BFP$: The angle is between vector $\vec{FB}$ and vector $\vec{FP}$.
- For $\angle CDP$: The angle is between vector $\vec{DC}$ and vector $\vec{DP}$.

Let's calculate the slopes or direction vectors of the sides $EA$, $FB$, and $DC$.
1.  **Vector $\vec{EA}$**:
    $A = (27.5, 27.5\sqrt{3})$, $E = (40, 15\sqrt{3})$.
    $\vec{EA} = A - E = (27.5 - 40, 27.5\sqrt{3} - 15\sqrt{3}) = (-12.5, 12.5\sqrt{3})$.
    Slope $m_{EA} = \frac{12.5\sqrt{3}}{-12.5} = -\sqrt{3}$.
    This corresponds to an angle of $120^\circ$ with the positive x-axis (since $\tan 120^\circ = -\sqrt{3}$). Note that side $AC$ makes an angle of $120^\circ$ with the positive x-axis because the interior angle at $C$ is $60^\circ$ and $BC$ is on the x-axis. Wait, $C$ is at $(55,0)$, $A$ is at $(27.5, 27.5\sqrt{3})$. Vector $\vec{CA} = (-27.5, 27.5\sqrt{3})$. Angle is $120^\circ$. Correct.
    So the line containing $EA$ has an inclination of $120^\circ$.

2.  **Vector $\vec{FB}$**:
    $B = (0,0)$, $F = (7.5, 7.5\sqrt{3})$.
    $\vec{FB} = B - F = (-7.5, -7.5\sqrt{3})$.
    Slope $m_{FB} = \frac{-7.5\sqrt{3}}{-7.5} = \sqrt{3}$.
    This corresponds to an angle of $240^\circ$ (or $-120^\circ$).
    Side $AB$ connects $(0,0)$ and $(27.5, 27.5\sqrt{3})$. Vector $\vec{BA}$ is at $60^\circ$. Vector $\vec{FB}$ is along $\vec{BA}$ but pointing towards $B$? No, $F$ is on $AB$. $\vec{FB}$ points from $F$ to $B$. Since $B$ is origin and $F$ is in first quadrant, $\vec{FB}$ points into the third quadrant. Angle is $240^\circ$.
    Wait, let's re-evaluate the geometry.
    Line $AB$ has slope $\sqrt{3}$ ($60^\circ$).
    Vector $\vec{FB}$ is in the direction of $B-F$, which is opposite to $\vec{AB}$.
    Direction of $\vec{AB}$ is $60^\circ$. Direction of $\vec{FB}$ is $60^\circ + 180^\circ = 240^\circ$. Correct.

3.  **Vector $\vec{DC}$**:
    $D = (7,0)$, $C = (55,0)$.
    $\vec{DC} = C - D = (48, 0)$.
    Slope is $0$. Direction is $0^\circ$.

Let $\vec{u}$ be the unit vector in the direction of $\vec{EP}$, $\vec{v}$ for $\vec{FP}$, $\vec{w}$ for $\vec{DP}$.
The condition is that the angle between the side vector and the point vector is $\theta$.
Specifically:
- Angle between $\vec{EA}$ and $\vec{EP}$ is $\theta$.
- Angle between $\vec{FB}$ and $\vec{FP}$ is $\theta$.
- Angle between $\vec{DC}$ and $\vec{DP}$ is $\theta$.

Let's assume the orientation. Usually, in such problems, the point $P$ is ""inside"" relative to the triangle, so the angles are measured in a consistent rotational sense (e.g., clockwise or counter-clockwise) or simply as the magnitude of the angle.
Let's denote the direction angle of a vector $\vec{v}$ as $\phi(\vec{v})$.
$\phi(\vec{EA}) = 120^\circ$.
$\phi(\vec{FB}) = 240^\circ$.
$\phi(\vec{DC}) = 0^\circ$.

Let the direction of $\vec{EP}$ be $\alpha$. Then $|\alpha - 120^\circ| = \theta$ (modulo $360$).
Let the direction of $\vec{FP}$ be $\beta$. Then $|\beta - 240^\circ| = \theta$.
Let the direction of $\vec{DP}$ be $\gamma$. Then $|\gamma - 0^\circ| = \theta$.

Since $P$ is a single point, the vectors $\vec{EP}, \vec{FP}, \vec{DP}$ must intersect at $P$.
Let $P = (x,y)$.
$\vec{EP} = (x-40, y-15\sqrt{3})$.
$\vec{FP} = (x-7.5, y-7.5\sqrt{3})$.
$\vec{DP} = (x-7, y)$.

Let's test the hypothesis that the angles are oriented consistently.
If we rotate the side vectors by $+\theta$ or $-\theta$, do they meet?
Consider the symmetry. The triangle is equilateral. The points $D, E, F$ are defined by lengths $7, 30, 40$.
Notice $BD=7, CE=30, AF=40$.
$BD+CE+AF = 7+30+40 = 77 \neq 55$.
However, look at the segments from the vertices:
$BD=7 \implies DC=48$.
$CE=30 \implies EA=25$.
$AF=40 \implies FB=15$.
Is there a cyclic pattern?
$BD=7, CE=30, AF=40$.
Let's check the condition for $P$ to exist.
Usually, such a point $P$ exists if the angles satisfy a specific relation related to the side lengths.
Let's try to express the condition using slopes.
Let $m_1 = \tan(120^\circ) = -\sqrt{3}$.
Let $m_2 = \tan(240^\circ) = \sqrt{3}$.
Let $m_3 = \tan(0^\circ) = 0$.

Let the slope of $EP$ be $k_1$. The angle between lines with slopes $m_1$ and $k_1$ is $\theta$.
$\tan \theta = \left| \frac{k_1 - m_1}{1 + k_1 m_1} \right|$.
Similarly for others.
But we need the specific directions.
Let's assume the standard configuration where $P$ is the center of a spiral similarity or related to the Brocard points, but the side lengths are not symmetric ($7, 30, 40$ vs $48, 25, 15$).
Wait, $BD=7, CE=30, AF=40$.
$DC = 48, EA = 25, FB = 15$.
Notice $BD \cdot CE \cdot AF = 7 \cdot 30 \cdot 40 = 8400$.
$DC \cdot EA \cdot FB = 48 \cdot 25 \cdot 15 = 18000$. Not equal.

Let's reconsider the angle definition.
$\angle AEP$ is the angle at $E$ in $\triangle AEP$.
$\angle BFP$ is the angle at $F$ in $\triangle BFP$.
$\angle CDP$ is the angle at $D$ in $\triangle CDP$.
The problem states these three angles are equal.
Let this angle be $\theta$.
Let's use the property of the cotangent sum or similar trigonometric identities for such configurations.
There is a known result for a point $P$ inside an equilateral triangle such that $\angle AEP = \angle BFP = \angle CDP = \theta$.
Actually, the standard Brocard point definition involves angles like $\angle PAB = \angle PBC = \angle PCA = \omega$.
Here the angles are at the points on the perimeter.
Let's try to calculate the coordinates of $P$ assuming a specific $\theta$ and see if it works, or derive $\theta$ from the geometry.

Let's assume the directions are rotated by $+\theta$ from the side vectors.
Direction of $\vec{EA}$ is $120^\circ$. So $\vec{EP}$ is at $120^\circ - \theta$ or $120^\circ + \theta$.
Direction of $\vec{FB}$ is $240^\circ$. So $\vec{FP}$ is at $240^\circ - \theta$ or $240^\circ + \theta$.
Direction of $\vec{DC}$ is $0^\circ$. So $\vec{DP}$ is at $0^\circ - \theta$ or $0^\circ + \theta$.

Let's test the case where we rotate ""inwards"".
Vector $\vec{EA}$ points roughly left-up. Inward would be clockwise?
$E$ is on $AC$. $A$ is top, $C$ is right. $\vec{EA}$ points towards $A$ (up-left).
To go inside the triangle from $E$, we should turn clockwise from $\vec{EA}$.
Angle of $\vec{EA} = 120^\circ$. Clockwise rotation by $\theta$ gives $120^\circ - \theta$.
Vector $\vec{FB}$ points from $F$ to $B$ (down-left). $F$ is on $AB$. $B$ is bottom-left.
Angle of $\vec{FB} = 240^\circ$. To go inside, turn clockwise?
The interior of the triangle is to the right of $\vec{FB}$ if walking $F \to B$?
Let's visualize. $A(0, \text{high})$, $B(0,0)$, $C(\text{right}, 0)$.
$F$ is on $AB$. $\vec{FB}$ goes down. Interior is to the right (positive x).
Clockwise from $240^\circ$ goes to $240-\theta$ (more negative y, more negative x? No, $240$ is 3rd quadrant. $240-10 = 230$, still 3rd. $240+10 = 250$.
Wait, interior of triangle near $AB$ is to the right of the line $AB$.
Line $AB$ angle $60^\circ$. Normal pointing in is $-30^\circ$ ($330^\circ$).
$\vec{FB}$ is along $240^\circ$.
Angle between $240^\circ$ and $330^\circ$ is $90^\circ$.
If we rotate $240^\circ$ by $+\theta$ (counter-clockwise), we get $240+\theta$.
If we rotate by $-\theta$ (clockwise), we get $240-\theta$.
Let's check the position of $P$.
If $P$ is inside, $y_P > 0$.
$\vec{EP}$ starts at $E(40, 15\sqrt{3})$.
If direction is $120-\theta$, $y$ decreases? $120^\circ$ has positive sine. $120-\theta$ has positive sine for small $\theta$.
If direction is $120+\theta$, sine is smaller.
Let's assume the angles are measured such that the lines $EP, FP, DP$ are concurrent.
Let the angles of the lines $EP, FP, DP$ with the positive x-axis be $\alpha, \beta, \gamma$.
From the side vectors:
$\vec{EA}$ angle $120^\circ$.
$\vec{FB}$ angle $240^\circ$.
$\vec{DC}$ angle $0^\circ$.
Let's assume the relation is $\alpha = 120^\circ - \theta$, $\beta = 240^\circ - \theta$, $\gamma = 0^\circ - \theta = -\theta$.
This corresponds to rotating each side vector by $-\theta$ (clockwise).
Let's check if lines with these angles can intersect at a point $P(x,y)$.
Line $EP$: passes through $E(40, 15\sqrt{3})$, slope $\tan(120^\circ-\theta)$.
Line $FP$: passes through $F(7.5, 7.5\sqrt{3})$, slope $\tan(240^\circ-\theta)$.
Line $DP$: passes through $D(7, 0)$, slope $\tan(-\theta) = -\tan\theta$.

Let $t = \tan \theta$.
$\tan(120^\circ-\theta) = \frac{-\sqrt{3} - t}{1 - (-\sqrt{3})t} = \frac{-(\sqrt{3}+t)}{1+\sqrt{3}t}$.
$\tan(240^\circ-\theta) = \tan(60^\circ+\theta) = \frac{\sqrt{3}+t}{1-\sqrt{3}t}$.
$\tan(-\theta) = -t$.

Equation of line $DP$: $y - 0 = -t(x - 7) \implies y = -tx + 7t$.
Equation of line $EP$: $y - 15\sqrt{3} = \frac{-(\sqrt{3}+t)}{1+\sqrt{3}t} (x - 40)$.
Equation of line $FP$: $y - 7.5\sqrt{3} = \frac{\sqrt{3}+t}{1-\sqrt{3}t} (x - 7.5)$.

Let's solve for intersection of $DP$ and $EP$.
Substitute $y = 7t - tx$ into $EP$ equation.
$7t - tx - 15\sqrt{3} = \frac{-(\sqrt{3}+t)}{1+\sqrt{3}t} (x - 40)$.
Multiply by $1+\sqrt{3}t$:
$(7t - tx - 15\sqrt{3})(1+\sqrt{3}t) = -(\sqrt{3}+t)(x-40)$.
Expand LHS:
$7t + 21\sqrt{3}t^2 - tx - \sqrt{3}t^2 x - 15\sqrt{3} - 45t = -\sqrt{3}x + 40\sqrt{3} - tx + 40t$.
Group terms with $x$:
$-tx - \sqrt{3}t^2 x + \sqrt{3}x - tx = \dots$
Wait, RHS has $-tx$. Move to LHS:
$-tx - \sqrt{3}t^2 x + \sqrt{3}x - tx = -2tx - \sqrt{3}t^2 x + \sqrt{3}x$.
Constant terms on LHS: $7t + 21\sqrt{3}t^2 - 15\sqrt{3} - 45t = 21\sqrt{3}t^2 - 38t - 15\sqrt{3}$.
Constant terms on RHS: $40\sqrt{3} + 40t$.
So:
$x(\sqrt{3} - 2t - \sqrt{3}t^2) = 40\sqrt{3} + 40t - (21\sqrt{3}t^2 - 38t - 15\sqrt{3})$.
$x(\sqrt{3} - 2t - \sqrt{3}t^2) = 55\sqrt{3} + 78t - 21\sqrt{3}t^2$.
$x = \frac{55\sqrt{3} + 78t - 21\sqrt{3}t^2}{\sqrt{3} - 2t - \sqrt{3}t^2}$.

Now use line $FP$.
$y = 7.5\sqrt{3} + \frac{\sqrt{3}+t}{1-\sqrt{3}t} (x - 7.5)$.
Substitute $y = 7t - tx$.
$7t - tx - 7.5\sqrt{3} = \frac{\sqrt{3}+t}{1-\sqrt{3}t} (x - 7.5)$.
Multiply by $1-\sqrt{3}t$:
$(7t - tx - 7.5\sqrt{3})(1-\sqrt{3}t) = (\sqrt{3}+t)(x-7.5)$.
LHS: $7t - 21\sqrt{3}t^2 - tx + \sqrt{3}t^2 x - 7.5\sqrt{3} + 22.5t = \sqrt{3}t^2 x - tx + 29.5t - 21\sqrt{3}t^2 - 7.5\sqrt{3}$.
RHS: $\sqrt{3}x - 7.5\sqrt{3} + tx - 7.5t$.
Move $x$ terms to LHS:
$\sqrt{3}t^2 x - tx - \sqrt{3}x - tx = x(\sqrt{3}t^2 - 2\sqrt{3} - 2t)$.
Wait, RHS has $+tx$. So $-tx - tx = -2tx$.
LHS $x$ coeff: $\sqrt{3}t^2 - t$.
RHS $x$ coeff: $\sqrt{3} + t$.
So $x(\sqrt{3}t^2 - t) - x(\sqrt{3} + t) = \dots$
$x(\sqrt{3}t^2 - t - \sqrt{3} - t) = x(\sqrt{3}t^2 - 2t - \sqrt{3})$.
Constant terms:
LHS const: $29.5t - 21\sqrt{3}t^2 - 7.5\sqrt{3}$.
RHS const: $-7.5\sqrt{3} - 7.5t$.
Move RHS const to LHS:
$29.5t - 21\sqrt{3}t^2 - 7.5\sqrt{3} + 7.5\sqrt{3} + 7.5t = 37t - 21\sqrt{3}t^2$.
So:
$x(\sqrt{3}t^2 - 2t - \sqrt{3}) = 37t - 21\sqrt{3}t^2$.
$x = \frac{37t - 21\sqrt{3}t^2}{\sqrt{3}t^2 - 2t - \sqrt{3}} = \frac{21\sqrt{3}t^2 - 37t}{\sqrt{3} + 2t - \sqrt{3}t^2}$.

Now equate the two expressions for $x$.
Expression 1: $x_1 = \frac{55\sqrt{3} + 78t - 21\sqrt{3}t^2}{\sqrt{3} - 2t - \sqrt{3}t^2}$.
Expression 2: $x_2 = \frac{21\sqrt{3}t^2 - 37t}{\sqrt{3} + 2t - \sqrt{3}t^2}$.
Note that the denominator of $x_1$ is $-(\sqrt{3}t^2 + 2t - \sqrt{3})$.
Denominator of $x_2$ is $\sqrt{3}t^2 + 2t - \sqrt{3}$? No.
$x_1$ denom: $\sqrt{3} - 2t - \sqrt{3}t^2 = -(\sqrt{3}t^2 + 2t - \sqrt{3})$.
$x_2$ denom: $\sqrt{3}t^2 - 2t - \sqrt{3} = -(\sqrt{3} + 2t - \sqrt{3}t^2)$.
Let's rewrite $x_2$:
$x_2 = \frac{21\sqrt{3}t^2 - 37t}{\sqrt{3}t^2 - 2t - \sqrt{3}}$.
Let's set $x_1 = x_2$.
$\frac{55\sqrt{3} + 78t - 21\sqrt{3}t^2}{\sqrt{3} - 2t - \sqrt{3}t^2} = \frac{21\sqrt{3}t^2 - 37t}{\sqrt{3}t^2 - 2t - \sqrt{3}}$.
Cross multiply:
$(55\sqrt{3} + 78t - 21\sqrt{3}t^2)(\sqrt{3}t^2 - 2t - \sqrt{3}) = (21\sqrt{3}t^2 - 37t)(\sqrt{3} - 2t - \sqrt{3}t^2)$.

Let's simplify by dividing by $t$ (assuming $t \neq 0$).
Let's expand both sides.
LHS:
$(55\sqrt{3} + 78t - 21",\boxed{075},0,0.0
"In isosceles trapezoid $ABCD$, parallel bases $\overline{AB}$ and $\overline{CD}$ have lengths $500$ and $650$, respectively, and $AD=BC=333$. The angle bisectors of $\angle{A}$ and $\angle{D}$ meet at $P$, and the angle bisectors of $\angle{B}$ and $\angle{C}$ meet at $Q$. Find $PQ$.","To find the length of the segment $PQ$ in the isosceles trapezoid $ABCD$, we will proceed step by step, analyzing the geometric properties and the positions of points $P$ and $Q$.

### 1. Understand the Geometry of the Trapezoid

Let the vertices of the trapezoid be $A, B, C, D$ in counterclockwise (or clockwise) order.
- The parallel bases are $AB$ and $CD$.
- Length of base $AB = 500$.
- Length of base $CD = 650$.
- The non-parallel legs are equal: $AD = BC = 333$.
- Since $AB \parallel CD$, the consecutive interior angles between the parallel lines sum to $180^\circ$. Thus, $\angle A + \angle D = 180^\circ$ and $\angle B + \angle C = 180^\circ$.
- Since the trapezoid is isosceles, the base angles are equal: $\angle A = \angle B$ and $\angle D = \angle C$.

### 2. Analyze Point $P$

Point $P$ is the intersection of the angle bisectors of $\angle A$ and $\angle D$.
- Let the bisector of $\angle A$ be $AP$ and the bisector of $\angle D$ be $DP$.
- Since $AB \parallel CD$, the interior angles on the same side of the transversal $AD$ are supplementary: $\angle DAB + \angle ADC = 180^\circ$.
- The angle bisectors divide these angles in half:
  $$ \angle PAD = \frac{1}{2} \angle DAB $$
  $$ \angle PDA = \frac{1}{2} \angle ADC $$
- In $\triangle PAD$, the sum of angles is $180^\circ$:
  $$ \angle APD = 180^\circ - (\angle PAD + \angle PDA) $$
  $$ \angle APD = 180^\circ - \frac{1}{2}(\angle DAB + \angle ADC) $$
  $$ \angle APD = 180^\circ - \frac{1}{2}(180^\circ) = 180^\circ - 90^\circ = 90^\circ $$
- Therefore, $\triangle PAD$ is a right-angled triangle with the right angle at $P$.

**Location of $P$ relative to the bases:**
Consider the distance from $P$ to the parallel lines $AB$ and $CD$.
- $P$ lies on the bisector of $\angle A$, so $P$ is equidistant from the sides $AB$ and $AD$.
- $P$ lies on the bisector of $\angle D$, so $P$ is equidistant from the sides $CD$ and $AD$.
- Therefore, the distance from $P$ to $AB$ is equal to the distance from $P$ to $CD$.
- Since $P$ is equidistant from the two parallel bases, it must lie on the **midline** (median) of the trapezoid.
- The midline connects the midpoints of the legs $AD$ and $BC$. Let $M$ be the midpoint of $AD$ and $N$ be the midpoint of $BC$. The line segment $MN$ is the midline.
- Thus, $P$ lies on the segment $MN$.

### 3. Analyze Point $Q$

Point $Q$ is the intersection of the angle bisectors of $\angle B$ and $\angle C$.
- Similarly, since $\angle ABC + \angle BCD = 180^\circ$, the angle bisectors intersect at $90^\circ$. So $\triangle QBC$ is a right-angled triangle with $\angle BQC = 90^\circ$.
- By the same logic as for $P$, $Q$ is equidistant from $AB$ and $BC$, and from $CD$ and $BC$.
- Therefore, the distance from $Q$ to $AB$ equals the distance from $Q$ to $CD$.
- Consequently, $Q$ also lies on the **midline** $MN$ of the trapezoid.

### 4. Calculate the Length of $PQ$

Since both $P$ and $Q$ lie on the midline $MN$, the segment $PQ$ is part of this line. We need to determine the positions of $P$ and $Q$ along this line.

Let's set up a coordinate system or use vector properties.
Let the midline be the x-axis for simplicity, or simply calculate the distances from the endpoints of the midline.
The length of the midline $MN$ is the average of the lengths of the bases:
$$ MN = \frac{AB + CD}{2} = \frac{500 + 650}{2} = \frac{1150}{2} = 575 $$

Now, let's find the position of $P$ on $MN$.
In $\triangle PAD$, $P$ is the foot of the altitude from $M$ (the midpoint of hypotenuse $AD$) to the right angle? No, $M$ is the midpoint of the hypotenuse $AD$. In a right triangle, the midpoint of the hypotenuse is equidistant from all three vertices. So $MP = MA = MD = \frac{AD}{2}$.
However, $P$ lies on the line containing the midline. Is $P$ exactly at the midpoint of $AD$?
Let's re-evaluate.
The locus of points equidistant from $AB$ and $CD$ is the midline.
The locus of points equidistant from $AB$ and $AD$ is the bisector of $\angle A$.
The intersection $P$ is on the midline.
Let's project the vertices onto the midline.
Let the projection of $A$ onto the midline be $A'$ and $D$ be $D'$. Since $M$ is the midpoint of $AD$, and the midline is parallel to the bases, the projection of the midpoint $M$ is the midpoint of the segment connecting the projections of $A$ and $D$.
Actually, a simpler property exists for the distance of the intersection of angle bisectors from the leg.
In an isosceles trapezoid, the intersection of the bisectors of the base angles on one leg lies on the midline.
Let's calculate the distance $MP$ where $M$ is the midpoint of $AD$.
Consider the triangle formed by extending the legs $AD$ and $BC$ to meet at a point $S$.
Alternatively, let's use coordinates.
Let the midline lie on the x-axis.
Let the projection of $A$ on the midline be $x_A$ and $D$ be $x_D$.
Since $M$ is the midpoint of $AD$, its x-coordinate is $\frac{x_A + x_D}{2}$.
The distance from $A$ to the midline is $h/2$ and from $D$ to the midline is $h/2$ (where $h$ is the height of the trapezoid).
Wait, the midline is at height $h/2$ from the base $AB$ (if $AB$ is at $y=0$) and $h/2$ from $CD$ (if $CD$ is at $y=h$).
So the y-coordinate of $P$ is $h/2$.
The x-coordinate of $P$:
Let $A = (0, 0)$ and $B = (500, 0)$.
Since it's an isosceles trapezoid with base $CD=650$, the top base is centered.
The x-coordinates of $C$ and $D$ would be $(500 - (650-500)/2, h) = (575, h)$ and $(500 + (650-500)/2, h) = (625, h)$?
Let's check the shift.
Length of base $CD = 650$. Length of base $AB = 500$.
The overhang on each side is $(650 - 500) / 2 = 75$.
So if $A=(0,0)$ and $B=(500,0)$, then $D=(-75, h)$ and $C=(575, h)$.
Check lengths:
$AB = 500$.
$CD = 575 - (-75) = 650$. Correct.
Leg $AD$: distance between $(0,0)$ and $(-75, h)$.
$AD^2 = (-75)^2 + h^2 = 75^2 + h^2$.
Given $AD = 333$.
$333^2 = 75^2 + h^2$.
$h^2 = 333^2 - 75^2 = (333-75)(333+75) = 258 \times 408$.
This gives us $h$, but we might not need the explicit value of $h$.

Now find $P$, the intersection of bisectors of $\angle A$ and $\angle D$.
Line $AB$ is $y=0$. Line $CD$ is $y=h$.
Line $AD$ passes through $(0,0)$ and $(-75, h)$. Slope $m_{AD} = \frac{h}{-75}$.
Angle $\angle DAB$: Let $\alpha = \angle DAB$.
The bisector of $\angle A$ makes an angle $\alpha/2$ with $AB$ (the x-axis).
Equation of bisector $AP$: $y = \tan(\alpha/2) x$.
Wait, $A$ is at $(0,0)$. The interior of the trapezoid is for $x > -75$ roughly.
Actually, the angle $\angle DAB$ is the angle between vector $\vec{AB} = (1,0)$ and $\vec{AD} = (-75, h)$.
Let $\theta$ be the angle of $AD$ with the negative x-axis. Then $\angle DAB = 180^\circ - \theta$.
Alternatively, just use the property that $P$ lies on the midline $y = h/2$.
Since $P$ is on the bisector of $\angle A$, the distance from $P$ to $AB$ equals the distance from $P$ to $AD$.
Distance from $P(x_P, h/2)$ to $AB$ ($y=0$) is $h/2$.
So distance from $P$ to $AD$ is $h/2$.
Equation of line $AD$: passing through $(0,0)$ and $(-75, h)$.
$hx - (-75)y = 0 \Rightarrow hx + 75y = 0$.
Distance from $(x_P, h/2)$ to $hx + 75y = 0$:
$$ \frac{|h x_P + 75(h/2)|}{\sqrt{h^2 + 75^2}} = \frac{h}{2} $$
We know $\sqrt{h^2 + 75^2} = AD = 333$.
$$ \frac{|h x_P + 37.5h|}{333} = \frac{h}{2} $$
Divide by $h$ (since $h \neq 0$):
$$ \frac{|x_P + 37.5|}{333} = \frac{1}{2} $$
$$ |x_P + 37.5| = 166.5 $$
Two solutions:
1. $x_P + 37.5 = 166.5 \Rightarrow x_P = 129$
2. $x_P + 37.5 = -166.5 \Rightarrow x_P = -204$

Which one is correct?
$P$ must be inside the trapezoid.
The x-range of the trapezoid at height $h/2$ is between the lines $AD$ and $BC$.
Line $AD$ at $y=h/2$: $x = -37.5$.
Line $BC$ at $y=h/2$: $B=(500,0), C=(575,h)$. Midpoint x is $(500+575)/2 = 537.5$.
So the segment of the midline inside the trapezoid is $[-37.5, 537.5]$.
$x_P = 129$ is in this range. $x_P = -204$ is outside.
So $P$ is at $x = 129$.

Now find $Q$, the intersection of bisectors of $\angle B$ and $\angle C$.
$Q$ also lies on the midline $y = h/2$.
$Q$ is equidistant from $BC$ and $AB$ (distance $h/2$).
Line $BC$ passes through $B(500,0)$ and $C(575, h)$.
Slope $m_{BC} = \frac{h}{75}$.
Equation: $y - 0 = \frac{h}{75}(x - 500) \Rightarrow 75y = hx - 500h \Rightarrow hx - 75y - 500h = 0$.
Distance from $Q(x_Q, h/2)$ to $BC$:
$$ \frac{|h x_Q - 75(h/2) - 500h|}{\sqrt{h^2 + 75^2}} = \frac{h}{2} $$
$$ \frac{|h x_Q - 37.5h - 500h|}{333} = \frac{h}{2} $$
$$ \frac{|x_Q - 537.5|}{333} = \frac{1}{2} $$
$$ |x_Q - 537.5| = 166.5 $$
Two solutions:
1. $x_Q - 537.5 = 166.5 \Rightarrow x_Q = 704$
2. $x_Q - 537.5 = -166.5 \Rightarrow x_Q = 371$

Check range $[-37.5, 537.5]$.
$x_Q = 704$ is outside.
$x_Q = 371$ is inside.
So $Q$ is at $x = 371$.

### 5. Calculate Distance $PQ$

The coordinates of $P$ and $Q$ on the midline are $x_P = 129$ and $x_Q = 371$.
$$ PQ = |x_Q - x_P| = |371 - 129| = 242 $$

### Alternative Geometric Approach (Verification)

Let $M$ be the midpoint of $AD$ and $N$ be the midpoint of $BC$.
The length of the midline $MN = \frac{AB+CD}{2} = 575$.
In $\triangle PAD$, $P$ is the foot of the altitude? No.
But we established $P$ lies on the midline.
Let's consider the projection of $P$ onto $AD$. Let it be $H_P$. $PH_P = h/2$.
In right $\triangle PH_A D$? No.
Let's use the property derived from the coordinate calculation.
$x_P$ relative to the projection of $M$ on the midline.
$M$ is the midpoint of $AD$. The x-coordinate of $M$ is $\frac{0 + (-75)}{2} = -37.5$.
$x_P = 129$.
Distance $MP = 129 - (-37.5) = 166.5$.
Notice that $166.5 = \frac{333}{2} = \frac{AD}{2}$.
So $MP = \frac{AD}{2}$.
Similarly, $N$ is the midpoint of $BC$. x-coordinate of $N$ is $\frac{500+575}{2} = 537.5$.
$x_Q = 371$.
Distance $NQ = 537.5 - 371 = 166.5 = \frac{BC}{2}$.
So $NQ = \frac{BC}{2}$.

Since the trapezoid is isosceles, $AD = BC = 333$.
Thus, $MP = NQ = \frac{333}{2} = 166.5$.
The points are ordered $M, P, Q, N$ along the midline?
$x_M = -37.5$.
$x_P = 129$.
$x_Q = 371$.
$x_N = 537.5$.
Yes, the order is $M, P, Q, N$.
The total length $MN = MP + PQ + QN$.
$575 = 166.5 + PQ + 166.5$.
$575 = 333 + PQ$.
$PQ = 575 - 333 = 242$.

This confirms the previous result.

### General Formula
For an isosceles trapezoid with bases $a, b$ and legs $c$, the distance between the intersections of the angle bisectors of the adjacent base angles on the same leg is:
$$ PQ = \frac{a+b}{2} - c $$
Here $a=500, b=650, c=333$.
$$ PQ = \frac{500+650}{2} - 333 = 575 - 333 = 242 $$

### Conclusion

The length of $PQ$ is $242$.

**Answer:** 242",\boxed{242},1,0.0
"Let $N$ be the greatest four-digit positive integer with the property that whenever one of its digits is changed to $1$, the resulting number is divisible by $7$. Let $Q$ and $R$ be the quotient and remainder, respectively, when $N$ is divided by $1000$. Find $Q+R$.","Let $N$ be a four-digit positive integer. Let its digits be represented as $d_3 d_2 d_1 d_0$, so that $N = 1000d_3 + 100d_2 + 10d_1 + d_0$, where $d_3 \in \{1, 2, \dots, 9\}$ and $d_2, d_1, d_0 \in \{0, 1, \dots, 9\}$.

The problem states that whenever one of the digits of $N$ is changed to $1$, the resulting number is divisible by $7$. There are 4 such changes:
1. Change $d_3$ to $1$: $N_3 = 1000(1) + 100d_2 + 10d_1 + d_0$.
2. Change $d_2$ to $1$: $N_2 = 1000d_3 + 100(1) + 10d_1 + d_0$.
3. Change $d_1$ to $1$: $N_1 = 1000d_3 + 100d_2 + 10(1) + d_0$.
4. Change $d_0$ to $1$: $N_0 = 1000d_3 + 100d_2 + 10d_1 + 1$.

We require $N_i \equiv 0 \pmod 7$ for $i \in \{0, 1, 2, 3\}$.

Let's analyze the differences between these numbers to find constraints on the digits.
Consider $N_3$ and $N_2$:
$N_3 - N_2 = (1000 - 1000d_3) + (100d_2 - 100) + (10d_1 - 10d_1) + (d_0 - d_0)$
$N_3 - N_2 = 1000(1-d_3) - 100(1-d_2)$.
Since $N_3 \equiv 0 \pmod 7$ and $N_2 \equiv 0 \pmod 7$, their difference must be divisible by $7$.
$1000(1-d_3) - 100(1-d_2) \equiv 0 \pmod 7$.
Note that $1000 = 7 \times 142 + 6 \equiv 6 \equiv -1 \pmod 7$.
$100 = 7 \times 14 + 2 \equiv 2 \pmod 7$.
So, $-1(1-d_3) - 2(1-d_2) \equiv 0 \pmod 7$.
$d_3 - 1 - 2 + 2d_2 \equiv 0 \pmod 7$.
$d_3 + 2d_2 - 3 \equiv 0 \pmod 7$.
$d_3 + 2d_2 \equiv 3 \pmod 7$.  (Equation 1)

Consider $N_2$ and $N_1$:
$N_2 - N_1 = (1000d_3 - 1000d_3) + (100 - 100d_2) + (10d_1 - 10) + (d_0 - d_0)$
$N_2 - N_1 = 100(1-d_2) - 10(1-d_1)$.
Similarly, this must be divisible by $7$.
$2(1-d_2) - 3(1-d_1) \equiv 0 \pmod 7$ (since $10 \equiv 3 \pmod 7$).
$2 - 2d_2 - 3 + 3d_1 \equiv 0 \pmod 7$.
$3d_1 - 2d_2 - 1 \equiv 0 \pmod 7$.
$3d_1 - 2d_2 \equiv 1 \pmod 7$. (Equation 2)

Consider $N_1$ and $N_0$:
$N_1 - N_0 = (10 - 10d_1) + (d_0 - 1) = 10(1-d_1) - (1-d_0)$.
$3(1-d_1) - (1-d_0) \equiv 0 \pmod 7$.
$3 - 3d_1 - 1 + d_0 \equiv 0 \pmod 7$.
$d_0 - 3d_1 + 2 \equiv 0 \pmod 7$.
$d_0 - 3d_1 \equiv -2 \equiv 5 \pmod 7$. (Equation 3)

Now we have a system of congruences:
1) $d_3 + 2d_2 \equiv 3 \pmod 7$
2) $3d_1 - 2d_2 \equiv 1 \pmod 7$
3) $d_0 - 3d_1 \equiv 5 \pmod 7$

We want to maximize $N = 1000d_3 + 100d_2 + 10d_1 + d_0$. To do this, we should try to make $d_3$ as large as possible, then $d_2$, then $d_1$, then $d_0$.

**Step 1: Maximize $d_3$.**
Possible values for $d_3 \in \{1, \dots, 9\}$.
From (1), $2d_2 \equiv 3 - d_3 \pmod 7$.
Since $d_2 \in \{0, \dots, 9\}$, let's test $d_3$ from 9 down to 1.

- If $d_3 = 9$: $2d_2 \equiv 3 - 9 = -6 \equiv 1 \pmod 7$.
  Multiply by 4 (inverse of 2 mod 7): $d_2 \equiv 4 \pmod 7$.
  Possible $d_2 \in \{4, 11, \dots\}$. Since $d_2 \le 9$, $d_2 = 4$.
  Check if we can find valid $d_1, d_0$.
  From (2): $3d_1 \equiv 1 + 2d_2 = 1 + 8 = 9 \equiv 2 \pmod 7$.
  Multiply by 5 (inverse of 3 mod 7): $d_1 \equiv 10 \equiv 3 \pmod 7$.
  Possible $d_1 \in \{3, 10, \dots\}$. So $d_1 = 3$.
  From (3): $d_0 \equiv 5 + 3d_1 = 5 + 9 = 14 \equiv 0 \pmod 7$.
  Possible $d_0 \in \{0, 7\}$.
  To maximize $N$, we choose the largest $d_0$, which is $7$.
  So candidate $N = 9437$.
  Let's verify the divisibility conditions for $N=9437$:
  - Change $d_3=9 \to 1$: $1437$. $1437 = 7 \times 205 + 2$. Not divisible.
  Wait, did I make a mistake?
  Let's re-calculate $1437 / 7$. $1400$ is div by 7. $37 = 35 + 2$. Remainder 2.
  Why did the congruence fail?
  Ah, the condition is $N_i \equiv 0 \pmod 7$.
  My derivation of the equations assumed $N_i \equiv 0$.
  Let's re-check the calculation of $N_3$ for $9437$.
  $N_3 = 1437$. $1437 \equiv 2 \pmod 7$.
  My equation (1) was derived from $N_3 - N_2 \equiv 0$.
  $N_3 = 1000 + 100d_2 + 10d_1 + d_0$.
  $N_2 = 1000d_3 + 100 + 10d_1 + d_0$.
  $N_3 - N_2 = 1000(1-d_3) - 100(1-d_2)$.
  For $d_3=9, d_2=4$: $1000(-8) - 100(-3) = -8000 + 300 = -7700$.
  $-7700$ is divisible by 7. So $N_3 \equiv N_2 \pmod 7$.
  If $N_3 \equiv 0$, then $N_2 \equiv 0$.
  But we need to ensure $N_3 \equiv 0$ itself.
  Let's check $N_3 = 1437 \equiv 2$. So $N_3 \not\equiv 0$.
  This means the set of digits $(9, 4, 3, 7)$ satisfies the *difference* conditions, but not the absolute condition $N_3 \equiv 0$.
  We need to find digits such that $N_3 \equiv 0 \pmod 7$ AND the difference conditions hold.
  Actually, if the difference conditions hold, then $N_3 \equiv N_2 \equiv N_1 \equiv N_0 \pmod 7$.
  So we just need to find a set of digits satisfying the difference equations AND $N_3 \equiv 0 \pmod 7$.
  
  Let's re-evaluate $N_3 \pmod 7$ for the candidate $(9, 4, 3, 7)$.
  $N_3 = 1000 + 400 + 30 + 7 = 1437 \equiv 2$.
  We need $N_3 \equiv 0$.
  The value of $N_3 \pmod 7$ depends on the specific digits.
  $N_3 = 1000 + 100d_2 + 10d_1 + d_0 \equiv -1 + 2d_2 + 3d_1 + d_0 \pmod 7$.
  We need $-1 + 2d_2 + 3d_1 + d_0 \equiv 0 \pmod 7$.
  Substitute the relations from the difference equations:
  From (1): $2d_2 \equiv 3 - d_3$.
  From (2): $3d_1 \equiv 1 + 2d_2 \equiv 1 + (3-d_3) = 4 - d_3$.
  From (3): $d_0 \equiv 5 + 3d_1 \equiv 5 + (4-d_3) = 9 - d_3 \equiv 2 - d_3$.
  
  Substitute these into the expression for $N_3$:
  $N_3 \equiv -1 + (3-d_3) + (4-d_3) + (2-d_3) \pmod 7$.
  $N_3 \equiv -1 + 3 - d_3 + 4 - d_3 + 2 - d_3 = 8 - 3d_3 \pmod 7$.
  $N_3 \equiv 1 - 3d_3 \pmod 7$.
  We require $N_3 \equiv 0 \pmod 7$.
  $1 - 3d_3 \equiv 0 \implies 3d_3 \equiv 1 \pmod 7$.
  Multiply by 5: $d_3 \equiv 5 \pmod 7$.
  
  So $d_3$ must be congruent to $5 \pmod 7$.
  Possible values for $d_3 \in \{1, \dots, 9\}$ are $5$. (Next is 12, too big).
  So $d_3 = 5$.
  
  Now we determine the other digits based on $d_3 = 5$.
  From (1): $2d_2 \equiv 3 - 5 = -2 \equiv 5 \pmod 7$.
  Multiply by 4: $d_2 \equiv 20 \equiv 6 \pmod 7$.
  Possible $d_2 \in \{6, 13, \dots\}$. So $d_2 = 6$.
  
  From (2): $3d_1 \equiv 1 + 2d_2 = 1 + 12 = 13 \equiv 6 \pmod 7$.
  Multiply by 5: $d_1 \equiv 30 \equiv 2 \pmod 7$.
  Possible $d_1 \in \{2, 9, \dots\}$.
  To maximize $N$, we choose the largest $d_1$, which is $9$.
  
  From (3): $d_0 \equiv 5 + 3d_1 = 5 + 3(9) = 5 + 27 = 32 \equiv 4 \pmod 7$.
  Possible $d_0 \in \{4, 11, \dots\}$. So $d_0 = 4$.
  
  Let's check the candidate $N = 5694$.
  Digits: $d_3=5, d_2=6, d_1=9, d_0=4$.
  Check conditions:
  1. Change $d_3 \to 1$: $1694$.
     $1694 / 7 = 242$. Divisible. (OK)
  2. Change $d_2 \to 1$: $5194$.
     $5194 / 7 = 742$. Divisible. (OK)
  3. Change $d_1 \to 1$: $5614$.
     $5614 / 7 = 802$. Divisible. (OK)
  4. Change $d_0 \to 1$: $5691$.
     $5691 / 7 = 813$. Divisible. (OK)
  
  Is this the greatest?
  We established $d_3$ must be $5 \pmod 7$. The only digit in $1..9$ is $5$.
  So $d_3$ is fixed at 5.
  Given $d_3=5$, $d_2$ must be $6 \pmod 7$. The only digit is $6$.
  Given $d_3=5, d_2=6$, $d_1$ must be $2 \pmod 7$. Options are $2, 9$.
  To maximize $N$, we pick $d_1 = 9$.
  Given $d_3=5, d_2=6, d_1=9$, $d_0$ must be $4 \pmod 7$. The only digit is $4$.
  So $N = 5694$ is the unique solution with these constraints.
  Wait, could there be a larger $d_3$?
  The condition $3d_3 \equiv 1 \pmod 7$ is necessary for $N_3 \equiv 0$.
  Are there any other solutions?
  The system of linear congruences has a unique solution modulo 7 for each digit.
  $d_3 \equiv 5$.
  $d_2 \equiv 6$.
  $d_1 \equiv 2$.
  $d_0 \equiv 4$.
  Since digits are $0..9$, the possible values are:
  $d_3 \in \{5\}$.
  $d_2 \in \{6\}$.
  $d_1 \in \{2, 9\}$.
  $d_0 \in \{4\}$.
  To maximize $N$, we choose the largest combination.
  $d_3=5, d_2=6, d_1=9, d_0=4$.
  $N = 5694$.
  
  Let's double check if I missed any possibility.
  What if $d_3$ was something else?
  The derivation $N_3 \equiv 1 - 3d_3 \pmod 7$ relied on the difference equations holding.
  The difference equations are necessary conditions for all $N_i$ to be divisible by 7.
  If any difference equation failed, then $N_i$ would not all be congruent mod 7, so they couldn't all be $0 \pmod 7$.
  Thus, the difference equations are necessary.
  Consequently, $d_3 \equiv 5 \pmod 7$ is necessary.
  So $d_3$ must be 5.
  Then $d_2 \equiv 6 \pmod 7$ is necessary. So $d_2=6$.
  Then $d_1 \equiv 2 \pmod 7$ is necessary. So $d_1 \in \{2, 9\}$.
  Then $d_0 \equiv 4 \pmod 7$ is necessary. So $d_0=4$.
  The maximum number is formed by choosing the largest valid digit for each position.
  $d_1$ can be 9.
  So $N = 5694$.

  Let's re-verify the calculations.
  $N = 5694$.
  $N_3 = 1694 = 7 \times 242$. Correct.
  $N_2 = 5194 = 7 \times 742$. Correct.
  $N_1 = 5614 = 7 \times 802$. Correct.
  $N_0 = 5691 = 7 \times 813$. Correct.
  
  Is there any other interpretation? ""Greatest four-digit positive integer"".
  Yes, 5694 is the largest.
  
  The problem asks for $Q+R$ where $N = 1000Q + R$.
  $N = 5694$.
  Dividing by 1000:
  $5694 = 5 \times 1000 + 694$.
  So $Q = 5$ and $R = 694$.
  $Q+R = 5 + 694 = 699$.

  Let's quickly check if $d_1$ could be 2.
  If $d_1=2$, $N=5624$.
  $5624 < 5694$. So 5694 is indeed greater.
  
  Is it possible that $d_3$ is not 5?
  Suppose $d_3 = 12$? No, digit must be $\le 9$.
  Suppose $d_3 = -2$? No, positive integer.
  So $d_3=5$ is the only option.
  
  Final check of the question phrasing: ""whenever one of its digits is changed to 1"".
  This implies changing any of the 4 digits.
  My analysis covered all 4 cases.
  
  Calculation of $Q+R$:
  $N = 5694$.
  $Q = \lfloor 5694 / 1000 \rfloor = 5$.
  $R = 5694 \pmod{1000} = 694$.
  $Q+R = 5 + 694 = 699$.

  Just to be absolutely sure, let's re-solve the congruences step-by-step without skipping.
  $N = 1000d_3 + 100d_2 + 10d_1 + d_0$.
  $N_3 = 1000 + 100d_2 + 10d_1 + d_0 \equiv 0$.
  $N_2 = 1000d_3 + 100 + 10d_1 + d_0 \equiv 0$.
  $N_1 = 1000d_3 + 100d_2 + 10 + d_0 \equiv 0$.
  $N_0 = 1000d_3 + 100d_2 + 10d_1 + 1 \equiv 0$.
  
  $N_3 - N_2 = 1000(1-d_3) - 100(1-d_2) \equiv 0$.
  $6(1-d_3) - 2(1-d_2) \equiv 0 \implies 3(1-d_3) - (1-d_2) \equiv 0 \implies 3 - 3d_3 - 1 + d_2 \equiv 0 \implies d_2 - 3d_3 + 2 \equiv 0 \implies d_2 \equiv 3d_3 - 2$.
  Wait, earlier I had $d_3 + 2d_2 \equiv 3$.
  Let's re-evaluate $6(1-d_3) - 2(1-d_2) \equiv 0$.
  Divide by 2: $3(1-d_3) - (1-d_2) \equiv 0$.
  $3 - 3d_3 - 1 + d_2 \equiv 0 \implies d_2 - 3d_3 + 2 \equiv 0 \implies d_2 \equiv 3d_3 - 2$.
  Let's check my previous Eq 1: $d_3 + 2d_2 \equiv 3$.
  Substitute $d_2 = 3d_3 - 2$: $d_3 + 2(3d_3 - 2) = d_3 + 6d_3 - 4 = 7d_3 - 4 \equiv -4 \equiv 3$.
  Yes, $3 \equiv 3$. Consistent.
  So $d_2 \equiv 3d_3 - 2 \pmod 7$.
  
  $N_2 - N_1 = 100(1-d_2) - 10(1-d_1) \equiv 0$.
  $2(1-d_2) - 3(1-d_1) \equiv 0$.
  $2 - 2d_2 - 3 + 3d_1 \equiv 0 \implies 3d_1 - 2d_2 - 1 \equiv 0 \implies 3d_1 \equiv 2d_2 + 1$.
  Previous Eq 2: $3d_1 - 2d_2 \equiv 1$. Consistent.
  Substitute $d_2 = 3d_3 - 2$:
  $3d_1 \equiv 2(3d_3 - 2) + 1 = 6d_3 - 4 + 1 = 6d_3 - 3 \equiv -d_3 + 4$.
  Multiply by 5: $d_1 \equiv -5d_3 + 20 \equiv -5d_3 + 6 \equiv 2d_3 + 6$.
  Let's check previous $d_1 \equiv 2 \pmod 7$ when $d_3=5$.
  $2(5) + 6 = 16 \equiv 2$. Consistent.
  
  $N_1 - N_0 = 10(1-d_1) - (1-d_0) \equiv 0$.
  $3(1-d_1) - (1-d_0) \equiv 0$.
  $3 - 3d_1 - 1 + d_0 \equiv 0 \implies d_0 - 3d_1 + 2 \equiv 0 \implies d_0 \equiv 3d_1 - 2$.
  Previous Eq 3: $d_0 - 3d_1 \equiv 5 \implies d_0 \equiv 3d_1 + 5 \equiv 3d_1 - 2$. Consistent.
  Substitute $d_1 = 2d_3 + 6$:
  $d_0 \equiv 3(2d_3 + 6) - 2 = 6d_3 + 18 - 2 = 6d_3 + 16 \equiv -d_3 + 2$.
  Let's check previous $d_0 \equiv 4 \pmod 7$ when $d_3=5$.
  $-5 + 2 = -3 \equiv 4$. Consistent.
  
  Now use $N_3 \equiv 0$.
  $N_3 = 1000 + 100d_2 + 10d_1 + d_0 \equiv -1 + 2d_2 + 3d_1 + d_0$.
  Substitute expressions in terms of $d_3$:
  $d_2 = 3d_3 - 2$.
  $d_1 = 2d_3 + 6$.
  $d_0 = -d_3 + 2$.
  $N_3 \equiv -1 + 2(3d_3 - 2) + 3(2d_3 + 6) + (-d_3 + 2)$.
  $= -1 + 6d_3 - 4 + 6d_3 + 18 - d_3 + 2$.
  $= (6+6-1)d_3 + (-1-4+18+2)$.
  $= 11d_3 + 15$.
  $11 \equiv",\boxed{699},0,0.0
"A straight river that is $264$ meters wide flows from west to east at a rate of $14$ meters per minute. Melanie and Sherry sit on the south bank of the river with Melanie a distance of $D$ meters downstream from Sherry. Relative to the water, Melanie swims at $80$ meters per minute, and Sherry swims at $60$ meters per minute. At the same time, Melanie and Sherry begin swimming in straight lines to a point on the north bank of the river that is equidistant from their starting positions. The two women arrive at this point simultaneously. Find $D$.","To find the distance $D$, we need to analyze the motion of both swimmers relative to the ground, considering the river's current.

### 1. Define the Coordinate System and Variables

Let the south bank be the line $y = 0$ and the north bank be the line $y = 264$.
Let the direction of the river flow (west to east) be the positive $x$-axis.
Let the starting position of Sherry be at the origin $(0, 0)$.
Since Melanie is $D$ meters downstream from Sherry, her starting position is $(D, 0)$.
They both swim to a point $P$ on the north bank. Let the coordinates of $P$ be $(x, 264)$.

The problem states that point $P$ is **equidistant** from their starting positions.
The distance from Sherry to $P$ is $\sqrt{(x-0)^2 + (264-0)^2} = \sqrt{x^2 + 264^2}$.
The distance from Melanie to $P$ is $\sqrt{(x-D)^2 + (264-0)^2} = \sqrt{(x-D)^2 + 264^2}$.

Equating these distances:
$$ \sqrt{x^2 + 264^2} = \sqrt{(x-D)^2 + 264^2} $$
Squaring both sides:
$$ x^2 + 264^2 = (x-D)^2 + 264^2 $$
$$ x^2 = (x-D)^2 $$
$$ x^2 = x^2 - 2xD + D^2 $$
$$ 0 = -2xD + D^2 $$
Since $D$ is a distance between two distinct people, $D \neq 0$. Thus, we can divide by $D$:
$$ 2x = D \implies x = \frac{D}{2} $$
So, the target point $P$ is located at $(\frac{D}{2}, 264)$. This makes sense geometrically; the point equidistant from two points on a line lies on the perpendicular bisector of the segment connecting them.

### 2. Analyze the Motion Relative to the Ground

The swimmers have velocities relative to the water, and the water has a velocity relative to the ground.
*   River velocity ($\vec{v}_r$): $14$ m/min in the $+x$ direction.
*   Melanie's speed relative to water ($v_{M,w}$): $80$ m/min.
*   Sherry's speed relative to water ($v_{S,w}$): $60$ m/min.

Let $\theta_M$ and $\theta_S$ be the angles their swimming paths make with the $x$-axis (relative to the water).
The velocity of a swimmer relative to the ground ($\vec{v}_g$) is the vector sum of their velocity relative to the water and the river's velocity:
$$ \vec{v}_g = \vec{v}_{w} + \vec{v}_r $$
$$ \vec{v}_g = (v_{w} \cos \theta, v_{w} \sin \theta) + (14, 0) = (v_{w} \cos \theta + 14, v_{w} \sin \theta) $$

Both swimmers travel from $y=0$ to $y=264$. The time taken ($t$) is the same for both.
The vertical component of velocity determines the time to cross the river:
$$ t = \frac{\text{Width}}{v_{g,y}} = \frac{264}{v_{w} \sin \theta} $$

The horizontal displacement ($\Delta x$) for each swimmer is:
$$ \Delta x = v_{g,x} \cdot t = (v_{w} \cos \theta + 14) \cdot \frac{264}{v_{w} \sin \theta} $$
$$ \Delta x = 264 \left( \cot \theta + \frac{14}{v_{w} \sin \theta} \right) $$

### 3. Set Up Equations for Each Swimmer

**For Sherry:**
*   Start: $(0, 0)$
*   End: $(\frac{D}{2}, 264)$
*   Horizontal displacement: $\Delta x_S = \frac{D}{2} - 0 = \frac{D}{2}$
*   Speed relative to water: $v_S = 60$
*   Angle: $\theta_S$

Equation:
$$ \frac{D}{2} = 264 \left( \cot \theta_S + \frac{14}{60 \sin \theta_S} \right) \quad \text{--- (1)} $$

**For Melanie:**
*   Start: $(D, 0)$
*   End: $(\frac{D}{2}, 264)$
*   Horizontal displacement: $\Delta x_M = \frac{D}{2} - D = -\frac{D}{2}$
*   Speed relative to water: $v_M = 80$
*   Angle: $\theta_M$

Equation:
$$ -\frac{D}{2} = 264 \left( \cot \theta_M + \frac{14}{80 \sin \theta_M} \right) \quad \text{--- (2)} $$

### 4. Solve the System

From equations (1) and (2), we can express the terms in parentheses:
$$ \cot \theta_S + \frac{14}{60 \sin \theta_S} = \frac{D}{528} $$
$$ \cot \theta_M + \frac{14}{80 \sin \theta_M} = -\frac{D}{528} $$

Let $k = \frac{D}{528}$. Then:
1.  $\cot \theta_S + \frac{7}{30 \sin \theta_S} = k$
2.  $\cot \theta_M + \frac{7}{40 \sin \theta_M} = -k$

Recall that $\cot \theta = \frac{\cos \theta}{\sin \theta}$.
So, $\frac{\cos \theta}{\sin \theta} + \frac{C}{v \sin \theta} = k \implies \frac{v \cos \theta + C}{v \sin \theta} = k$.
Here $C = 14$.
For Sherry: $\frac{60 \cos \theta_S + 14}{60 \sin \theta_S} = k$
For Melanie: $\frac{80 \cos \theta_M + 14}{80 \sin \theta_M} = -k$

Let's analyze the geometry more directly.
The time taken is $t$.
Vertical distance covered: $264$.
$v_{S,y} = 60 \sin \theta_S = \frac{264}{t}$
$v_{M,y} = 80 \sin \theta_M = \frac{264}{t}$
Thus, $60 \sin \theta_S = 80 \sin \theta_M \implies 3 \sin \theta_S = 4 \sin \theta_M$.

Horizontal distances covered relative to the water frame (before adding current):
Sherry's horizontal component relative to water: $60 \cos \theta_S$.
Melanie's horizontal component relative to water: $80 \cos \theta_M$.

Total horizontal displacement relative to ground:
Sherry: $x_S = (60 \cos \theta_S + 14)t = \frac{D}{2}$
Melanie: $x_M = (80 \cos \theta_M + 14)t = -\frac{D}{2}$

Subtract the two displacement equations:
$$ x_S - x_M = \frac{D}{2} - (-\frac{D}{2}) = D $$
$$ (60 \cos \theta_S + 14)t - (80 \cos \theta_M + 14)t = D $$
$$ (60 \cos \theta_S - 80 \cos \theta_M)t = D $$

We also know $t = \frac{264}{60 \sin \theta_S} = \frac{264}{80 \sin \theta_M}$.
Let's express everything in terms of one variable, say $\sin \theta_S$.
From $3 \sin \theta_S = 4 \sin \theta_M$, we have $\sin \theta_M = \frac{3}{4} \sin \theta_S$.
Let $s = \sin \theta_S$. Then $\sin \theta_M = 0.75s$.
Then $t = \frac{264}{60s} = \frac{4.4}{s}$.

Now substitute into the horizontal difference equation:
$$ D = (60 \cos \theta_S - 80 \cos \theta_M) \cdot \frac{4.4}{s} $$
$$ D = 4.4 \left( \frac{60 \cos \theta_S}{s} - \frac{80 \cos \theta_M}{0.75s} \right) $$
$$ D = \frac{4.4}{s} (60 \cos \theta_S - \frac{320}{3} \cos \theta_M) $$

This looks complicated. Let's try a different approach using the explicit expressions for $k$.
From earlier:
$k = \frac{60 \cos \theta_S + 14}{60 \sin \theta_S} = \frac{\cos \theta_S}{\sin \theta_S} + \frac{14}{60 \sin \theta_S}$
$-k = \frac{80 \cos \theta_M + 14}{80 \sin \theta_M} = \frac{\cos \theta_M}{\sin \theta_M} + \frac{14}{80 \sin \theta_M}$

Let $u = \sin \theta_S$ and $v = \sin \theta_M$. We know $60u = 80v \implies v = \frac{3}{4}u$.
Also $\cos \theta_S = \sqrt{1-u^2}$ and $\cos \theta_M = \sqrt{1-v^2}$ (assuming they swim upstream/downstream appropriately to reach the midpoint, angles are likely acute relative to the bank, but let's check signs).
Sherry moves $+D/2$. Current is $+14$. Even if she swims upstream, the net is positive.
Melanie moves $-D/2$. Current is $+14$. She must swim strongly upstream to overcome the current and move west. So $\cos \theta_M$ is negative?
Wait, the formula $\Delta x = (v \cos \theta + 14)t$.
If Melanie moves west ($\Delta x < 0$), and current is east ($+14$), then $v \cos \theta$ must be negative and large enough.
So $\cos \theta_M$ is negative. Let $\theta_M$ be the angle with the positive x-axis. Then $\cos \theta_M < 0$.
Similarly for Sherry, $\Delta x > 0$. $v \cos \theta_S + 14 > 0$. $\cos \theta_S$ could be positive or negative, but likely positive.

Let's rewrite the equations for $k$ and $-k$:
1. $k = \frac{\sqrt{1-u^2}}{u} + \frac{14}{60u}$
2. $-k = \frac{-\sqrt{1-v^2}}{v} + \frac{14}{80v}$  (Note: $\cos \theta_M = -\sqrt{1-v^2}$)

Substitute $v = 0.75u$:
$-k = \frac{-\sqrt{1-(0.75u)^2}}{0.75u} + \frac{14}{80(0.75u)}$
$-k = -\frac{4}{3u}\sqrt{1 - \frac{9}{16}u^2} + \frac{14}{60u}$
$-k = -\frac{4}{3u}\sqrt{\frac{16-9u^2}{16}} + \frac{7}{30u}$
$-k = -\frac{1}{3u}\sqrt{16-9u^2} + \frac{7}{30u}$

Now equate the expressions for $k$ and $-k$:
$\frac{\sqrt{1-u^2}}{u} + \frac{7}{30u} = - \left( -\frac{1}{3u}\sqrt{16-9u^2} + \frac{7}{30u} \right)$
$\frac{\sqrt{1-u^2}}{u} + \frac{7}{30u} = \frac{1}{3u}\sqrt{16-9u^2} - \frac{7}{30u}$

Multiply by $30u$ (since $u \neq 0$):
$30\sqrt{1-u^2} + 7 = 10\sqrt{16-9u^2} - 7$
$30\sqrt{1-u^2} + 14 = 10\sqrt{16-9u^2}$
Divide by 2:
$15\sqrt{1-u^2} + 7 = 5\sqrt{16-9u^2}$

Square both sides:
$(15\sqrt{1-u^2} + 7)^2 = 25(16-9u^2)$
$225(1-u^2) + 210\sqrt{1-u^2} + 49 = 400 - 225u^2$
$225 - 225u^2 + 210\sqrt{1-u^2} + 49 = 400 - 225u^2$
Cancel $-225u^2$ from both sides:
$274 + 210\sqrt{1-u^2} = 400$
$210\sqrt{1-u^2} = 126$
$\sqrt{1-u^2} = \frac{126}{210} = \frac{3}{5} = 0.6$

So, $\cos \theta_S = 0.6$.
Then $\sin \theta_S = \sqrt{1 - 0.6^2} = 0.8$.
So $u = 0.8$.

Check consistency with $v$:
$v = 0.75 \times 0.8 = 0.6$.
Then $\cos \theta_M = -\sqrt{1 - 0.6^2} = -0.8$.

Now calculate $k$:
$k = \frac{\sqrt{1-u^2}}{u} + \frac{7}{30u} = \frac{0.6}{0.8} + \frac{7}{30(0.8)} = 0.75 + \frac{7}{24} = \frac{18}{24} + \frac{7}{24} = \frac{25}{24}$.

Recall $k = \frac{D}{528}$.
$\frac{D}{528} = \frac{25}{24}$
$D = 528 \times \frac{25}{24}$
$528 / 24 = 22$
$D = 22 \times 25 = 550$.

### 5. Verification

Let's double check the calculations.
$D = 550$.
Target point $x = 275$.
Sherry: Start $(0,0)$, End $(275, 264)$.
Displacement vector $\vec{d}_S = (275, 264)$.
Distance $d_S = \sqrt{275^2 + 264^2} = \sqrt{75625 + 69696} = \sqrt{145321} = 381.21$?
Wait, $275 = 25 \times 11$, $264 = 24 \times 11$.
$d_S = 11 \sqrt{25^2 + 24^2} = 11 \sqrt{625 + 576} = 11 \sqrt{1201}$. Not a nice integer.
Let's re-evaluate the distance calculation.
$275^2 = 75625$.
$264^2 = 69696$.
Sum = $145321$.
$\sqrt{145321} = 381.21$.

Time for Sherry:
$v_{S,w} = 60$.
Angle $\theta_S$: $\sin \theta_S = 0.8, \cos \theta_S = 0.6$.
$v_{S,y} = 60 \times 0.8 = 48$.
$t = 264 / 48 = 5.5$ min.
Horizontal velocity relative to ground: $v_{S,x} = 60 \times 0.6 + 14 = 36 + 14 = 50$.
Horizontal distance: $50 \times 5.5 = 275$.
Matches $D/2 = 550/2 = 275$. Correct.

Melanie: Start $(550, 0)$, End $(275, 264)$.
Displacement vector $\vec{d}_M = (275-550, 264) = (-275, 264)$.
$v_{M,w} = 80$.
Angle $\theta_M$: $\sin \theta_M = 0.6, \cos \theta_M = -0.8$.
$v_{M,y} = 80 \times 0.6 = 48$.
$t = 264 / 48 = 5.5$ min. (Simultaneous arrival confirmed).
Horizontal velocity relative to ground: $v_{M,x} = 80 \times (-0.8) + 14 = -64 + 14 = -50$.
Horizontal distance: $-50 \times 5.5 = -275$.
Start $x=550$, End $x = 550 - 275 = 275$.
Matches target point. Correct.

The distance $D$ is indeed 550.

### Conclusion

The distance $D$ is 550 meters.

**Answer:** 550",\boxed{550},1,0.0
"Let $ABC$ be a triangle inscribed in circle $\omega$. Let the tangents to $\omega$ at $B$ and $C$ intersect at point $D$, and let $\overline{AD}$ intersect $\omega$ at $P$. If $AB=5$, $BC=9$, and $AC=10$, $AP$ can be written as the form $\frac{m}{n}$, where $m$ and $n$ are relatively prime integers. Find $m + n$.","To find the value of $m+n$, we will proceed step by step, determining the length of the segment $AP$ using the properties of the triangle and the circle.

### Step 1: Understand the Geometric Configuration
Let the triangle be $ABC$ with side lengths $c = AB = 5$, $a = BC = 9$, and $b = AC = 10$.
The circle $\omega$ is the circumcircle of $\triangle ABC$.
The tangents to $\omega$ at vertices $B$ and $C$ intersect at point $D$.
The line segment $AD$ intersects the circle $\omega$ again at point $P$. We need to find the length $AP$.

### Step 2: Identify the Properties of Point $P$
A well-known theorem in geometry states that if tangents at $B$ and $C$ meet at $D$, then the line $AD$ passes through the midpoint of the arc $BC$ not containing $A$. Let's verify this or use a related property.
Actually, the line $AD$ is the symmedian of $\triangle ABC$ from vertex $A$.
Wait, let's re-evaluate.
The line connecting a vertex to the intersection of the tangents at the other two vertices is the **symmedian** of the triangle.
So, $AD$ is the $A$-symmedian of $\triangle ABC$.
The point $P$ is the intersection of the $A$-symmedian with the circumcircle.
There is a specific property regarding the length of the symmedian chord.
Alternatively, we can use the property that $P$ is the midpoint of the arc $BC$ not containing $A$? No, that's the angle bisector. The symmedian is the isogonal conjugate of the median.
Let $M$ be the midpoint of $BC$. The median is $AM$. The symmedian $AD$ is the reflection of $AM$ across the angle bisector of $A$.
The point $P$ where the symmedian meets the circumcircle has a specific relationship with the sides.
Specifically, $P$ is the center of a circle passing through $B$ and $C$? No.
Let's use the property of the symmedian point on the circumcircle.
It is known that $PB = PC$ is false for the symmedian. The angle bisector gives $PB=PC$.
For the symmedian, the ratio of distances to the sides is related to the sides of the triangle.
However, there is a direct formula for the length of the segment from the vertex to the circumcircle along the symmedian.
Let's derive it or recall the formula.
Let $AP$ be the length we seek.
Consider the power of point $D$ with respect to the circle? No, $D$ is outside.
Let's use the property that $P$ lies on the symmedian.
A key property of the symmedian chord $AP$ is that $P$ is the midpoint of the arc $BC$ containing $A$? No.
Let's reconsider the definition.
Tangents at $B$ and $C$ meet at $D$. Then $DB = DC$. $\triangle DBC$ is isosceles.
$AD$ is the axis of symmetry for the configuration involving the tangents? No, $AD$ is the angle bisector of $\angle BDC$.
Since $DB$ and $DC$ are tangents, $\angle DBC = \angle DCB = 90^\circ - \angle A$.
Also, $\angle BDC = 180^\circ - 2(90^\circ - A) = 2A$.
In $\triangle DBC$, $BD = DC = \frac{a/2}{\sin(A/2)}$? No.
In right triangle formed by radius and tangent...
Let $R$ be the circumradius. $BD = 2R \sin(A/2)$? No.
In $\triangle OBD$ (where $O$ is circumcenter), $\angle OBD = 90^\circ$. $\angle BOD = 90^\circ - \angle ODB$.
Actually, simpler: $BD = \frac{a}{\tan(A/2)}$? No.
In $\triangle DBC$, $BC = a$. $\angle DBC = \angle DCB = 90^\circ - A$ (since angle between tangent and chord equals angle in alternate segment).
Wait, the angle between tangent at $B$ and chord $BC$ is equal to $\angle BAC = A$.
So $\angle DBC = A$ and $\angle DCB = A$.
Then $\angle BDC = 180^\circ - 2A$.
Then $BD = \frac{a/2}{\cos A}$? No.
In $\triangle DBC$, by Sine Rule: $\frac{a}{\sin(180-2A)} = \frac{BD}{\sin A}$.
$\frac{a}{\sin 2A} = \frac{BD}{\sin A} \implies BD = \frac{a \sin A}{2 \sin A \cos A} = \frac{a}{2 \cos A}$.
This assumes $A < 90^\circ$. If $A > 90^\circ$, $\cos A$ is negative, length must be positive.
Actually, the angle between tangent and chord is $A$. So $\angle DBC = A$.
Yes. So $BD = \frac{a}{2 \cos A}$.

Now consider $\triangle ABD$ and $\triangle PBD$? Or use similar triangles.
It is a known property that $\triangle ABD \sim \triangle PBD$? No.
Let's look at angles.
$\angle DBP = \angle DBC + \angle CBP = A + \angle CBP$.
$\angle CBP = \angle CAP$ (angles subtended by arc $CP$).
$\angle CAP = \angle CAD$.
Since $AD$ is the symmedian, $\angle BAD = \angle CAM$ where $M$ is midpoint of $BC$? No, isogonal conjugate.
$\angle BAD = \angle CA M'$ where $AM'$ is median? No.
Isogonal lines: $\angle BAD = \angle MAC$ and $\angle CAD = \angle MAB$.
Let's use the property that $P$ is the midpoint of the arc $BC$ not containing $A$? No, that's the angle bisector.
The symmedian intersects the circumcircle at the point $P$ such that $PB/PC = c/b$.
Also, there is a relation $AP = \frac{bc}{b+c} \times \dots$? No.
Let's use the property of the symmedian chord length directly.
The length of the symmedian segment from vertex to circumcircle is given by:
$AP = \frac{bc}{b+c} \cdot \frac{2R \sin A}{\sin(\text{something})}$?
Let's try a different approach using coordinates or specific similar triangles.
Consider $\triangle ABD$ and $\triangle ACD$.
Actually, there is a very useful property: $P$ is the center of the circle passing through $B, C$ and tangent to $AB$ at $B$? No.
Let's go back to basics.
$AD$ is the symmedian.
Property: $P$ is the midpoint of the arc $BC$ containing $A$? No.
Property: $PB \cdot PC = PA \cdot PM$? No.
Let's use the ratio lemma.
In $\triangle ABC$, let $AD$ be the symmedian. Then $\frac{BD}{DC} = \frac{c^2}{b^2}$? No, that's for the cevian on the opposite side. $D$ is outside.
Let $AD$ intersect $BC$ at $K$. Then $\frac{BK}{KC} = \frac{c^2}{b^2}$.
But we need $AP$.
There is a formula for the length of the symmedian chord:
$AP = \frac{bc}{b+c} \cdot \frac{2R \sin A}{\sin(\angle BAD + \angle CAD)}$? No.
Let's calculate $AP$ using the property that $P$ lies on the symmedian.
A known result states that for the symmedian $AP$, the following holds:
$AP = \frac{bc}{b+c} \cdot \frac{2R \sin A}{\sin A}$? No.
Let's derive it.
Let $M$ be the midpoint of $BC$. $AM$ is the median.
$AD$ is the reflection of $AM$ across the angle bisector of $A$.
Let $\alpha = \angle BAM$ and $\beta = \angle CAM$. Then $\angle BAD = \beta$ and $\angle CAD = \alpha$.
In $\triangle ABP$, by Sine Rule:
$\frac{AP}{\sin \angle ABP} = \frac{AB}{\sin \angle APB}$.
$\angle APB = \angle ACB = C$ (angles subtended by arc $AB$).
So $AP = \frac{c \sin \angle ABP}{\sin C}$.
$\angle ABP = \angle ABC + \angle CBP = B + \angle CBP$.
$\angle CBP = \angle CAP = \alpha$.
So $\angle ABP = B + \alpha$.
Thus $AP = \frac{c \sin(B+\alpha)}{\sin C}$.
We need $\alpha$.
In $\triangle ABM$, by Sine Rule: $\frac{BM}{\sin \alpha} = \frac{c}{\sin \angle AMB}$.
$BM = a/2$. $\angle AMB = 180 - (B+\alpha)$.
So $\frac{a/2}{\sin \alpha} = \frac{c}{\sin(B+\alpha)}$.
$\frac{\sin(B+\alpha)}{\sin \alpha} = \frac{2c}{a}$.
$\sin B \cot \alpha + \cos B = \frac{2c}{a}$.
$\cot \alpha = \frac{2c/a - \cos B}{\sin B}$.
We can compute $\cos B$ and $\sin B$ from the side lengths.
$a=9, b=10, c=5$.
$\cos B = \frac{a^2 + c^2 - b^2}{2ac} = \frac{81 + 25 - 100}{2 \cdot 9 \cdot 5} = \frac{6}{90} = \frac{1}{15}$.
$\sin B = \sqrt{1 - (1/15)^2} = \sqrt{\frac{224}{225}} = \frac{\sqrt{224}}{15} = \frac{4\sqrt{14}}{15}$.
Now calculate $\cot \alpha$:
$\frac{2c}{a} = \frac{10}{9}$.
$\cot \alpha = \frac{10/9 - 1/15}{4\sqrt{14}/15} = \frac{(50-3)/45}{4\sqrt{14}/15} = \frac{47/45}{4\sqrt{14}/15} = \frac{47}{45} \cdot \frac{15}{4\sqrt{14}} = \frac{47}{12\sqrt{14}}$.
Now we need $\sin(B+\alpha)$.
$\sin(B+\alpha) = \sin B \cos \alpha + \cos B \sin \alpha = \sin B (\cos \alpha + \cot \alpha \sin \alpha) = \sin B (\cos \alpha + \frac{\cot \alpha}{\csc \alpha} \dots)$
Actually, $\sin(B+\alpha) = \sin B \cos \alpha + \cos B \sin \alpha = \sin \alpha (\sin B \cot \alpha + \cos B)$.
From the median relation, we know $\sin B \cot \alpha + \cos B = \frac{2c}{a}$.
So $\sin(B+\alpha) = \sin \alpha \cdot \frac{2c}{a}$.
Substitute this into the expression for $AP$:
$AP = \frac{c}{\sin C} \cdot \left( \sin \alpha \cdot \frac{2c}{a} \right) = \frac{2c^2 \sin \alpha}{a \sin C}$.
We need $\sin \alpha$.
We have $\cot \alpha = \frac{47}{12\sqrt{14}}$.
$\csc^2 \alpha = 1 + \cot^2 \alpha = 1 + \frac{47^2}{144 \cdot 14} = 1 + \frac{2209}{2016} = \frac{2016+2209}{2016} = \frac{4225}{2016}$.
$\sin \alpha = \sqrt{\frac{4225}{2016}} = \frac{65}{\sqrt{2016}} = \frac{65}{12\sqrt{14}}$.
Now we need $\sin C$.
$\sin C = \frac{c}{2R}$. Also $c = 2R \sin C$.
We can find $\sin C$ using the area or cosine rule.
$\cos C = \frac{a^2 + b^2 - c^2}{2ab} = \frac{81 + 100 - 25}{2 \cdot 9 \cdot 10} = \frac{156}{180} = \frac{13}{15}$.
$\sin C = \sqrt{1 - (13/15)^2} = \sqrt{\frac{225-169}{225}} = \sqrt{\frac{56}{225}} = \frac{2\sqrt{14}}{15}$.
Now substitute everything into $AP$:
$AP = \frac{2c^2}{a \sin C} \sin \alpha = \frac{2 \cdot 5^2}{9 \cdot \frac{2\sqrt{14}}{15}} \cdot \frac{65}{12\sqrt{14}}$.
$AP = \frac{50}{9} \cdot \frac{15}{2\sqrt{14}} \cdot \frac{65}{12\sqrt{14}}$.
$AP = \frac{50 \cdot 15 \cdot 65}{9 \cdot 2 \cdot 12 \cdot 14}$.
Simplify:
Numerator: $50 \cdot 15 \cdot 65 = 750 \cdot 65 = 48750$.
Denominator: $9 \cdot 24 \cdot 14 = 216 \cdot 14 = 3024$.
Let's simplify fractions step by step.
$AP = \frac{50}{9} \cdot \frac{15}{2\sqrt{14}} \cdot \frac{65}{12\sqrt{14}} = \frac{50 \cdot 15 \cdot 65}{9 \cdot 2 \cdot 12 \cdot 14}$.
Cancel 5 from 50 and 10 from 15?
$50 = 2 \cdot 25$.
$15 = 3 \cdot 5$.
$65 = 5 \cdot 13$.
Numerator: $2 \cdot 25 \cdot 3 \cdot 5 \cdot 5 \cdot 13 = 2 \cdot 3 \cdot 25 \cdot 25 \cdot 13 = 6 \cdot 625 \cdot 13 = 3750 \cdot 13 = 48750$.
Denominator: $9 \cdot 2 \cdot 12 \cdot 14 = 9 \cdot 24 \cdot 14 = 216 \cdot 14 = 3024$.
Fraction: $\frac{48750}{3024}$.
Divide by 2: $\frac{24375}{1512}$.
Divide by 3: $2+4+3+7+5 = 21$ (div by 3). $1+5+1+2=9$ (div by 3).
$24375 / 3 = 8125$.
$1512 / 3 = 504$.
Fraction: $\frac{8125}{504}$.
Check for further common factors.
$504 = 8 \cdot 9 \cdot 7 = 2^3 \cdot 3^2 \cdot 7$.
$8125$ ends in 5, so divisible by 5. Not by 2 or 3 ($8+1+2+5=16$).
Is it divisible by 7?
$8125 = 7000 + 1125 = 7000 + 700 + 425 = 7700 + 420 + 5$. Remainder 5. Not divisible by 7.
So the fraction is irreducible.
$m = 8125$, $n = 504$.
$m+n = 8125 + 504 = 8629$.

### Alternative Verification using Symmedian Property
There is a known formula for the length of the symmedian chord $AP$:
$AP = \frac{bc}{b+c} \cdot \frac{2R \sin A}{\sin A}$? No.
The formula is $AP = \frac{bc}{b+c} \cdot \frac{2R \sin A}{\sin(\angle BAD + \angle CAD)}$? No.
Let's check the formula $AP = \frac{bc}{b+c} \cdot \frac{2R \sin A}{\sin A}$ is wrong.
Correct formula: $AP = \frac{bc}{b+c} \cdot \frac{2R \sin A}{\sin A}$?
Actually, the length of the symmedian from $A$ to the circumcircle is:
$AP = \frac{bc}{b+c} \cdot \frac{2R \sin A}{\sin A}$? No.
Let's re-derive or find the standard formula.
$AP = \frac{bc}{b+c} \cdot \frac{2R \sin A}{\sin A}$ is definitely not right dimensionally or logically.
Standard result: $AP = \frac{bc}{b+c} \cdot \frac{2R \sin A}{\sin A}$?
Wait, there is a relation $AP = \frac{bc}{b+c} \cdot \frac{2R \sin A}{\sin A}$?
Let's try to calculate $AP$ using the property $PB/PC = c/b$ and $P$ on circle.
Let $AP = x$.
In $\triangle ABP$ and $\triangle ACP$?
Use the property that $P$ is the center of the circle tangent to $AB$ at $B$ and $AC$ at $C$? No, that's the excenter/incenter related.
The point $P$ is the midpoint of the arc $BC$ not containing $A$? No.
The point $P$ is such that $PB = PC$? No, that's the angle bisector.
For symmedian, $PB/PC = c/b$.
Also $AP^2 = PB \cdot PC + AB \cdot AC$? No.
There is a relation $AP = \frac{bc}{b+c} \cdot \frac{2R \sin A}{\sin A}$?
Let's check the value with the formula $AP = \frac{bc}{b+c} \cdot \frac{2R \sin A}{\sin A}$?
Maybe the formula is $AP = \frac{bc}{b+c} \cdot \frac{2R \sin A}{\sin A}$?
Let's assume the calculation $AP = \frac{8125}{504}$ is correct based on the rigorous derivation.

Let's double check the calculation steps.
1. $\cos B = 1/15$. Correct.
2. $\sin B = 4\sqrt{14}/15$. Correct.
3. $\cot \alpha = \frac{2c/a - \cos B}{\sin B} = \frac{10/9 - 1/15}{4\sqrt{14}/15} = \frac{47/45}{4\sqrt{14}/15} = \frac{47}{12\sqrt{14}}$. Correct.
4. $\sin \alpha = \frac{65}{12\sqrt{14}}$. Correct. ($65^2 = 4225$, $12^2 \cdot 14 = 144 \cdot 14 = 2016$, $4225/2016$).
5. $\cos C = 13/15$. Correct.
6. $\sin C = 2\sqrt{14}/15$. Correct.
7. $AP = \frac{2c^2 \sin \alpha}{a \sin C}$.
   Derivation check:
   $AP = \frac{c \sin(B+\alpha)}{\sin C}$.
   $\sin(B+\alpha) = \sin \alpha (\sin B \cot \alpha + \cos B) = \sin \alpha (2c/a)$.
   So $AP = \frac{c}{\sin C} \cdot \frac{2c}{a} \sin \alpha = \frac{2c^2 \sin \alpha}{a \sin C}$. Correct.
8. Substitution:
   $AP = \frac{2 \cdot 25 \cdot \frac{65}{12\sqrt{14}}}{9 \cdot \frac{2\sqrt{14}}{15}} = \frac{50 \cdot 65}{12\sqrt{14}} \cdot \frac{15}{18\sqrt{14}} = \frac{3250}{12\sqrt{14}} \cdot \frac{15}{18\sqrt{14}}$.
   $= \frac{3250 \cdot 15}{12 \cdot 18 \cdot 14} = \frac{48750}{3024}$.
   Simplify:
   $48750 / 6 = 8125$.
   $3024 / 6 = 504$.
   Result $8125/504$.
   Check GCD(8125, 504).
   $504 = 2^3 \cdot 3^2 \cdot 7$.
   $8125 = 5^3 \cdot 13 \cdot 13$? No. $8125 = 125 \cdot 65 = 5^3 \cdot 5 \cdot 13 = 5^4 \cdot 13$.
   No common factors.
   So $m=8125, n=504$.
   $m+n = 8629$.

Is there any simpler formula?
$AP = \frac{bc}{b+c} \cdot \frac{2R \sin A}{\sin A}$?
Let's calculate $2R \sin A$.
$2R = \frac{a}{\sin A}$.
$\cos A = \frac{b^2+c^2-a^2}{2bc} = \frac{100+25-81}{200} = \frac{44}{200} = \frac{11}{50}$.
$\sin A = \sqrt{1 - (11/50)^2} = \sqrt{\frac{2500-121}{2500}} = \frac{\sqrt{2379}}{50}$.
$2R = \frac{9}{\sqrt{2379}/50} = \frac{450}{\sqrt{2379}}$.
$2R \sin A = 9$.
So $AP = \frac{bc}{b+c} \cdot \frac{9}{\sin A}$? No.
There is a formula $AP = \frac{bc}{b+c} \cdot \frac{2R \sin A}{\sin A}$?
Actually, the formula is $AP = \frac{bc}{b+c} \cdot \frac{2R \sin A}{\sin A}$?
Wait, if $AP = \frac{bc}{b+c} \cdot \frac{2R \sin A}{\sin A}$, then $AP = \frac{bc}{b+c} \cdot 2R$? No.
Let's check the formula $AP = \frac{bc}{b+c} \cdot \frac{2R \sin A}{\sin A}$?
Maybe $AP = \frac{bc}{b+c} \cdot \frac{2R \sin A}{\sin A}$ is not the one.
The correct formula for the symmedian length to the circumcircle is:
$AP = \frac{bc}{b+c} \cdot \frac{2R \sin A}{\sin A}$?
Actually, $AP = \frac{bc}{b+c} \cdot \frac{2R \sin A}{\sin A}$?
Let's try to verify with an equilateral triangle. $a=b=c$.
$AP$ should be the diameter? No, symmedian is median, altitude, bisector.
$P$ is midpoint of arc $BC$. $AP$ is diameter.
Formula: $\frac{a^2}{2a} \cdot \frac{2R \sin 60}{\sin 60} = \frac{a}{2} \cdot 2R = aR$.
Diameter is $2R$. $a = R\sqrt{3}$. $aR = R^2\sqrt{3}$. Not $2R$.
So the formula is wrong.

Let's stick to the derived result.
$m=8125, n=504$.
$m+n = 8629$.

Let's do a quick sanity check on the numbers.
$AB=5, BC=9, AC=10$.
Triangle is obtuse?
$5^2+9^2 = 25+81=106 > 100$. Acute at B.
$5^2+10^2 = 125 > 81$. Acute at C.
$9^2+10^2 = 1",\boxed{113},0,0.0
"For positive integers $a$, $b$, and $c$ with $a < b < c$, consider collections of postage stamps in denominations $a$, $b$, and $c$ cents that contain at least one stamp of each denomination. If there exists such a collection that contains sub-collections worth every whole number of cents up to $1000$ cents, let $f(a, b, c)$ be the minimum number of stamps in such a collection. Find the sum of the three least values of $c$ such that $f(a, b, c) = 97$ for some choice of $a$ and $b$.","To find the sum of the three least values of $c$ such that $f(a, b, c) = 97$ for some choice of $a$ and $b$, we proceed with the following logical deduction.

### 1. Understanding the Problem Constraints

We are given positive integers $a, b, c$ with $a < b < c$.
We consider a collection of stamps with denominations $a, b, c$ that contains **at least one stamp of each denomination**.
Let the collection have $n_a$ stamps of value $a$, $n_b$ stamps of value $b$, and $n_c$ stamps of value $c$.
The total number of stamps is $N = n_a + n_b + n_c$.
The condition ""contains at least one stamp of each denomination"" implies $n_a \ge 1$, $n_b \ge 1$, $n_c \ge 1$.
The collection must contain sub-collections worth every whole number of cents from $1$ to $1000$.
Let $S$ be the set of all possible sums formed by subsets of the stamps in the collection. The condition is $\{1, 2, \dots, 1000\} \subseteq S$.
$f(a, b, c)$ is the **minimum** number of stamps $N$ required to satisfy this condition for fixed $a, b, c$.
We are looking for values of $c$ where there exist $a, b$ such that $f(a, b, c) = 97$.

### 2. Analyzing the Minimum Number of Stamps

To minimize the number of stamps $N$ while covering the range $[1, 1000]$, we should choose the denominations $a, b, c$ and the counts $n_a, n_b, n_c$ such that the ""gaps"" between achievable sums are minimized. This is a classic variation of the change-making problem or the post office stamp problem.

The most efficient way to cover a continuous range $[1, M]$ with a limited number of items is to use powers of 2 (binary representation), but here we are constrained to three specific denominations $a, b, c$.
However, the problem asks for the minimum $N$ for *some* choice of $a, b$. To minimize $N$, we should choose $a, b, c$ optimally.
The optimal strategy to cover $[1, M]$ with minimum total count using denominations $d_1 < d_2 < \dots < d_k$ is generally to have the next denomination be one more than the sum of all previous available sums plus 1.
Specifically, if we can form all sums up to $S_{prev}$, the next denomination $d$ should be $S_{prev} + 1$ to extend the range to $S_{prev} + d$.
If we have counts $n_1, n_2, \dots, n_k$ for denominations $d_1, d_2, \dots, d_k$, the maximum continuous range we can cover starting from 1 is determined by the sequence of partial sums.
Let $R_i$ be the maximum integer such that all integers in $[1, R_i]$ can be formed using the first $i$ denominations with their respective counts.
$R_0 = 0$.
$R_i = R_{i-1} + n_i \cdot d_i$, provided that $d_i \le R_{i-1} + 1$.
To minimize the total number of stamps $N = \sum n_i$ for a fixed target $M=1000$, we want the denominations to grow as slowly as possible? No, actually, to minimize the *count* of stamps, we want each stamp to contribute as much as possible to extending the range.
Wait, let's re-evaluate.
Total value covered $V = \sum n_i d_i$. We need $V \ge 1000$ and continuity.
Continuity requires $d_1 = 1$ (since we need to form 1). But the problem states $a, b, c$ are positive integers. It does not say $a=1$.
However, if $a > 1$, we cannot form the sum 1. Thus, we must have $a = 1$.
So, $a = 1$.
Now we have denominations $1, b, c$ with $1 < b < c$.
Let the counts be $n_1, n_2, n_3$ corresponding to $1, b, c$.
Condition: $n_1 \ge 1, n_2 \ge 1, n_3 \ge 1$.
Let $R_0 = 0$.
With $n_1$ stamps of value 1, we can form $[1, n_1]$. So $R_1 = n_1$.
To extend the range continuously, the next denomination $b$ must satisfy $b \le R_1 + 1 = n_1 + 1$.
The new range becomes $R_2 = R_1 + n_2 \cdot b = n_1 + n_2 b$.
The condition for continuity is $b \le n_1 + 1$.
Then with $c$, we need $c \le R_2 + 1 = n_1 + n_2 b + 1$.
The final range is $R_3 = R_2 + n_3 c = n_1 + n_2 b + n_3 c$.
We require $R_3 \ge 1000$.
We want to minimize $N = n_1 + n_2 + n_3$.

To minimize $N$ for a fixed target $M=1000$, we should make the denominations as large as possible.
The constraints are:
1. $a = 1$.
2. $1 < b < c$.
3. $b \le n_1 + 1$.
4. $c \le n_1 + n_2 b + 1$.
5. $n_1 + n_2 b + n_3 c \ge 1000$.
6. $n_1, n_2, n_3 \ge 1$.

To minimize $N$, we should maximize the contribution of each stamp.
This suggests we should push the inequalities to equality or close to it.
Specifically, to get the most ""bang for the buck"" (value per stamp), we want $b$ and $c$ to be as large as allowed.
Max $b = n_1 + 1$.
Max $c = n_1 + n_2 b + 1$.
Substituting these into the sum:
$Sum = n_1 + n_2(n_1 + 1) + n_3(n_1 + n_2(n_1 + 1) + 1)$.
Let's test small values of $N$.
We are given $f(a, b, c) = 97$. This means the minimum $N$ is 97.
This implies that with $N=96$, it is impossible to cover $[1, 1000]$ with any valid $a, b, c$, but with $N=97$, there exists a configuration.
Actually, the question asks for $c$ such that $f(a, b, c) = 97$.
This means for specific $a, b, c$, the minimum stamps needed is 97.
If we can achieve the range with fewer stamps for those specific $a, b, c$, then $f$ would be smaller.
So we need to find $a, b, c$ such that the optimal configuration for *those specific* $a, b, c$ uses exactly 97 stamps.
Usually, the optimal configuration for fixed $a, b, c$ involves taking as many of the largest denomination as possible, then the middle, then the smallest, to maximize the range.
Let's assume the optimal counts for fixed $a, b, c$ are determined by the greedy approach or simply maximizing the sum.
Actually, for fixed $a, b, c$, to minimize $N$ to reach 1000, we should use the largest denominations as much as possible.
Let the counts be $n_a, n_b, n_c$.
The maximum range achievable with $n_a, n_b, n_c$ stamps of values $a, b, c$ (assuming $a=1$) is $1 \cdot n_a + b \cdot n_b + c \cdot n_c$, provided the continuity conditions are met.
Continuity conditions:
$b \le n_a + 1$
$c \le n_a + n_b b + 1$
If these hold, the range is exactly the sum.
If we fix $a, b, c$, we want to find integers $n_a, n_b, n_c \ge 1$ such that $n_a + n_b b + n_c c \ge 1000$ and $n_a + n_b + n_c$ is minimized.
Let $N = n_a + n_b + n_c$.
We want to minimize $N$.
To minimize $N$, we should maximize the average value per stamp.
The maximum possible value for a stamp of type $b$ is limited by $n_a$. The maximum for $c$ is limited by the sum of previous.
But here $a, b, c$ are fixed.
So for fixed $a, b, c$, the problem is:
Minimize $n_a + n_b + n_c$ subject to:
$n_a \ge 1, n_b \ge 1, n_c \ge 1$
$b \le n_a + 1$
$c \le n_a + n_b b + 1$
$n_a + n_b b + n_c c \ge 1000$.

Let's analyze the constraints on $b$ and $c$.
From $b \le n_a + 1$, we have $n_a \ge b - 1$.
From $c \le n_a + n_b b + 1$, we have $n_a + n_b b \ge c - 1$.
Since we want to minimize $N = n_a + n_b + n_c$, and $n_c \ge \lceil \frac{1000 - (n_a + n_b b)}{c} \rceil$, we should make $n_a + n_b b$ as large as possible? No, $n_c$ decreases as the sum of the first two increases.
However, increasing $n_a$ or $n_b$ increases $N$ directly.
Let's express $n_c \approx \frac{1000 - S_{ab}}{c}$.
$N \approx n_a + n_b + \frac{1000 - n_a - n_b b}{c} = n_a(1 - 1/c) + n_b(1 - b/c) + 1000/c$.
Since $c > b > 1$, the coefficients $(1-1/c)$ and $(1-b/c)$ are positive.
To minimize $N$, we should minimize $n_a$ and $n_b$.
The lower bounds for $n_a$ and $n_b$ are determined by the continuity constraints.
Minimum $n_a = b - 1$ (since $n_a \ge 1$ and $b \le n_a+1 \implies n_a \ge b-1$).
Given minimal $n_a$, we need $n_a + n_b b \ge c - 1$.
So $(b-1) + n_b b \ge c - 1 \implies n_b b \ge c - b \implies n_b \ge \lceil \frac{c-b}{b} \rceil = \lceil \frac{c}{b} \rceil - 1$.
Also $n_b \ge 1$.
So minimal $n_b = \max(1, \lceil \frac{c}{b} \rceil - 1)$.
Let's denote $n_a^* = b-1$ and $n_b^* = \max(1, \lceil c/b \rceil - 1)$.
Then the sum of the first two parts is $S_{ab} = n_a^* + n_b^* b$.
Then $n_c^* = \lceil \frac{1000 - S_{ab}}{c} \rceil$.
If $1000 - S_{ab} \le 0$, then $n_c^* = 1$ (since we need at least 1).
Then $N = n_a^* + n_b^* + n_c^*$.
We are looking for cases where this minimum $N$ is exactly 97.
And we need to find the sum of the three least values of $c$.

Let's test possible values of $c$.
Since $N \approx 1000/c$, if $N=97$, then $c \approx 1000/97 \approx 10.3$.
So $c$ should be around 10.
Let's check $c$ values starting from the smallest possible.
Constraints: $a < b < c$.
Also $a \ge 1 \implies b \ge 2 \implies c \ge 3$.
But for $N=97$, $c$ cannot be too small. If $c$ is small, we need many stamps.
If $c=10$, $1000/10 = 100$. We might need 100 stamps.
If $c$ is larger, say $c=11$, $1000/11 \approx 90.9$.
We need $N=97$.
Let's formalize the calculation of $N(c) = \min_{a, b} f(a, b, c)$.
Wait, the problem says ""for some choice of $a$ and $b$"".
So we need to find $c$ such that there exists a pair $(a, b)$ with $1 \le a < b < c$ where the calculated minimum $N$ is 97.
Actually, for a fixed $c$, we can vary $a$ and $b$ to minimize $N$.
The formula for $N$ given $a, b, c$ is:
$n_a = b-1$
$n_b = \max(1, \lceil \frac{c-b}{b} \rceil) = \max(1, \lceil \frac{c}{b} \rceil - 1)$
$S_{ab} = (b-1) + n_b b$
$n_c = \max(1, \lceil \frac{1000 - S_{ab}}{c} \rceil)$
$N = n_a + n_b + n_c$.
We want to find $c$ such that $\min_{1 \le a < b < c} N(a, b, c) = 97$.
Note that $n_a$ depends on $b$, not $a$ directly (except $a=1$ is fixed for optimality? Wait).
In the derivation above, I assumed $a=1$. Is it possible that $a > 1$ yields a smaller $N$?
If $a > 1$, we cannot form sum 1. So $a$ must be 1.
So $a=1$ is fixed.
Then $n_a = b-1$.
We need to minimize $N$ over $b$ such that $1 < b < c$.
Let's analyze the function $N(b)$ for a fixed $c$.
$n_a = b-1$.
$n_b = \max(1, \lceil c/b \rceil - 1)$.
$S_{ab} = b-1 + b \cdot \max(1, \lceil c/b \rceil - 1)$.
Case 1: $\lceil c/b \rceil - 1 \ge 1 \iff \lceil c/b \rceil \ge 2 \iff c/b > 1 \iff b < c$.
Since $b < c$, $\lceil c/b \rceil \ge 2$.
So $n_b = \lceil c/b \rceil - 1$.
Then $S_{ab} = b-1 + b(\lceil c/b \rceil - 1) = b-1 + b \lceil c/b \rceil - b = b \lceil c/b \rceil - 1$.
Let $k = \lceil c/b \rceil$. Then $k-1 < c/b \le k \implies b(k-1) < c \le bk$.
$S_{ab} = bk - 1$.
Then $n_c = \max(1, \lceil \frac{1000 - (bk - 1)}{c} \rceil) = \max(1, \lceil \frac{1001 - bk}{c} \rceil)$.
$N = (b-1) + (k-1) + n_c = b + k - 2 + n_c$.
We want to minimize $N$ over integer $b$ with $1 < b < c$.
$k = \lceil c/b \rceil$.
$N(b) = b + \lceil c/b \rceil - 2 + \max(1, \lceil \frac{1001 - b \lceil c/b \rceil}{c} \rceil)$.
Let's approximate. $k \approx c/b$.
$N \approx b + c/b - 2 + \frac{1001 - c}{c} = b + c/b - 2 + 1001/c - 1 = b + c/b + 1001/c - 3$.
To minimize $b + c/b$, we set $b \approx \sqrt{c}$.
Then $N \approx 2\sqrt{c} + 1001/c - 3$.
We want $N = 97$.
$2\sqrt{c} + 1001/c \approx 100$.
If $c \approx 100$, $20 + 10 = 30 \ne 100$.
If $c \approx 10$, $2\sqrt{10} \approx 6.3$, $1001/10 \approx 100$. Sum $\approx 106$.
If $c \approx 11$, $2\sqrt{11} \approx 6.6$, $1001/11 \approx 91$. Sum $\approx 97.6$.
If $c \approx 12$, $2\sqrt{12} \approx 6.9$, $1001/12 \approx 83.4$. Sum $\approx 90.3$.
So $c$ is likely around 11 or 12.
Let's calculate exact values for $c$ in the range $[10, 20]$.

**Case $c=10$**:
$b$ can be $2, \dots, 9$.
$N(b) = b + \lceil 10/b \rceil - 2 + \max(1, \lceil \frac{1001 - 10 \lceil 10/b \rceil}{10} \rceil)$.
Term $T = \lceil \frac{1001 - 10k}{10} \rceil = \lceil 100.1 - k \rceil = 101 - k$.
Since $k = \lceil 10/b \rceil \ge 2$, $T = 101 - k \ge 99 \ge 1$.
So $n_c = 101 - k$.
$N = b + k - 2 + 101 - k = b + 99$.
Minimize $b$: smallest $b=2$.
$N = 2 + 99 = 101$.
Max $N$? No, we want min $N$. Min is 101.
$101 \ne 97$. So $c=10$ is not a solution.

**Case $c=11$**:
$b \in \{2, \dots, 10\}$.
$k = \lceil 11/b \rceil$.
$n_c = \max(1, \lceil \frac{1001 - 11k}{11} \rceil) = \max(1, \lceil 91 - k + 1/11 \rceil) = \max(1, 92 - k)$.
Since $b \ge 2$, $k = \lceil 11/b \rceil \le \lceil 5.5 \rceil = 6$.
So $92 - k \ge 86 \ge 1$.
$n_c = 92 - k$.
$N = b + k - 2 + 92 - k = b + 90$.
Min $b=2 \implies N = 92$.
Max $b=10 \implies k=2 \implies N = 10 + 90 = 100$.
Minimum $N$ for $c=11$ is 92.
We need $N=97$.
Is it possible that for some $b$, $N=97$?
$N = b + 90$.
If $b=7$, $N=97$.
Does $b=7$ work? $1 < 7 < 11$. Yes.
So for $c=11$, there exists a choice of $b$ (e.g., $b=7$) such that $f(a, b, c) = 97$.
Wait, the definition of $f(a, b, c)$ is the **minimum** number of stamps for that specific $a, b, c$.
So for $c=11, b=7$, we calculated the minimum $N$ to be 97.
Thus $f(1, 7, 11) = 97$.
So $c=11$ is a valid value.

**Case $c=12$**:
$b \in \{2, \dots, 11\}$.
$k = \lceil 12/b \rceil$.
$n_c = \max(1, \lceil \frac{1001 - 12k}{12} \rceil) = \max(1, \lceil 83.416 - k \rceil) = \max(1, 84 - k)$.
Max $k$ (for $b=2$) is 6. Min $k$ (for $b=11$) is 2.
So $84-k \ge 78$.
$n_c = 84 - k$.
$N = b + k - 2 + 84 - k = b + 82$.
We need $N=97 \implies b = 15$.
But $b < c = 12$. So $b$ cannot be 15.
Possible $b \in \{2, \dots, 11\}$.
Max $N = 11 + 82 = 93$.
Min $N = 2 + 82 = 84$.
Range of $N$ is $[84, 93]$.
97 is not in this range.
So $c=12$ is not a solution.

**Case $c=13$**:
$b \in \{2, \dots, 12\}$.
$k = \lceil 13/b \rceil$.
$n_c = \lceil \frac{1001 - 13k}{13} \rceil = \lceil 77 - k + 1/13 \rceil = 78 - k$.
$N = b + k - 2 + 78 - k = b + 76$.
Max $b=12 \implies N = 88$.
Min $N = 2 + 76 = 78$.
Range $[78, 88]$. No 97.

**Case $c=14$**:
$N = b + 70$. Max $b=13 \implies 83$. No.

**Case $c=15$**:
$N = b + 66$. Max $b=14 \implies 80$. No.

**Case $c=16$**:
$N = b + 62$. Max $b=15 \implies 77$. No.

**Case $c=17$**:
$N = b + 58$. Max $b=16 \implies 74$. No.

**Case $c=18$**:
$N = b + 54$. Max $b=17 \implies 71$. No.

**Case $c=19$**:
$N = b + 50$. Max $b=18 \implies 68$. No.

**Case $c=20$**:
$N = b + 46$. Max $b=19 \implies 65$. No.

It seems as $c$ increases, the maximum possible $N$ decreases.
Let's re-evaluate the formula.
$N = b + \lceil c/b \rceil - 2 + \lceil \frac{1001 - b \lceil c/b \rceil}{c} \rceil$.
Let $k = \lceil c/b \rceil$.
$N = b + k - 2 + \lceil \frac{1001}{c} - k \rceil = b + k - 2 + \lceil \frac{1001}{c} \rceil - k = b - 2 + \lceil \frac{1001}{c} \rceil$.
Wait, $\lceil A - k \rceil = \lceil A \rceil - k$ if $k$ is integer. Yes.
So $N = b + \lceil \frac{1001}{c} \rceil - 2$.
This simplifies things greatly!
Let $C = \lceil \frac{1001}{c} \rceil$.
Then $N(b) = b + C - 2$.
We need to find $b$ such that $1 < b < c$ and $N(b) = 97$.
So $b + C - 2 = 97 \implies b = 99 - C$.
We need to check if there exists an integer $b$ such that $1 < b < c$ and $C = \lceil 1001/c \rceil$.
Also, we need to ensure that for this $b$, the assumption $n_c = \lceil",\boxed{188},0,0.0
"Call a positive integer $n$ extra-distinct if the remainders when $n$ is divided by $2, 3, 4, 5,$ and $6$ are distinct. Find the number of extra-distinct positive integers less than $1000$.","To find the number of ""extra-distinct"" positive integers less than $1000$, we need to analyze the conditions given for the remainders.

### 1. Understanding the Conditions

Let $n$ be a positive integer. We are considering the remainders of $n$ when divided by $2, 3, 4, 5,$ and $6$. Let these remainders be:
- $r_2 = n \pmod 2$
- $r_3 = n \pmod 3$
- $r_4 = n \pmod 4$
- $r_5 = n \pmod 5$
- $r_6 = n \pmod 6$

The condition is that $r_2, r_3, r_4, r_5, r_6$ are **distinct**.
Since there are exactly 5 such remainders, and they must be distinct, they must be a permutation of a subset of size 5 from the set of possible non-negative integers. However, the values of the remainders are constrained by their respective moduli:
- $0 \le r_2 < 2 \implies r_2 \in \{0, 1\}$
- $0 \le r_3 < 3 \implies r_3 \in \{0, 1, 2\}$
- $0 \le r_4 < 4 \implies r_4 \in \{0, 1, 2, 3\}$
- $0 \le r_5 < 5 \implies r_5 \in \{0, 1, 2, 3, 4\}$
- $0 \le r_6 < 6 \implies r_6 \in \{0, 1, 2, 3, 4, 5\}$

The set of all possible values for these remainders is $\{0, 1, 2, 3, 4, 5\}$. Since we have 5 distinct remainders chosen from this set of 6 possible values, exactly one value from $\{0, 1, 2, 3, 4, 5\}$ will be missing.

### 2. Analyzing Constraints Between Moduli

There are inherent mathematical relationships between the remainders of $n$ with respect to different divisors. Specifically, if $a$ divides $b$, then $n \pmod b$ determines $n \pmod a$.
- $2$ divides $4$: $r_4 \equiv r_2 \pmod 2$. This means $r_4$ and $r_2$ must have the same parity.
- $2$ divides $6$: $r_6 \equiv r_2 \pmod 2$. This means $r_6$ and $r_2$ must have the same parity.
- $3$ divides $6$: $r_6 \equiv r_3 \pmod 3$. This means $r_6 \equiv r_3 \pmod 3$.

Let's test the parity constraint first.
$r_2 \in \{0, 1\}$.
$r_4 \in \{0, 1, 2, 3\}$ and $r_4 \equiv r_2 \pmod 2$.
$r_6 \in \{0, 1, 2, 3, 4, 5\}$ and $r_6 \equiv r_2 \pmod 2$.

**Case A: $r_2 = 0$ (Even)**
If $r_2 = 0$, then $r_4$ must be even ($0, 2$) and $r_6$ must be even ($0, 2, 4$).
The set of values $\{r_2, r_4, r_6\}$ would be a subset of $\{0, 2, 4\}$.
Since $r_2, r_4, r_6$ must be distinct, they must be exactly $\{0, 2, 4\}$ in some order.
So, $\{r_2, r_4, r_6\} = \{0, 2, 4\}$.
This uses up the values $0, 2, 4$.
The remaining values available for $r_3$ and $r_5$ are $\{1, 3, 5\}$.
However, $r_3 \in \{0, 1, 2\}$. From the remaining set $\{1, 3, 5\}$, the only valid value for $r_3$ is $1$.
So $r_3 = 1$.
Now the used values are $\{0, 2, 4, 1\}$. The remaining value for $r_5$ must be $3$ or $5$.
But $r_5 \in \{0, 1, 2, 3, 4\}$. So $r_5$ cannot be $5$. Thus $r_5 = 3$.
Let's check the consistency with $r_6 \equiv r_3 \pmod 3$.
We have $r_3 = 1$. So $r_6 \equiv 1 \pmod 3$.
From our set $\{r_2, r_4, r_6\} = \{0, 2, 4\}$, $r_6$ can be $0, 2,$ or $4$.
- If $r_6 = 0$, $0 \equiv 0 \pmod 3 \neq 1$. (Fail)
- If $r_6 = 2$, $2 \equiv 2 \pmod 3 \neq 1$. (Fail)
- If $r_6 = 4$, $4 \equiv 1 \pmod 3$. (Success)
So we must have $r_6 = 4$.
Then $r_2$ and $r_4$ are $\{0, 2\}$.
Since $r_2 = 0$ (assumption of Case A), then $r_4 = 2$.
Let's verify the full set:
$r_2 = 0$
$r_3 = 1$
$r_4 = 2$
$r_5 = 3$
$r_6 = 4$
Are they distinct? $\{0, 1, 2, 3, 4\}$. Yes.
Check constraints:
- $r_4 \equiv r_2 \pmod 2 \implies 2 \equiv 0 \pmod 2$. (OK)
- $r_6 \equiv r_2 \pmod 2 \implies 4 \equiv 0 \pmod 2$. (OK)
- $r_6 \equiv r_3 \pmod 3 \implies 4 \equiv 1 \pmod 3$. (OK)
This gives one valid tuple: $(0, 1, 2, 3, 4)$.

**Case B: $r_2 = 1$ (Odd)**
If $r_2 = 1$, then $r_4$ must be odd ($1, 3$) and $r_6$ must be odd ($1, 3, 5$).
The set $\{r_2, r_4, r_6\}$ is a subset of $\{1, 3, 5\}$.
Since they must be distinct, they must be exactly $\{1, 3, 5\}$.
So $\{r_2, r_4, r_6\} = \{1, 3, 5\}$.
This uses up $1, 3, 5$.
Remaining values for $r_3, r_5$ are $\{0, 2, 4\}$.
$r_3 \in \{0, 1, 2\}$. From remaining, $r_3 \in \{0, 2\}$.
$r_5 \in \{0, 1, 2, 3, 4\}$. From remaining, $r_5 \in \{0, 2, 4\}$.
Constraint: $r_6 \equiv r_3 \pmod 3$.
$r_6 \in \{1, 3, 5\}$.
- If $r_6 = 1$, $1 \equiv 1 \pmod 3$. Then $r_3$ must be $1$ or $4$. But $1$ is used, and $4$ is not in $\{0, 2\}$. So no solution here.
- If $r_6 = 3$, $3 \equiv 0 \pmod 3$. Then $r_3$ must be $0$. This is available.
- If $r_6 = 5$, $5 \equiv 2 \pmod 3$. Then $r_3$ must be $2$. This is available.

Let's explore subcases for Case B:
**Subcase B1:** $r_6 = 3, r_3 = 0$.
Used: $\{1, 3, 5\}$ for $\{r_2, r_4, r_6\}$ and $0$ for $r_3$.
Remaining for $r_5$: $\{2, 4\}$.
We know $r_2 = 1$. Since $\{r_2, r_4, r_6\} = \{1, 3, 5\}$ and $r_6=3$, then $r_4 = 5$.
But $r_4$ must be $< 4$. $5$ is not a valid remainder modulo 4.
So Subcase B1 is invalid.

**Subcase B2:** $r_6 = 5, r_3 = 2$.
Used: $\{1, 3, 5\}$ for $\{r_2, r_4, r_6\}$ and $2$ for $r_3$.
Remaining for $r_5$: $\{0, 4\}$.
We know $r_2 = 1$. Since $\{r_2, r_4, r_6\} = \{1, 3, 5\}$ and $r_6=5$, then $r_4 = 3$.
Check $r_4 < 4$: $3 < 4$. OK.
Now we need to assign $r_2, r_4, r_6$ specifically.
We have $r_2 = 1$ (fixed for this case).
$r_6 = 5$.
$r_4 = 3$.
Set is $\{1, 3, 5\}$. Distinct? Yes.
$r_3 = 2$.
$r_5 \in \{0, 4\}$.
Let's check if $r_5$ can be $0$ or $4$.
Are there any other constraints?
$r_5$ is just $n \pmod 5$. No direct relation to others except distinctness.
So we have two possibilities for $r_5$: $0$ or $4$.
Possibility 1: $(r_2, r_3, r_4, r_5, r_6) = (1, 2, 3, 0, 5)$.
Distinct? $\{0, 1, 2, 3, 5\}$. Yes.
Constraints:
- $r_4 \equiv r_2 \pmod 2 \implies 3 \equiv 1 \pmod 2$. (OK)
- $r_6 \equiv r_2 \pmod 2 \implies 5 \equiv 1 \pmod 2$. (OK)
- $r_6 \equiv r_3 \pmod 3 \implies 5 \equiv 2 \pmod 3$. (OK)
This is a valid tuple.

Possibility 2: $(r_2, r_3, r_4, r_5, r_6) = (1, 2, 3, 4, 5)$.
Distinct? $\{1, 2, 3, 4, 5\}$. Yes.
Constraints: Same as above. Valid.

Wait, did I miss any permutations in Case A?
In Case A ($r_2=0$), we found $\{r_2, r_4, r_6\} = \{0, 2, 4\}$.
We deduced $r_6=4$ due to $r_6 \equiv r_3 \pmod 3$ and $r_3=1$.
Then $r_2=0 \implies r_4=2$.
$r_3=1, r_5=3$.
Tuple: $(0, 1, 2, 3, 4)$.
Is it possible that $r_2 \neq 0$ in Case A? No, Case A was defined as $r_2=0$.
What if $r_2$ was not fixed to 0 initially?
Let's re-evaluate the set logic.
The set of values is $S = \{0, 1, 2, 3, 4, 5\} \setminus \{k\}$.
We found two valid sets of remainders:
1. $S_1 = \{0, 1, 2, 3, 4\}$ (missing 5). Corresponds to tuple $(0, 1, 2, 3, 4)$.
2. $S_2 = \{0, 1, 2, 3, 5\}$ (missing 4). Corresponds to tuple $(1, 2, 3, 0, 5)$.
3. $S_3 = \{1, 2, 3, 4, 5\}$ (missing 0). Corresponds to tuple $(1, 2, 3, 4, 5)$.

Are there any other combinations?
Let's systematically check the missing value $k \in \{0, 1, 2, 3, 4, 5\}$.

**If $k=0$ (Missing 0):**
Values: $\{1, 2, 3, 4, 5\}$.
$r_2 \in \{1\} \implies r_2 = 1$.
$r_4 \in \{2, 3\}$ (must be odd).
$r_6 \in \{3, 5\}$ (must be odd).
$r_3 \in \{2\}$ (since $1$ is used, $0$ is missing). So $r_3 = 2$.
$r_5 \in \{3, 4\}$.
Constraint $r_6 \equiv r_3 \pmod 3 \implies r_6 \equiv 2 \pmod 3$.
Possible $r_6 \in \{3, 5\}$.
$3 \equiv 0 \neq 2$.
$5 \equiv 2$. So $r_6 = 5$.
Then $r_4$ must be the remaining odd number from $\{2, 3\}$, which is $3$.
$r_5$ must be the remaining number from $\{3, 4\}$, which is $4$.
Check distinctness: $r_2=1, r_3=2, r_4=3, r_5=4, r_6=5$. All distinct.
Check constraints:
$r_4 \equiv r_2 \pmod 2 \implies 3 \equiv 1$. OK.
$r_6 \equiv r_2 \pmod 2 \implies 5 \equiv 1$. OK.
$r_6 \equiv r_3 \pmod 3 \implies 5 \equiv 2$. OK.
Valid. This is the tuple $(1, 2, 3, 4, 5)$.

**If $k=1$ (Missing 1):**
Values: $\{0, 2, 3, 4, 5\}$.
$r_2 \in \{0\} \implies r_2 = 0$.
$r_4 \in \{2\}$ (must be even, $0$ used). So $r_4 = 2$.
$r_6 \in \{4\}$ (must be even, $0, 2$ used). So $r_6 = 4$.
$r_3 \in \{0, 2, 3\}$. $0, 2$ used. So $r_3 = 3$.
But $r_3 < 3$. $3$ is not a valid remainder mod 3.
Invalid.

**If $k=2$ (Missing 2):**
Values: $\{0, 1, 3, 4, 5\}$.
$r_2 \in \{0, 1\}$.
$r_4 \in \{0, 1, 3\}$.
$r_6 \in \{0, 1, 3, 4, 5\}$.
$r_3 \in \{0, 1\}$.
$r_5 \in \{0, 1, 3, 4\}$.
Parity groups:
Evens: $\{0, 4\}$. Odds: $\{1, 3, 5\}$.
$r_2, r_4, r_6$ must have same parity.
If even: $\{r_2, r_4, r_6\} \subseteq \{0, 4\}$. Size 3 needed. Impossible.
If odd: $\{r_2, r_4, r_6\} \subseteq \{1, 3, 5\}$. Must be exactly $\{1, 3, 5\}$.
So $r_2, r_4, r_6$ are a permutation of $1, 3, 5$.
$r_2 = 1$ (since $r_2 \in \{0, 1\}$).
$r_4 \in \{3\}$ (since $3 < 4$). So $r_4 = 3$.
$r_6 = 5$.
Remaining values for $r_3, r_5$: $\{0, 4\}$.
$r_3 \in \{0, 1\}$. $1$ used. So $r_3 = 0$.
$r_5 = 4$.
Check constraint $r_6 \equiv r_3 \pmod 3 \implies 5 \equiv 0 \pmod 3$.
$5 \equiv 2 \neq 0$.
Invalid.

**If $k=3$ (Missing 3):**
Values: $\{0, 1, 2, 4, 5\}$.
Evens: $\{0, 2, 4\}$. Odds: $\{1, 5\}$.
$r_2, r_4, r_6$ must be same parity.
If even: Must be $\{0, 2, 4\}$.
$r_2 \in \{0, 2\}$.
$r_4 \in \{0, 2, 4\}$.
$r_6 \in \{0, 2, 4\}$.
Remaining for $r_3, r_5$: $\{1, 5\}$.
$r_3 \in \{0, 1, 2\}$. From $\{1, 5\}$, $r_3 = 1$.
$r_5 = 5$. But $r_5 < 5$. Invalid.
If odd: Only $\{1, 5\}$. Size 2. Impossible.

**If $k=4$ (Missing 4):**
Values: $\{0, 1, 2, 3, 5\}$.
Evens: $\{0, 2\}$. Odds: $\{1, 3, 5\}$.
$r_2, r_4, r_6$ same parity.
If even: Need 3 values. Only 2 available. Impossible.
If odd: Must be $\{1, 3, 5\}$.
$r_2 = 1$.
$r_4 \in \{3\}$. So $r_4 = 3$.
$r_6 = 5$.
Remaining for $r_3, r_5$: $\{0, 2\}$.
$r_3 \in \{0, 2\}$.
$r_5 \in \{0, 2\}$.
Constraint $r_6 \equiv r_3 \pmod 3 \implies 5 \equiv r_3 \pmod 3 \implies 2 \equiv r_3 \pmod 3$.
So $r_3 = 2$.
Then $r_5 = 0$.
Tuple: $(1, 2, 3, 0, 5)$.
Distinct? $\{0, 1, 2, 3, 5\}$. Yes.
Valid.

**If $k=5$ (Missing 5):**
Values: $\{0, 1, 2, 3, 4\}$.
Evens: $\{0, 2, 4\}$. Odds: $\{1, 3\}$.
$r_2, r_4, r_6$ same parity.
If even: Must be $\{0, 2, 4\}$.
$r_2 \in \{0, 2\}$.
$r_4 \in \{0, 2, 4\}$.
$r_6 \in \{0, 2, 4\}$.
Remaining for $r_3, r_5$: $\{1, 3\}$.
$r_3 \in \{1, 3\}$. But $r_3 < 3$, so $r_3 = 1$.
$r_5 = 3$.
Constraint $r_6 \equiv r_3 \pmod 3 \implies r_6 \equiv 1 \pmod 3$.
$r_6 \in \{0, 2, 4\}$.
$0 \equiv 0$.
$2 \equiv 2$.
$4 \equiv 1$.
So $r_6 = 4$.
Then $r_2, r_4$ are $\{0, 2\}$.
If $r_2 = 0$, $r_4 = 2$. Tuple $(0, 1, 2, 3, 4)$. Valid.
If $r_2 = 2$, $r_4 = 0$.
Check $r_4 \equiv r_2 \pmod 2 \implies 0 \equiv 2$. OK.
Check $r_6 \equiv r_2 \pmod 2 \implies 4 \equiv 2$. OK.
Tuple $(2, 1, 0, 3, 4)$.
Wait, $r_2 = 2$? No, $r_2 = n \pmod 2$. $r_2$ must be $0$ or $1$.
So $r_2$ cannot be $2$.
Thus $r_2 = 0$ is the only option.
So only $(0, 1, 2, 3, 4)$ works here.

### 3. Summary of Valid Remainder Tuples

We have identified exactly 3 valid sets of remainders $(r_2, r_3, r_4, r_5, r_6)$:
1.  **Tuple A**: $(0, 1, 2, 3, 4)$
    - Missing value: 5
    - Conditions: $n \equiv 0 \pmod 2$, $n \equiv 1 \pmod 3$, $n \equiv 2 \pmod 4$, $n \equiv 3 \pmod 5$, $n \equiv 4 \pmod 6$.
    - Note: $n \equiv 2 \pmod 4 \implies n \equiv 0 \pmod 2$. Consistent.
    - Note: $n \equiv 4 \pmod 6 \implies n \equiv 0 \pmod 2$ and $n \equiv 1 \pmod 3$. Consistent.

2.  **Tuple B**: $(1, 2, 3, 0, 5)$
    - Missing value: 4
    - Conditions: $n \equiv 1 \pmod 2$, $n \equiv 2 \pmod 3$, $n \equiv 3 \pmod 4$, $n \equiv 0 \pmod 5$, $n \equiv 5 \pmod 6$.
    - Note: $n \equiv 3 \pmod 4 \implies n \equiv 1 \pmod 2$. Consistent.
    - Note: $n \equiv 5 \pmod 6 \implies n \equiv 1 \pmod 2$ and $n \equiv 2 \pmod 3$. Consistent.

3.  **Tuple C**: $(1, 2, 3, 4, 5)$
    - Missing value: 0
    - Conditions: $n \equiv 1 \pmod 2$, $n \equiv 2 \pmod 3$, $n \equiv 3 \pmod 4$, $n \equiv 4 \pmod 5$, $n \equiv 5 \pmod 6$.
    - Note: $n \equiv 3 \pmod 4 \implies n \equiv 1 \pmod 2$. Consistent.
    - Note: $n \equiv 5 \pmod 6 \implies n \equiv 1 \pmod 2$ and $n \equiv 2 \pmod 3$. Consistent.

### 4. Solving for $n$ in Each Case

We need to find the number of such $n < 1000$.
The moduli are $2, 3, 4, 5, 6$. The LCM of these numbers is $\text{lcm}(2, 3, 4, 5, 6) = 60$.
So the pattern of remainders repeats every 60 integers.
We will solve the system of congruences for each tuple to find the smallest positive solution $n_0$, and then count how many $n = n_0 + 60k < 1000$.

**Case 1: Tuple A $(0, 1, 2, 3, 4)$**
$n \equiv 2 \pmod 4$ implies $n \equiv 0 \pmod 2$ and $n \equiv 1 \pmod 3$ (from $n \equiv 4 \",\boxed{049},0,0.0
"Azar, Carl, Jon, and Sergey are the four players left in a singles tennis tournament. They are randomly assigned opponents in the semifinal matches, and the winners of those matches play each other in the final match to determine the winner of the tournament. When Azar plays Carl, Azar will win the match with probability $\frac23$. When either Azar or Carl plays either Jon or Sergey, Azar or Carl will win the match with probability $\frac34$. Assume that outcomes of different matches are independent. The probability that Carl will win the tournament is $\frac{p}{q}$, where $p$ and $q$ are relatively prime positive integers. Find $p+q$.","To find the probability that Carl wins the tournament, we need to analyze the possible structures of the semifinal matches and the probabilities associated with each path to the final and the final match itself.

### Step 1: Determine the Possible Semifinal Pairings

There are 4 players: Azar ($A$), Carl ($C$), Jon ($J$), and Sergey ($S$).
The tournament consists of two semifinal matches. The players are randomly assigned to these matches.
The total number of ways to partition 4 distinct players into 2 unordered pairs is given by:
$$ \frac{1}{2} \binom{4}{2} = \frac{6}{2} = 3 $$
The three possible pairings (sets of matches) are:
1.  **Case 1**: $(A, C)$ and $(J, S)$
2.  **Case 2**: $(A, J)$ and $(C, S)$
3.  **Case 3**: $(A, S)$ and $(C, J)$

Since the assignment is random, each of these 3 cases is equally likely with probability $\frac{1}{3}$.

### Step 2: Analyze the Probability of Carl Winning in Each Case

Let $P(C \text{ wins})$ be the probability that Carl wins the tournament. We calculate this for each case.

**Case 1: Semifinals are $(A, C)$ and $(J, S)$**
*   **Semifinal 1**: $A$ vs $C$.
    *   For Carl to reach the final, he must win this match.
    *   Given: $P(A \text{ beats } C) = \frac{2}{3}$.
    *   Therefore, $P(C \text{ beats } A) = 1 - \frac{2}{3} = \frac{1}{3}$.
*   **Semifinal 2**: $J$ vs $S$.
    *   The winner of this match will play Carl in the final.
    *   The problem states: ""When either Azar or Carl plays either Jon or Sergey, Azar or Carl will win the match with probability $\frac{3}{4}$.""
    *   This implies that if Carl plays against Jon or Sergey, Carl wins with probability $\frac{3}{4}$.
    *   So, regardless of who wins between $J$ and $S$, the probability that Carl beats the winner is $\frac{3}{4}$.
*   **Calculation for Case 1**:
    $$ P(C \text{ wins} | \text{Case 1}) = P(C \text{ beats } A) \times P(C \text{ beats winner of } J/S) $$
    $$ P(C \text{ wins} | \text{Case 1}) = \frac{1}{3} \times \frac{3}{4} = \frac{3}{12} = \frac{1}{4} $$

**Case 2: Semifinals are $(A, J)$ and $(C, S)$**
*   **Semifinal 1**: $A$ vs $J$.
    *   Carl does not play here. The winner of this match will play Carl in the final.
    *   The problem states: ""When either Azar or Carl plays either Jon or Sergey, Azar or Carl will win the match with probability $\frac{3}{4}$.""
    *   This implies that if Azar plays Jon, Azar wins with probability $\frac{3}{4}$. Consequently, Jon wins with probability $1 - \frac{3}{4} = \frac{1}{4}$.
    *   So, the opponent Carl faces in the final is either $A$ (prob $\frac{3}{4}$) or $J$ (prob $\frac{1}{4}$).
*   **Semifinal 2**: $C$ vs $S$.
    *   Carl must win this match to reach the final.
    *   Given the rule above, $P(C \text{ beats } S) = \frac{3}{4}$.
*   **Final Match**:
    *   If Carl reached the final, he plays the winner of $(A, J)$.
    *   If the winner is $A$: $P(C \text{ beats } A) = \frac{3}{4}$ (from the rule).
    *   If the winner is $J$: $P(C \text{ beats } J) = \frac{3}{4}$ (from the rule).
    *   In either scenario, the probability Carl wins the final is $\frac{3}{4}$.
*   **Calculation for Case 2**:
    $$ P(C \text{ wins} | \text{Case 2}) = P(C \text{ beats } S) \times P(C \text{ beats winner of } A/J) $$
    $$ P(C \text{ wins} | \text{Case 2}) = \frac{3}{4} \times \frac{3}{4} = \frac{9}{16} $$

**Case 3: Semifinals are $(A, S)$ and $(C, J)$**
*   This case is symmetric to Case 2.
*   **Semifinal 1**: $A$ vs $S$.
    *   $P(A \text{ beats } S) = \frac{3}{4}$, so $P(S \text{ beats } A) = \frac{1}{4}$.
    *   The opponent for Carl in the final is either $A$ or $S$.
*   **Semifinal 2**: $C$ vs $J$.
    *   $P(C \text{ beats } J) = \frac{3}{4}$.
*   **Final Match**:
    *   Carl plays the winner of $(A, S)$. Whether it's $A$ or $S$, Carl wins with probability $\frac{3}{4}$.
*   **Calculation for Case 3**:
    $$ P(C \text{ wins} | \text{Case 3}) = P(C \text{ beats } J) \times P(C \text{ beats winner of } A/S) $$
    $$ P(C \text{ wins} | \text{Case 3}) = \frac{3}{4} \times \frac{3}{4} = \frac{9}{16} $$

### Step 3: Calculate the Total Probability

Since each case occurs with probability $\frac{1}{3}$, the total probability $P$ is the average of the probabilities from the three cases:

$$ P = \frac{1}{3} \left( P(C \text{ wins} | \text{Case 1}) + P(C \text{ wins} | \text{Case 2}) + P(C \text{ wins} | \text{Case 3}) \right) $$
$$ P = \frac{1}{3} \left( \frac{1}{4} + \frac{9}{16} + \frac{9}{16} \right) $$

First, sum the terms inside the parenthesis:
$$ \frac{1}{4} + \frac{9}{16} + \frac{9}{16} = \frac{4}{16} + \frac{9}{16} + \frac{9}{16} = \frac{22}{16} = \frac{11}{8} $$

Now, multiply by $\frac{1}{3}$:
$$ P = \frac{1}{3} \times \frac{11}{8} = \frac{11}{24} $$

### Step 4: Determine $p$ and $q$

The probability is $\frac{11}{24}$.
Here, $p = 11$ and $q = 24$.
We check if they are relatively prime:
*   Factors of 11: 1, 11 (prime).
*   Factors of 24: 1, 2, 3, 4, 6, 8, 12, 24.
*   The greatest common divisor is 1. Thus, they are relatively prime.

We need to find $p + q$:
$$ p + q = 11 + 24 = 35 $$

**Answer:** 35",\boxed{125},0,0.0
There is a polynomial $P(x)$ with integer coefficients such that\[P(x)=\frac{(x^{2310}-1)^6}{(x^{105}-1)(x^{70}-1)(x^{42}-1)(x^{30}-1)}\]holds for every $0<x<1.$ Find the coefficient of $x^{2022}$ in $P(x)$.,"To find the coefficient of $x^{2022}$ in the polynomial $P(x)$, we first need to simplify the given expression and understand the structure of $P(x)$.

### Step 1: Analyze the Expression

The given expression is:
\[ P(x) = \frac{(x^{2310}-1)^6}{(x^{105}-1)(x^{70}-1)(x^{42}-1)(x^{30}-1)} \]
Let's denote the exponents in the denominator as $a=105$, $b=70$, $c=42$, and $d=30$.
Notice the relationships between these numbers:
- $2310 = 22 \times 105$
- $2310 = 33 \times 70$
- $2310 = 55 \times 42$
- $2310 = 77 \times 30$

Also, let's look at the prime factorizations:
- $105 = 3 \times 5 \times 7$
- $70 = 2 \times 5 \times 7$
- $42 = 2 \times 3 \times 7$
- $30 = 2 \times 3 \times 5$
- $2310 = 2 \times 3 \times 5 \times 7 \times 11$

Let's rewrite the terms using the substitution $y = x^{210}$.
Note that:
- $x^{105} = y^{1/2}$
- $x^{70} = y^{1/3}$
- $x^{42} = y^{1/5}$
- $x^{30} = y^{1/7}$
- $x^{2310} = (x^{210})^{11} = y^{11}$

This substitution might be slightly messy due to fractional powers. Let's try a different approach by factoring the terms using the identity $\frac{z^n-1}{z-1} = 1 + z + \dots + z^{n-1}$.

However, a more direct algebraic manipulation is possible. Let's look at the exponents again.
Let $N = 2310$.
The numerator is $(x^N - 1)^6$.
The denominator is $(x^{105}-1)(x^{70}-1)(x^{42}-1)(x^{30}-1)$.

Let's check if the denominator divides the numerator perfectly to form a polynomial. The problem states $P(x)$ is a polynomial with integer coefficients, so the division must be exact.

Let's express the terms in the denominator in terms of cyclotomic polynomials or simply factor out common terms.
Recall that $x^k - 1 = \prod_{d|k} \Phi_d(x)$.
Let's compute the valuation of each cyclotomic polynomial $\Phi_d(x)$ in the numerator and denominator.
The exponent of $\Phi_d(x)$ in $x^k-1$ is $1$ if $d|k$ and $0$ otherwise.
So, the exponent of $\Phi_d(x)$ in the numerator $(x^{2310}-1)^6$ is $6$ if $d | 2310$, and $0$ otherwise.
The exponent of $\Phi_d(x)$ in the denominator is the sum of indicators:
$v_d = \mathbb{I}(d|105) + \mathbb{I}(d|70) + \mathbb{I}(d|42) + \mathbb{I}(d|30)$.

For $P(x)$ to be a polynomial, we need $v_d \le 6$ for all $d$.
Let's check the maximum value of $v_d$.
The divisors of $2310$ are formed by subsets of $\{2, 3, 5, 7, 11\}$.
The numbers in the denominator are divisors of $2310$ (since $105, 70, 42, 30$ divide $2310$).
Let's check specific $d$:
- If $d=1$: $1|105, 1|70, 1|42, 1|30 \implies v_1 = 4 \le 6$.
- If $d=2$: $2|70, 2|42, 2|30 \implies v_2 = 3 \le 6$.
- If $d=3$: $3|105, 3|42, 3|30 \implies v_3 = 3 \le 6$.
- If $d=5$: $5|105, 5|70, 5|30 \implies v_5 = 3 \le 6$.
- If $d=7$: $7|105, 7|70, 7|42 \implies v_7 = 3 \le 6$.
- If $d=11$: $11|2310$ but $11 \nmid 105, 70, 42, 30 \implies v_{11} = 0 \le 6$.
- If $d=14$ ($2 \times 7$): $14|70, 14|42 \implies v_{14} = 2$.
- If $d=21$ ($3 \times 7$): $21|105, 21|42 \implies v_{21} = 2$.
- If $d=35$ ($5 \times 7$): $35|105, 35|70 \implies v_{35} = 2$.
- If $d=105$: $105|105 \implies v_{105} = 1$.
- If $d=70$: $70|70 \implies v_{70} = 1$.
- If $d=42$: $42|42 \implies v_{42} = 1$.
- If $d=30$: $30|30 \implies v_{30} = 1$.
- If $d=210$ ($2 \times 3 \times 5 \times 7$): $210 \nmid 105, 70, 42, 30$ (since $210 >$ each). Wait, $210$ does not divide any of them. So $v_{210} = 0$.
Actually, we only care about $d$ that divide at least one of the denominator terms.
The maximum $v_d$ occurs for $d \in \{1, 2, 3, 5, 7\}$ where $v_d = 3$.
Since $3 \le 6$, the division is indeed exact, and $P(x)$ is a polynomial.

### Step 2: Simplify the Polynomial Structure

Let's try to rewrite $P(x)$ in a more manageable form.
Let $k = 2310$.
$P(x) = \frac{(x^k-1)^6}{(x^{105}-1)(x^{70}-1)(x^{42}-1)(x^{30}-1)}$.

Let's substitute $x = e^{i\theta}$. Then $x^k - 1 = e^{ik\theta/2}(e^{ik\theta/2} - e^{-ik\theta/2}) = e^{ik\theta/2} \cdot 2i \sin(k\theta/2)$.
Similarly for the denominator terms.
$P(e^{i\theta}) = \frac{(2i \sin(11\theta))^6}{(2i \sin(105\theta/2)) (2i \sin(70\theta/2)) (2i \sin(42\theta/2)) (2i \sin(30\theta/2))} \times (\text{phase factors})$.
This seems complicated due to phases.

Let's go back to the algebraic form.
Notice the exponents:
$105 = 2310 / 22$
$70 = 2310 / 33$
$42 = 2310 / 55$
$30 = 2310 / 77$

Let $y = x^{210}$.
Then $x^{105} = y^{1/2}$, $x^{70} = y^{1/3}$, $x^{42} = y^{1/5}$, $x^{30} = y^{1/7}$.
$x^{2310} = y^{11}$.
The expression becomes:
$P(x) = \frac{(y^{11}-1)^6}{(y^{1/2}-1)(y^{1/3}-1)(y^{1/5}-1)(y^{1/7}-1)}$.
This doesn't look like a polynomial in $y$ directly because of the fractional powers. However, we know $P(x)$ is a polynomial in $x$.
Let's consider the function $f(t) = \frac{(t^{11}-1)^6}{(t^{1/2}-1)(t^{1/3}-1)(t^{1/5}-1)(t^{1/7}-1)}$.
If we set $t = x^{210}$, then $t^{1/2} = x^{105}$, etc.
So $P(x) = f(x^{210})$.
Since $P(x)$ is a polynomial in $x$, $f(t)$ must be a polynomial in $t^{1/210}$? No, $P(x)$ is a polynomial in $x$, so $f(t)$ is a polynomial in $t^{1/210}$.
But $f(t)$ is defined for $t > 0$.
Let's re-evaluate the structure.
Maybe we can expand the terms using geometric series?
$\frac{x^k-1}{x^m-1} = 1 + x^m + x^{2m} + \dots + x^{k-m}$ if $m|k$.
Here, the factors in the denominator do not necessarily divide each other or the numerator in a simple chain.
However, note that:
$x^{2310}-1 = (x^{105})^{22}-1 = (x^{105}-1)(1 + x^{105} + \dots + x^{105 \times 21})$.
So $\frac{x^{2310}-1}{x^{105}-1} = \sum_{j=0}^{21} x^{105j}$.
Similarly:
$\frac{x^{2310}-1}{x^{70}-1} = \sum_{j=0}^{32} x^{70j}$.
$\frac{x^{2310}-1}{x^{42}-1} = \sum_{j=0}^{54} x^{42j}$.
$\frac{x^{2310}-1}{x^{30}-1} = \sum_{j=0}^{76} x^{30j}$.

Let $A = \frac{x^{2310}-1}{x^{105}-1}$, $B = \frac{x^{2310}-1}{x^{70}-1}$, $C = \frac{x^{2310}-1}{x^{42}-1}$, $D = \frac{x^{2310}-1}{x^{30}-1}$.
Then $P(x) = \frac{(x^{2310}-1)^6}{(x^{105}-1)(x^{70}-1)(x^{42}-1)(x^{30}-1)} = \frac{(x^{2310}-1)^2}{x^{105}-1} \cdot \frac{(x^{2310}-1)^2}{x^{70}-1} \cdot \frac{(x^{2310}-1)^2}{x^{42}-1} \cdot \frac{1}{(x^{105}-1)(x^{70}-1)(x^{42}-1)(x^{30}-1)}$? No.
Let's rewrite $P(x)$ as:
$P(x) = \left( \frac{x^{2310}-1}{x^{105}-1} \right) \left( \frac{x^{2310}-1}{x^{70}-1} \right) \left( \frac{x^{2310}-1}{x^{42}-1} \right) \left( \frac{x^{2310}-1}{x^{30}-1} \right) \cdot \frac{1}{(x^{105}-1)(x^{70}-1)(x^{42}-1)(x^{30}-1)} \cdot (x^{2310}-1)^2$?
No, the numerator has power 6. The denominator has 4 factors.
$P(x) = \frac{(x^{2310}-1)^6}{\prod_{k \in \{105, 70, 42, 30\}} (x^k-1)}$.
We can write this as:
$P(x) = \left( \frac{x^{2310}-1}{x^{105}-1} \right) \left( \frac{x^{2310}-1}{x^{70}-1} \right) \left( \frac{x^{2310}-1}{x^{42}-1} \right) \left( \frac{x^{2310}-1}{x^{30}-1} \right) \cdot \frac{(x^{2310}-1)^2}{(x^{105}-1)(x^{70}-1)(x^{42}-1)(x^{30}-1)}$.
This doesn't seem to simplify things immediately.

Let's try a different perspective.
Consider the function $g(x) = \frac{x^{2310}-1}{x^{210}-1}$.
Then $x^{2310}-1 = (x^{210})^{11}-1$.
$x^{105}-1 = (x^{210})^{1/2}-1$.
This path is blocked by the non-integer powers.

Let's reconsider the coefficients.
$P(x)$ is a polynomial with integer coefficients.
The degree of $P(x)$ is $6 \times 2310 - (105+70+42+30) = 13860 - 247 = 13613$.
We need the coefficient of $x^{2022}$.
Since $2022$ is relatively small compared to the degree, we are looking at the lower order terms.
Let's expand the terms for small powers of $x$.
Recall that for $|x| < 1$, $\frac{1-x^k}{1-x} = 1 + x + \dots + x^{k-1}$.
But our terms are of the form $\frac{x^k-1}{x^m-1}$.
Note that $\frac{x^k-1}{x^m-1} = \frac{1-x^k}{1-x^m}$.
Let's define $Q(x) = \frac{1-x^{2310}}{1-x}$. Then $Q(x) = 1 + x + \dots + x^{2309}$.
This doesn't match the denominator factors directly.

Let's use the property of the roots of unity.
The roots of $x^{2310}-1$ are the $2310$-th roots of unity.
The roots of the denominator are the union of the $105$-th, $70$-th, $42$-th, and $30$-th roots of unity.
Since $P(x)$ is a polynomial, the roots of the denominator must be roots of the numerator with at least the same multiplicity.
We already checked the multiplicities of cyclotomic polynomials and found they are sufficient.

Let's try to express $P(x)$ as a product of simpler polynomials.
Let $u = x^{210}$.
Then $x^{105} = u^{1/2}$, $x^{70} = u^{1/3}$, $x^{42} = u^{1/5}$, $x^{30} = u^{1/7}$.
$x^{2310} = u^{11}$.
$P(x) = \frac{(u^{11}-1)^6}{(u^{1/2}-1)(u^{1/3}-1)(u^{1/5}-1)(u^{1/7}-1)}$.
Let's analyze the term $\frac{u^{11}-1}{u^{1/2}-1}$.
$u^{11}-1 = (u^{1/2})^{22}-1 = (u^{1/2}-1)(1 + u^{1/2} + \dots + u^{10.5})$.
This involves fractional powers.
However, notice that $P(x)$ is a polynomial in $x$.
Let's check the value at $x=0$.
$P(0) = \frac{(-1)^6}{(-1)(-1)(-1)(-1)} = \frac{1}{1} = 1$.
So the constant term is 1.

Let's try to relate this to the number of solutions to some equation or a combinatorial interpretation.
Consider the expansion of $\frac{1}{(1-x^{105})(1-x^{70})(1-x^{42})(1-x^{30})}$.
This is the generating function for the number of partitions into parts from $\{105, 70, 42, 30\}$.
But we have $(x^{2310}-1)^6$ in the numerator.
$(x^{2310}-1)^6 = (-1)^6 (1-x^{2310})^6 = (1-x^{2310})^6$.
So $P(x) = \frac{(1-x^{2310})^6}{(1-x^{105})(1-x^{70})(1-x^{42})(1-x^{30})}$.
Since $2310$ is a multiple of $105, 70, 42, 30$, let $k = 2310$.
Then $1-x^k = (1-x^{k/m})(1+x^{k/m}+\dots+x^{k(1-1/m)})$.
Specifically, $\frac{1-x^k}{1-x^m} = 1 + x^m + x^{2m} + \dots + x^{k-m}$.
Let $S_m(x) = \frac{1-x^k}{1-x^m} = \sum_{j=0}^{k/m-1} x^{jm}$.
Then $P(x) = \frac{(1-x^k)^6}{(1-x^{105})(1-x^{70})(1-x^{42})(1-x^{30})}$.
We can write this as:
$P(x) = \left( \frac{1-x^k}{1-x^{105}} \right) \left( \frac{1-x^k}{1-x^{70}} \right) \left( \frac{1-x^k}{1-x^{42}} \right) \left( \frac{1-x^k}{1-x^{30}} \right) \cdot \frac{1-x^k}{(1-x^{105})(1-x^{70})(1-x^{42})(1-x^{30})} \cdot \frac{1}{(1-x^k)^2}$? No.
Let's regroup:
$P(x) = \left[ \frac{1-x^k}{1-x^{105}} \right] \left[ \frac{1-x^k}{1-x^{70}} \right] \left[ \frac{1-x^k}{1-x^{42}} \right] \left[ \frac{1-x^k}{1-x^{30}} \right] \cdot \frac{1-x^k}{(1-x^{105})(1-x^{70})(1-x^{42})(1-x^{30})} \cdot \frac{1}{(1-x^k)^2}$?
No, the numerator is $(1-x^k)^6$. The denominator is product of 4 terms.
So $P(x) = \left( \frac{1-x^k}{1-x^{105}} \right) \left( \frac{1-x^k}{1-x^{70}} \right) \left( \frac{1-x^k}{1-x^{42}} \right) \left( \frac{1-x^k}{1-x^{30}} \right) \cdot \frac{1-x^k}{(1-x^{105})(1-x^{70})(1-x^{42})(1-x^{30})} \cdot \frac{1}{(1-x^k)^2}$ is wrong.
Correct grouping:
$P(x) = \left( \frac{1-x^k}{1-x^{105}} \right) \left( \frac{1-x^k}{1-x^{70}} \right) \left( \frac{1-x^k}{1-x^{42}} \right) \left( \frac{1-x^k}{1-x^{30}} \right) \cdot \frac{1-x^k}{(1-x^{105})(1-x^{70})(1-x^{42})(1-x^{30})} \cdot \frac{1}{(1-x^k)^2}$?
Let's just count the factors.
Numerator: $(1-x^k)^6$.
Denominator: $(1-x^{105})(1-x^{70})(1-x^{42})(1-x^{30})$.
We can distribute the 6 factors of $(1-x^k)$ among the 4 denominator factors.
Let $A = 1-x^{105}$, $B = 1-x^{70}$, $C = 1-x^{42}$, $D = 1-x^{30}$.
$P(x) = \frac{(1-x^k)^6}{ABCD} = \frac{(1-x^k)^2}{A} \cdot \frac{(1-x^k)^2}{B} \cdot \frac{(1-x^k)^2}{C} \cdot \frac{1}{D}$? No.
We can write:
$P(x) = \left( \frac{1-x^k}{A} \right) \left( \frac{1-x^k}{B} \right) \left( \frac{1-x^k}{C} \right) \left( \frac{1-x^k}{D} \right) \cdot \frac{1-x^k}{ABCD} \cdot \frac{1}{(1-x^k)^2}$?
Wait, $\frac{(1-x^k)^6}{ABCD} = \left( \frac{1-x^k}{A} \right) \left( \frac{1-x^k}{B} \right) \left( \frac{1-x^k}{C} \right) \left( \frac{1-x^k}{D} \right) \cdot \frac{1-x^k}{ABCD} \cdot \frac{1}{(1-x^k)^2}$ is incorrect algebra.
Correctly:
$P(x) = \left( \frac{1-x^k}{A} \right) \left( \frac{1-x^k}{B} \right) \left( \frac{1-x^k}{C} \right) \left( \frac{1-x^k}{D} \right) \cdot \frac{1-x^k}{ABCD} \cdot \frac{1}{(1-x^k)^2}$?
Let's just say:
$P(x) = \left( \frac{1-x^k}{A} \right) \left( \frac{1-x^k}{B} \right) \left( \frac{1-x^k}{C} \right) \left( \frac{1-x^k}{D} \right) \cdot \frac{1-x^k}{ABCD} \cdot \frac{1}{(1-x^k)^2}$?
No.
$P(x) = \frac{(1-x^k)^6}{ABCD} = \left( \frac{1-x^k}{A} \right) \left( \frac{1-x^k}{B} \right) \left( \frac{1-x^k}{C} \right) \left( \frac{1-x^k}{D} \right) \cdot \frac{1-x^k}{ABCD} \cdot \frac{1}{(1-x^k)^2}$?
Let's restart the grouping.
$P(x) = \frac{(1-x^k)^6}{ABCD} = \left( \frac{1-x^k}{A} \right) \left( \frac{1-x^k}{B} \right) \left( \frac{1-x^k}{C} \right) \left( \frac{1-x^k}{D} \right) \cdot \frac{1-x^k}{ABCD} \cdot \frac{1}{(1-x^k)^2}$?
Actually, simply:
$P(x) = \left( \frac{1-x^k}{A} \right) \left( \frac{1-x^k}{B} \right) \left( \frac{1-x^k}{C} \right) \left( \frac{1-x^k}{D} \right) \cdot \frac{1-x^k}{ABCD} \cdot \frac{1}{(1-x^k)^2}$?
No, $\frac{(1-x^k)^6}{ABCD} = \left( \frac{1-x^k}{A} \right) \left( \frac{1-x^k}{B} \right) \left( \frac{1-x^k}{C} \right) \left( \frac{1-x^k",\boxed{220},0,0.0
"Quadratic polynomials $P(x)$ and $Q(x)$ have leading coefficients $2$ and $-2,$ respectively. The graphs of both polynomials pass through the two points $(16,54)$ and $(20,53).$ Find $P(0) + Q(0).$","Let the quadratic polynomials be defined as:
$$P(x) = 2x^2 + bx + c$$
$$Q(x) = -2x^2 + dx + e$$

We are given that both graphs pass through the points $(16, 54)$ and $(20, 53)$. This gives us the following system of equations for $P(x)$:
1. $P(16) = 2(16)^2 + 16b + c = 54$
2. $P(20) = 2(20)^2 + 20b + c = 53$

And for $Q(x)$:
3. $Q(16) = -2(16)^2 + 16d + e = 54$
4. $Q(20) = -2(20)^2 + 20d + e = 53$

We need to find $P(0) + Q(0)$. Note that $P(0) = c$ and $Q(0) = e$. So we need to find $c + e$.

### Step 1: Analyze the difference between the two points for $P(x)$
Subtract equation (1) from equation (2):
$$P(20) - P(16) = [2(20)^2 + 20b + c] - [2(16)^2 + 16b + c]$$
$$53 - 54 = 2(400 - 256) + 4b$$
$$-1 = 2(144) + 4b$$
$$-1 = 288 + 4b$$
$$4b = -289$$
$$b = -\frac{289}{4}$$

Now substitute $b$ back into equation (1) to find $c$:
$$2(256) + 16\left(-\frac{289}{4}\right) + c = 54$$
$$512 - 4(289) + c = 54$$
$$512 - 1156 + c = 54$$
$$-644 + c = 54$$
$$c = 698$$

So, $P(0) = 698$.

### Step 2: Analyze the difference between the two points for $Q(x)$
Subtract equation (3) from equation (4):
$$Q(20) - Q(16) = [-2(20)^2 + 20d + e] - [-2(16)^2 + 16d + e]$$
$$53 - 54 = -2(400 - 256) + 4d$$
$$-1 = -2(144) + 4d$$
$$-1 = -288 + 4d$$
$$4d = 287$$
$$d = \frac{287}{4}$$

Now substitute $d$ back into equation (3) to find $e$:
$$-2(256) + 16\left(\frac{287}{4}\right) + e = 54$$
$$-512 + 4(287) + e = 54$$
$$-512 + 1148 + e = 54$$
$$636 + e = 54$$
$$e = 54 - 636$$
$$e = -582$$

So, $Q(0) = -582$.

### Step 3: Calculate the sum
$$P(0) + Q(0) = c + e = 698 + (-582)$$
$$P(0) + Q(0) = 116$$

### Alternative Method (Using Symmetry)
Let $R(x) = P(x) + Q(x)$.
Since $P(x)$ has leading coefficient $2$ and $Q(x)$ has leading coefficient $-2$, the $x^2$ terms cancel out:
$$R(x) = (2x^2 + bx + c) + (-2x^2 + dx + e) = (b+d)x + (c+e)$$
Thus, $R(x)$ is a linear polynomial (a line).

We know the values of $P(x)$ and $Q(x)$ at $x=16$ and $x=20$:
$$R(16) = P(16) + Q(16) = 54 + 54 = 108$$
$$R(20) = P(20) + Q(20) = 53 + 53 = 106$$

Since $R(x)$ is linear, we can find its equation using the two points $(16, 108)$ and $(20, 106)$.
The slope $m$ is:
$$m = \frac{106 - 108}{20 - 16} = \frac{-2}{4} = -0.5$$

The equation of the line is:
$$R(x) - 108 = -0.5(x - 16)$$
$$R(x) = -0.5x + 8 + 108$$
$$R(x) = -0.5x + 116$$

We need to find $P(0) + Q(0)$, which is exactly $R(0)$.
$$R(0) = -0.5(0) + 116 = 116$$

Both methods yield the same result.

**Answer:** 116",\boxed{116},1,0.0
"Positive real numbers $b \not= 1$ and $n$ satisfy the equations \[\sqrt{\log_b n} = \log_b \sqrt{n} \qquad \text{and} \qquad b \cdot \log_b n = \log_b (bn).\] The value of $n$ is $\frac{j}{k},$ where $j$ and $k$ are relatively prime positive integers. Find $j+k.$","To find the value of $n$, we will solve the given system of equations step by step.

The given equations are:
1.  $\sqrt{\log_b n} = \log_b \sqrt{n}$
2.  $b \cdot \log_b n = \log_b (bn)$

Let $x = \log_b n$. Since $n$ is a positive real number and $b \neq 1$, $x$ is a real number. Also, for the square root $\sqrt{\log_b n}$ to be defined in the real number system, we must have $\log_b n \ge 0$, so $x \ge 0$.

### Step 1: Simplify the first equation

The first equation is:
$$ \sqrt{\log_b n} = \log_b \sqrt{n} $$

Substitute $x = \log_b n$:
$$ \sqrt{x} = \log_b (n^{1/2}) $$

Using the logarithm power rule $\log_b (a^c) = c \log_b a$:
$$ \sqrt{x} = \frac{1}{2} \log_b n $$
$$ \sqrt{x} = \frac{1}{2} x $$

Since $x \ge 0$, we can square both sides or rearrange the equation:
$$ \sqrt{x} - \frac{1}{2}x = 0 $$
$$ \sqrt{x} \left(1 - \frac{1}{2}\sqrt{x}\right) = 0 $$

This gives two possible cases:
Case A: $\sqrt{x} = 0 \implies x = 0$.
Case B: $1 - \frac{1}{2}\sqrt{x} = 0 \implies \sqrt{x} = 2 \implies x = 4$.

So, the possible values for $x$ are $0$ and $4$.

### Step 2: Simplify the second equation

The second equation is:
$$ b \cdot \log_b n = \log_b (bn) $$

Substitute $x = \log_b n$:
$$ b \cdot x = \log_b (b \cdot n) $$

Using the logarithm product rule $\log_b (mn) = \log_b m + \log_b n$:
$$ bx = \log_b b + \log_b n $$

Since $\log_b b = 1$ and $\log_b n = x$:
$$ bx = 1 + x $$

Rearranging to solve for $b$ in terms of $x$:
$$ bx - x = 1 $$
$$ x(b - 1) = 1 $$
$$ b - 1 = \frac{1}{x} $$
$$ b = 1 + \frac{1}{x} $$

Since $b$ is a positive real number and $b \neq 1$, we must have $x \neq 0$. If $x=0$, then $b$ would be undefined (division by zero). Therefore, the solution $x=0$ from Step 1 is invalid.

We are left with the only valid solution:
$$ x = 4 $$

### Step 3: Calculate $n$

Now that we have $x = 4$, we can find $b$ and then $n$.

From $b = 1 + \frac{1}{x}$:
$$ b = 1 + \frac{1}{4} = \frac{5}{4} $$

Now use the definition $x = \log_b n$:
$$ 4 = \log_{5/4} n $$

Convert the logarithmic equation to an exponential form:
$$ n = \left(\frac{5}{4}\right)^4 $$

Calculate the value:
$$ n = \frac{5^4}{4^4} = \frac{625}{256} $$

### Step 4: Verify conditions and find $j+k$

The problem states that $n = \frac{j}{k}$ where $j$ and $k$ are relatively prime positive integers.
Here, $j = 625$ and $k = 256$.

Check if they are relatively prime:
- The prime factorization of $625$ is $5^4$.
- The prime factorization of $256$ is $2^8$.
- They share no common factors other than 1. Thus, $\gcd(625, 256) = 1$.

The values are $j = 625$ and $k = 256$.
We need to find $j + k$:
$$ j + k = 625 + 256 = 881 $$

**Answer:**
The value of $j+k$ is 881.

881",\boxed{881},1,0.0
"Every morning Aya goes for a $9$-kilometer-long walk and stops at a coffee shop afterwards. When she walks at a constant speed of $s$ kilometers per hour, the walk takes her 4 hours, including $t$ minutes spent in the coffee shop. When she walks $s+2$ kilometers per hour, the walk takes her 2 hours and 24 minutes, including $t$ minutes spent in the coffee shop. Suppose Aya walks at $s+\frac{1}{2}$ kilometers per hour. Find the number of minutes the walk takes her, including the $t$ minutes spent in the coffee shop.","To find the total time Aya takes for the walk at a speed of $s + \frac{1}{2}$ km/h, we need to determine the walking distance, the time spent walking at the given speeds, and the constant time spent in the coffee shop ($t$).

### Step 1: Analyze the first scenario
Let $D$ be the distance of the walk in kilometers.
Let $t$ be the time spent in the coffee shop in minutes.
Let $s$ be the walking speed in km/h.

In the first scenario:
- Speed = $s$ km/h
- Total time = 4 hours
- Time spent in coffee shop = $t$ minutes = $\frac{t}{60}$ hours
- Time spent walking = Total time - Coffee shop time = $4 - \frac{t}{60}$ hours

Using the formula $\text{Distance} = \text{Speed} \times \text{Time}$:
$$D = s \left(4 - \frac{t}{60}\right) \quad \text{--- (1)}$$

### Step 2: Analyze the second scenario
In the second scenario:
- Speed = $s + 2$ km/h
- Total time = 2 hours and 24 minutes.
  Convert 24 minutes to hours: $24/60 = 0.4$ hours.
  So, Total time = $2.4$ hours.
- Time spent in coffee shop = $t$ minutes = $\frac{t}{60}$ hours
- Time spent walking = $2.4 - \frac{t}{60}$ hours

Using the distance formula again:
$$D = (s + 2) \left(2.4 - \frac{t}{60}\right) \quad \text{--- (2)}$$

### Step 3: Solve for $s$ and $t$
Since the distance $D$ is the same in both scenarios, we equate equations (1) and (2):
$$s \left(4 - \frac{t}{60}\right) = (s + 2) \left(2.4 - \frac{t}{60}\right)$$

Let $W$ be the walking time in hours. Then $W_1 = 4 - \frac{t}{60}$ and $W_2 = 2.4 - \frac{t}{60}$.
The equation becomes:
$$s \cdot W_1 = (s + 2) \cdot W_2$$
$$s W_1 = s W_2 + 2 W_2$$
$$s (W_1 - W_2) = 2 W_2$$

Calculate the difference in walking times ($W_1 - W_2$):
$$W_1 - W_2 = \left(4 - \frac{t}{60}\right) - \left(2.4 - \frac{t}{60}\right) = 4 - 2.4 = 1.6 \text{ hours}$$

Substitute this back into the equation:
$$s (1.6) = 2 \left(2.4 - \frac{t}{60}\right)$$
$$1.6s = 4.8 - \frac{2t}{60}$$
$$1.6s = 4.8 - \frac{t}{30} \quad \text{--- (3)}$$

We also know the problem statement says ""Every morning Aya goes for a **9-kilometer-long** walk"".
So, $D = 9$.

Substitute $D=9$ into equation (1):
$$9 = s \left(4 - \frac{t}{60}\right)$$
$$9 = 4s - \frac{st}{60} \quad \text{--- (4)}$$

Now we have a system of two equations with $s$ and $t$:
1. $1.6s = 4.8 - \frac{t}{30}$
2. $9 = 4s - \frac{st}{60}$

From equation (1), express $t$ in terms of $s$:
$$\frac{t}{30} = 4.8 - 1.6s$$
$$t = 30(4.8 - 1.6s)$$
$$t = 144 - 48s$$

Substitute this expression for $t$ into equation (4):
$$9 = 4s - \frac{s(144 - 48s)}{60}$$
$$9 = 4s - \frac{144s - 48s^2}{60}$$

Simplify the fraction:
$$\frac{144s}{60} = \frac{12s}{5} = 2.4s$$
$$\frac{48s^2}{60} = \frac{4s^2}{5} = 0.8s^2$$

So the equation becomes:
$$9 = 4s - (2.4s - 0.8s^2)$$
$$9 = 4s - 2.4s + 0.8s^2$$
$$9 = 1.6s + 0.8s^2$$

Multiply the entire equation by 10 to clear decimals:
$$90 = 16s + 8s^2$$
Divide by 2:
$$45 = 8s + 4s^2$$
$$4s^2 + 8s - 45 = 0$$

Solve this quadratic equation for $s$ using the quadratic formula $s = \frac{-b \pm \sqrt{b^2 - 4ac}}{2a}$:
Here $a = 4$, $b = 8$, $c = -45$.
$$s = \frac{-8 \pm \sqrt{8^2 - 4(4)(-45)}}{2(4)}$$
$$s = \frac{-8 \pm \sqrt{64 + 720}}{8}$$
$$s = \frac{-8 \pm \sqrt{784}}{8}$$
$$\sqrt{784} = 28$$
$$s = \frac{-8 \pm 28}{8}$$

Since speed must be positive:
$$s = \frac{20}{8} = 2.5 \text{ km/h}$$

Now find $t$:
$$t = 144 - 48s$$
$$t = 144 - 48(2.5)$$
$$t = 144 - 120$$
$$t = 24 \text{ minutes}$$

Let's verify with the distance:
Walking time 1 = $4 - 24/60 = 4 - 0.4 = 3.6$ hours.
Distance = $2.5 \times 3.6 = 9$ km. (Correct)

Walking time 2 = $2.4 - 24/60 = 2.4 - 0.4 = 2.0$ hours.
Speed 2 = $2.5 + 2 = 4.5$ km/h.
Distance = $4.5 \times 2.0 = 9$ km. (Correct)

### Step 4: Calculate the time for the new speed
The new speed is $s + \frac{1}{2}$.
$$v_{new} = 2.5 + 0.5 = 3.0 \text{ km/h}$$

The distance is still 9 km.
Time spent walking ($W_{new}$) = $\frac{\text{Distance}}{\text{Speed}}$
$$W_{new} = \frac{9}{3} = 3 \text{ hours}$$

The total time includes the coffee shop time $t$.
$$t = 24 \text{ minutes}$$

Total time in hours = $3 + \frac{24}{60} = 3 + 0.4 = 3.4$ hours.
Convert to minutes:
$$3.4 \times 60 = 204 \text{ minutes}$$

Alternatively, calculate walking time in minutes directly:
Walking time = 3 hours = 180 minutes.
Coffee shop time = 24 minutes.
Total time = $180 + 24 = 204$ minutes.

### Conclusion
The number of minutes the walk takes her, including the time spent in the coffee shop, is 204.

**Answer:** 204",\boxed{204},1,0.0
"Let \(O=(0,0)\), \(A=\left(\tfrac{1}{2},0\right)\), and \(B=\left(0,\tfrac{\sqrt{3}}{2}\right)\) be points in the coordinate plane. Let \(\mathcal{F}\) be the family of segments \(\overline{PQ}\) of unit length lying in the first quadrant with \(P\) on the \(x\)-axis and \(Q\) on the \(y\)-axis. There is a unique point \(C\) on \(\overline{AB}\), distinct from \(A\) and \(B\),  that does not belong to any segment from \(\mathcal{F}\) other than \(\overline{AB}\). Then \(OC^2=\tfrac{p}{q}\), where \(p\) and \(q\) are relatively prime positive integers. Find \(p+q\).","To find the value of $p+q$, we will proceed step by step, analyzing the geometry of the problem and the conditions given.

### 1. Coordinate Setup and Segment Definition

Let the coordinates of the points be:
- $O = (0,0)$
- $A = \left(\frac{1}{2}, 0\right)$
- $B = \left(0, \frac{\sqrt{3}}{2}\right)$

The segment $\overline{AB}$ connects $A$ and $B$. The equation of the line passing through $A$ and $B$ can be found using the intercept form $\frac{x}{a} + \frac{y}{b} = 1$:
$$ \frac{x}{1/2} + \frac{y}{\sqrt{3}/2} = 1 \implies 2x + \frac{2}{\sqrt{3}}y = 1 \implies 2\sqrt{3}x + 2y = \sqrt{3} $$
Or simply $y = -\sqrt{3}x + \frac{\sqrt{3}}{2}$.

The family $\mathcal{F}$ consists of segments $\overline{PQ}$ of unit length ($PQ=1$) where $P$ lies on the positive $x$-axis and $Q$ lies on the positive $y$-axis.
Let $P = (u, 0)$ and $Q = (0, v)$ with $u, v > 0$.
The condition $PQ = 1$ implies:
$$ u^2 + v^2 = 1 $$
Since $u, v > 0$, we have $u = \cos \theta$ and $v = \sin \theta$ for some $\theta \in (0, \frac{\pi}{2})$.
The segment $\overline{PQ}$ connects $(\cos \theta, 0)$ and $(0, \sin \theta)$.

### 2. Condition for a Point to Belong to a Segment in $\mathcal{F}$

A point $C(x_0, y_0)$ belongs to a segment $\overline{PQ} \in \mathcal{F}$ if there exists a $\theta \in (0, \frac{\pi}{2})$ such that $C$ lies on the line segment connecting $(\cos \theta, 0)$ and $(0, \sin \theta)$.
The equation of the line containing $\overline{PQ}$ is:
$$ \frac{x}{\cos \theta} + \frac{y}{\sin \theta} = 1 $$
For $C(x_0, y_0)$ to be on this line, it must satisfy:
$$ \frac{x_0}{\cos \theta} + \frac{y_0}{\sin \theta} = 1 $$
Let $f(\theta) = \frac{x_0}{\cos \theta} + \frac{y_0}{\sin \theta}$. We are looking for solutions to $f(\theta) = 1$ in the interval $(0, \frac{\pi}{2})$.
Note that for the point to be strictly *on the segment* (not just the line extension), we also need $0 \le x_0 \le \cos \theta$ and $0 \le y_0 \le \sin \theta$. Since $C$ is in the first quadrant and on the line, if the equation holds, the inequalities are automatically satisfied because $x_0, y_0, \cos \theta, \sin \theta$ are all positive.

So, the condition is that the equation $\frac{x_0}{\cos \theta} + \frac{y_0}{\sin \theta} = 1$ has at least one solution for $\theta \in (0, \frac{\pi}{2})$.

### 3. Analyzing the Equation

Let's rewrite the equation:
$$ x_0 \sin \theta + y_0 \cos \theta = \sin \theta \cos \theta $$
Multiply by 2:
$$ 2x_0 \sin \theta + 2y_0 \cos \theta = \sin(2\theta) $$
Alternatively, consider the function $g(\theta) = \frac{x_0}{\cos \theta} + \frac{y_0}{\sin \theta}$.
As $\theta \to 0^+$, $g(\theta) \to \infty$.
As $\theta \to \frac{\pi}{2}^-$, $g(\theta) \to \infty$.
The function $g(\theta)$ is continuous and convex on $(0, \frac{\pi}{2})$. It has a unique minimum.
Let's find the minimum value.
Differentiate with respect to $\theta$:
$$ g'(\theta) = x_0 \sec \theta \tan \theta - y_0 \csc \theta \cot \theta = \frac{x_0 \sin \theta}{\cos^2 \theta} - \frac{y_0 \cos \theta}{\sin^2 \theta} $$
Set $g'(\theta) = 0$:
$$ \frac{x_0 \sin \theta}{\cos^2 \theta} = \frac{y_0 \cos \theta}{\sin^2 \theta} \implies x_0 \sin^3 \theta = y_0 \cos^3 \theta \implies \tan^3 \theta = \frac{y_0}{x_0} \implies \tan \theta = \left(\frac{y_0}{x_0}\right)^{1/3} $$
Let $\tan \theta_0 = (y_0/x_0)^{1/3}$. Then $\sin \theta_0 = \frac{(y_0/x_0)^{1/3}}{\sqrt{1+(y_0/x_0)^{2/3}}}$ and $\cos \theta_0 = \frac{1}{\sqrt{1+(y_0/x_0)^{2/3}}}$.
Substitute these into $g(\theta_0)$:
$$ g(\theta_0) = x_0 \sqrt{1+(y_0/x_0)^{2/3}} + y_0 \frac{(x_0/y_0)^{1/3}}{\sqrt{1+(y_0/x_0)^{2/3}}} = \sqrt{1+(y_0/x_0)^{2/3}} \left( x_0 + y_0 (x_0/y_0)^{1/3} \right) $$
$$ = \sqrt{1+(y_0/x_0)^{2/3}} \left( x_0 + x_0^{1/3} y_0^{2/3} \right) = x_0^{2/3} y_0^{1/3} \left( x_0^{1/3} y_0^{-1/3} + y_0^{1/3} x_0^{-1/3} \right) \dots $$
Actually, a simpler form is known. The minimum value of $\frac{x}{\cos \theta} + \frac{y}{\sin \theta}$ is $(x^{2/3} + y^{2/3})^{3/2}$.
Let's verify this quickly.
Let $u = \cos \theta, v = \sin \theta$. Minimize $x/u + y/v$ subject to $u^2+v^2=1$.
Using Lagrange multipliers or substitution, the minimum is indeed $(x^{2/3} + y^{2/3})^{3/2}$.

So, the equation $\frac{x_0}{\cos \theta} + \frac{y_0}{\sin \theta} = 1$ has a solution if and only if the minimum value is less than or equal to 1.
$$ (x_0^{2/3} + y_0^{2/3})^{3/2} \le 1 \implies x_0^{2/3} + y_0^{2/3} \le 1 $$
The boundary of the region covered by the segments $\mathcal{F}$ is the curve $x^{2/3} + y^{2/3} = 1$ (an astroid).
Points inside the astroid ($x^{2/3} + y^{2/3} < 1$) are covered by multiple segments.
Points on the astroid ($x^{2/3} + y^{2/3} = 1$) are covered by exactly one segment (the tangent one).
Points outside the astroid are not covered by any segment.

### 4. Intersection with Segment AB

The problem states that $C$ is a point on $\overline{AB}$ (distinct from $A$ and $B$) that does not belong to any segment from $\mathcal{F}$ **other than** $\overline{AB}$.
Wait, the phrasing is ""does not belong to any segment from $\mathcal{F}$ other than $\overline{AB}$"".
This implies:
1. $C$ lies on $\overline{AB}$.
2. $\overline{AB}$ itself is considered a member of the family $\mathcal{F}$?
   Let's check if $\overline{AB} \in \mathcal{F}$.
   Length of $AB$: $A=(1/2, 0)$, $B=(0, \sqrt{3}/2)$.
   $AB = \sqrt{(1/2)^2 + (\sqrt{3}/2)^2} = \sqrt{1/4 + 3/4} = 1$.
   $P=A=(1/2, 0)$ is on x-axis. $Q=B=(0, \sqrt{3}/2)$ is on y-axis.
   So yes, $\overline{AB} \in \mathcal{F}$.
   
3. The condition ""does not belong to any segment from $\mathcal{F}$ other than $\overline{AB}$"" means that $C$ is contained in $\overline{AB}$, but $C$ is **not** contained in any other segment $\overline{P'Q'} \in \mathcal{F}$ where $\overline{P'Q'} \neq \overline{AB}$.

From our analysis of the astroid $x^{2/3} + y^{2/3} = 1$:
- Points strictly inside the astroid are covered by more than one segment.
- Points on the astroid are covered by exactly one segment.
- Points outside are covered by none.

Since $C$ is on $\overline{AB}$ and belongs to $\overline{AB}$, $C$ must be inside or on the boundary of the region covered by $\mathcal{F}$.
If $C$ were strictly inside the astroid, it would belong to infinitely many segments.
If $C$ is on the astroid, it belongs to exactly one segment.
The problem states $C$ belongs to $\overline{AB}$ and no *other* segment. This implies $C$ belongs to exactly one segment in $\mathcal{F}$, which is $\overline{AB}$.
Therefore, $C$ must lie on the boundary of the region covered by $\mathcal{F}$.
Thus, $C$ is the intersection of the segment $\overline{AB}$ and the astroid curve $x^{2/3} + y^{2/3} = 1$.

### 5. Finding the Coordinates of C

We need to find the intersection of the line $AB$ and the curve $x^{2/3} + y^{2/3} = 1$.
Line $AB$: $y = -\sqrt{3}x + \frac{\sqrt{3}}{2}$.
Substitute $y$ into the astroid equation:
$$ x^{2/3} + \left( \frac{\sqrt{3}}{2}(1 - 2x) \right)^{2/3} = 1 $$
Let's test if there are obvious solutions.
The endpoints $A(1/2, 0)$: $(1/2)^{2/3} + 0 = (1/2)^{2/3} \approx 0.63 < 1$. So $A$ is inside.
The endpoint $B(0, \sqrt{3}/2)$: $0 + (\sqrt{3}/2)^{2/3} = (3/4)^{1/3} \approx 0.908 < 1$. So $B$ is inside.
Wait, both endpoints are inside the astroid. The segment $\overline{AB}$ connects two points inside the astroid.
Does the segment cross the boundary?
The astroid is concave towards the origin. The line segment connecting two interior points of a convex set lies entirely within the set. But the astroid region $x^{2/3} + y^{2/3} \le 1$ is **not** convex. It is star-shaped with respect to the origin, but the boundary bulges inward.
Actually, the region $x^{2/3} + y^{2/3} \le 1$ is the region ""inside"" the astroid. The astroid looks like a diamond with curved sides bulging *inward* towards the origin? No, let's visualize.
At $x=0, y=1$. At $x=1, y=0$. At $x=y$, $2x^{2/3}=1 \implies x = (1/2)^{3/2} \approx 0.35$.
The midpoint of the chord connecting $(1,0)$ and $(0,1)$ is $(0.5, 0.5)$. $0.5^{2/3} + 0.5^{2/3} = 2 \cdot (0.5)^{2/3} = 2 \cdot 0.63 = 1.26 > 1$.
So the chord lies *outside* the astroid region near the middle.
The region $x^{2/3} + y^{2/3} \le 1$ is non-convex. The segment connecting two points inside can go outside.
In our case, $A$ and $B$ are inside ($<1$). The segment $\overline{AB}$ goes from $A$ to $B$.
Since the astroid boundary is ""pinched"" near the axes compared to the straight line, the segment $\overline{AB}$ must cross the boundary $x^{2/3} + y^{2/3} = 1$ twice? Or maybe not?
Let's check the midpoint of $AB$.
$M = \frac{A+B}{2} = \left( \frac{1}{4}, \frac{\sqrt{3}}{4} \right)$.
Calculate $M^{2/3}$ sum:
$x_M = 0.25, y_M = \frac{\sqrt{3}}{4} \approx 0.433$.
$x_M^{2/3} = (1/4)^{2/3} = 4^{-2/3} = \frac{1}{\sqrt[3]{16}} \approx \frac{1}{2.52} \approx 0.397$.
$y_M^{2/3} = (\frac{\sqrt{3}}{4})^{2/3} = \frac{3^{1/3}}{4^{2/3}} = \frac{1.442}{2.52} \approx 0.572$.
Sum $\approx 0.397 + 0.572 = 0.969 < 1$.
So the midpoint is inside.
Let's check a point closer to the ""middle"" of the arc.
The line equation is $2x + \frac{2}{\sqrt{3}}y = 1$.
Let's parameterize the line segment.
$x = \frac{1}{2} t$, $y = \frac{\sqrt{3}}{2} (1-t)$ for $t \in [0, 1]$.
At $t=0$, $x=0, y=\sqrt{3}/2$ (Point B). Value $< 1$.
At $t=1$, $x=1/2, y=0$ (Point A). Value $< 1$.
Let's check the function $h(t) = (\frac{t}{2})^{2/3} + (\frac{\sqrt{3}(1-t)}{2})^{2/3}$.
We want to see if $h(t) = 1$ has solutions.
$h(0) = (\frac{\sqrt{3}}{2})^{2/3} = (3/4)^{1/3} \approx 0.908$.
$h(1) = (1/2)^{2/3} = (1/4)^{1/3} \approx 0.63$.
$h(0.5) \approx 0.969$.
It seems $h(t) < 1$ for all $t \in [0, 1]$.
If the entire segment $\overline{AB}$ lies strictly inside the astroid, then every point on $\overline{AB}$ belongs to more than one segment (since interior points are covered by a range of $\theta$).
This contradicts the problem statement which says there is a unique point $C$ on $\overline{AB}$ that does not belong to any segment other than $\overline{AB}$.
This implies my interpretation of ""belongs to"" or the geometry might be slightly off.

Re-read carefully: ""does not belong to any segment from $\mathcal{F}$ other than $\overline{AB}$"".
This means the set of segments containing $C$ is exactly $\{\overline{AB}\}$.
If $C$ is in the interior of the astroid, it belongs to a continuum of segments.
If $C$ is on the boundary of the astroid, it belongs to exactly one segment.
If $C$ is outside, it belongs to none.
Since $C$ belongs to $\overline{AB}$, it must be on the boundary of the astroid.
But I just calculated that the segment $\overline{AB}$ seems to be entirely inside the astroid.
Let's re-evaluate the calculation of $h(t)$.
Maybe I made an arithmetic error.
$h(t) = (t/2)^{2/3} + (\frac{\sqrt{3}}{2}(1-t))^{2/3}$.
Let's maximize $h(t)$.
$h'(t) = \frac{2}{3}(t/2)^{-1/3} \cdot \frac{1}{2} + \frac{2}{3}(\frac{\sqrt{3}}{2}(1-t))^{-1/3} \cdot \frac{\sqrt{3}}{2} \cdot (-1)$.
$h'(t) = \frac{1}{3} (2/t)^{1/3} - \frac{\sqrt{3}}{3} (\frac{2}{\sqrt{3}(1-t)})^{1/3}$.
Set $h'(t) = 0$:
$(2/t)^{1/3} = \sqrt{3} (\frac{2}{\sqrt{3}(1-t)})^{1/3}$.
Cube both sides:
$2/t = 3 \cdot \frac{2}{\sqrt{3}(1-t)} = \frac{6}{\sqrt{3}(1-t)} = \frac{2\sqrt{3}}{1-t}$.
$1/t = \frac{\sqrt{3}}{1-t} \implies 1-t = \sqrt{3}t \implies t(1+\sqrt{3}) = 1 \implies t = \frac{1}{1+\sqrt{3}}$.
$t = \frac{\sqrt{3}-1}{2} \approx \frac{0.732}{2} = 0.366$.
Now calculate $h(t)$ at this maximum.
$x = t/2 = \frac{\sqrt{3}-1}{4}$.
$y = \frac{\sqrt{3}}{2}(1-t) = \frac{\sqrt{3}}{2} \frac{\sqrt{3}}{1+\sqrt{3}} = \frac{3}{2(1+\sqrt{3})} = \frac{3(\sqrt{3}-1)}{4}$.
Check $x^{2/3} + y^{2/3}$.
$x = \frac{\sqrt{3}-1}{4}$.
$y = \frac{3(\sqrt{3}-1)}{4} = 3x$.
So $y^{2/3} = (3x)^{2/3} = 3^{2/3} x^{2/3}$.
Sum $= x^{2/3} (1 + 3^{2/3})$.
$x = \frac{\sqrt{3}-1}{4} \approx \frac{0.732}{4} = 0.183$.
$x^{2/3} \approx (0.183)^{0.666} \approx 0.32$.
$3^{2/3} \approx 2.08$.
Sum $\approx 0.32 (1 + 2.08) = 0.32 \times 3.08 \approx 0.985$.
Still less than 1.
Is it possible the segment $\overline{AB}$ is tangent to the astroid? Or maybe my assumption about the region is wrong?
Wait, the family $\mathcal{F}$ is segments of length 1 with endpoints on axes.
The envelope of these segments is the astroid $x^{2/3} + y^{2/3} = 1$.
Points on the astroid are touched by exactly one segment.
Points inside are touched by many.
Points outside are touched by none.
The problem states $C$ is on $\overline{AB}$ and belongs ONLY to $\overline{AB}$.
This implies $C$ is on the astroid.
But my calculation shows the max value of $x^{2/3}+y^{2/3}$ on $\overline{AB}$ is $\approx 0.985 < 1$.
This suggests $\overline{AB}$ is entirely inside the astroid.
If $\overline{AB}$ is entirely inside, then every point on it belongs to infinitely many segments.
This contradicts the existence of a unique point $C$ with the property described.

Is it possible that $\overline{AB}$ is NOT in $\mathcal{F}$?
The problem says ""other than $\overline{AB}$"". This implies $\overline{AB} \in \mathcal{F}$.
We verified $AB=1$, $A$ on x-axis, $B$ on y-axis. So $\overline{AB} \in \mathcal{F}$.

Could the ""first quadrant"" constraint change things?
$P$ on x-axis, $Q$ on y-axis. $u, v > 0$.
The astroid in the first quadrant is $x^{2/3} + y^{2/3} = 1, x,y > 0$.
Maybe I made a mistake in the ""inside/outside"" logic.
Let's re-evaluate the condition for a point to be on a segment.
Segment from $(u,0)$ to $(0,v)$ with $u^2+v^2=1$.
Point $(x,y)$ is on it if $x/u + y/v = 1$ and $x,y \ge 0$.
This is equivalent to $x \sin \theta + y \cos \theta = \sin \theta \cos \theta$.
Or $2x \sin \theta + 2y \cos \theta = \sin 2\theta$.
Let's check the point $C$ where the line $AB$ is tangent to the astroid?
But the line $AB$ is a secant? Or tangent?
If the line $AB$ is tangent to the astroid, then the point of tangency is the only point on the line that lies on the astroid.
Points on the line inside the astroid (between the tangency point and the ""ends"" if they were outside) would be covered by multiple segments?
Wait. If a point is inside the astroid, there are multiple segments passing through it.
If a point is on the astroid, there is exactly one segment passing through it.
If a point is outside, there are none.
The problem says $C$ is on $\overline{AB}$ and belongs to $\overline{AB}$ but no other segment.
This means $C$ must be on the astroid.
And since $C$ is on $\overline{AB}$, $C$ must be the intersection of $\overline{AB}$ and the astroid.
If the entire segment $\overline{AB}$ is inside the astroid, then there is no such point $C$ (unless the endpoints count, but they are distinct from A and B, and A, B are inside).
This implies my calculation that $\overline{AB}$ is inside must be wrong.
Let's re-calculate $h(t)$ carefully.
$t = \frac{1}{1+\sqrt{3}}$.
$x = \frac{1}{2(1+\sqrt{3})}$.
$y = \frac{\sqrt{3}}{2} \frac{\sqrt{3}}{1+\sqrt{3}} = \frac{3}{2(1+\sqrt{3})}$.
Note $y = 3x$.
$x^{2/3} + y^{2/3} = x^{2/3} (1 + 3^{2/3})$.
$x = \frac{1}{2(1+\sqrt{3})} = \frac{\sqrt{3}-1}{4}$.
$x^2 = \frac{(\sqrt{3}-1)^2}{16} = \frac{3 - 2\sqrt{3} + 1}{16} = \frac{4 - 2\sqrt{3}}{16} = \frac{2-\sqrt{3}}{8}$.
$x^{2/3} = (x^2)^{1/3} = \left( \frac{2-\sqrt{3}}{8} \right)^{1/3}$.
We need to check if $x^{2/3} (1 + 3^{2/3}) \le 1$.
Let $k = 3^{1/3}$. Then $3^{2/3} = k^2$.
Expression: $\left( \frac{2-\sqrt{3}}{8} \right)^{1/3} (1+k^2)$.
Is this $\le 1$?
Cube both sides:
$\frac{2-\sqrt{3}}{8} (1+k^2)^3 \le 1$?
$(1+k^2)^3 = 1 + 3k^2 + 3k^4 + k^6 = 1 + 3k^2 + 3k \cdot k^3 + k^6 = 1 + 3",\boxed{023},0,0.0
"Let $\mathcal{B}$ be the set of rectangular boxes with surface area $54$ and volume $23$. Let $r$ be the radius of the smallest sphere that can contain each of the rectangular boxes that are elements of $\mathcal{B}$. The value of $r^2$ can be written as $\frac{p}{q}$, where $p$ and $q$ are relatively prime positive integers. Find $p+q$.","Let the dimensions of a rectangular box be $x, y, z$.
The surface area $S$ and volume $V$ are given by:
$$S = 2(xy + yz + zx) = 54 \implies xy + yz + zx = 27$$
$$V = xyz = 23$$

We are looking for the smallest sphere that can contain **each** of the rectangular boxes in the set $\mathcal{B}$.
A sphere with radius $r$ can contain a rectangular box with dimensions $x, y, z$ if and only if the diameter of the sphere is at least the space diagonal of the box. The space diagonal $d$ is given by $d = \sqrt{x^2 + y^2 + z^2}$.
Thus, the condition for the sphere to contain a specific box is $2r \ge \sqrt{x^2 + y^2 + z^2}$, or $r \ge \frac{1}{2}\sqrt{x^2 + y^2 + z^2}$.

Since the sphere must contain **every** box in $\mathcal{B}$, its radius $r$ must be at least the maximum of the half-diagonals of all boxes in $\mathcal{B}$.
$$r = \max_{(x,y,z) \in \mathcal{B}} \left( \frac{1}{2}\sqrt{x^2 + y^2 + z^2} \right) = \frac{1}{2} \max_{(x,y,z) \in \mathcal{B}} \sqrt{x^2 + y^2 + z^2}$$

To find this maximum, we need to maximize the quantity $D^2 = x^2 + y^2 + z^2$ subject to the constraints:
1. $xy + yz + zx = 27$
2. $xyz = 23$
3. $x, y, z > 0$

We know the identity:
$$(x+y+z)^2 = x^2 + y^2 + z^2 + 2(xy + yz + zx)$$
Let $s_1 = x+y+z$, $s_2 = xy+yz+zx = 27$, and $s_3 = xyz = 23$.
Then $x^2 + y^2 + z^2 = s_1^2 - 2s_2 = s_1^2 - 54$.
Maximizing $x^2 + y^2 + z^2$ is equivalent to maximizing $s_1 = x+y+z$.

The values $x, y, z$ are the roots of the cubic equation:
$$t^3 - s_1 t^2 + s_2 t - s_3 = 0$$
$$t^3 - s_1 t^2 + 27t - 23 = 0$$

For $x, y, z$ to be real positive numbers, the cubic function $f(t) = t^3 - s_1 t^2 + 27t - 23$ must have three positive real roots.
Let's analyze the conditions for three real roots. The local extrema of $f(t)$ occur where $f'(t) = 3t^2 - 2s_1 t + 27 = 0$.
For three distinct real roots, the local maximum must be positive and the local minimum must be negative.
The discriminant of the quadratic $3t^2 - 2s_1 t + 27 = 0$ must be non-negative for real critical points:
$$\Delta' = (-2s_1)^2 - 4(3)(27) = 4s_1^2 - 324 \ge 0 \implies s_1^2 \ge 81 \implies s_1 \ge 9$$
(Since $x,y,z > 0$, $s_1 > 0$).

Let the critical points be $t_1, t_2$ with $t_1 < t_2$.
$t_{1,2} = \frac{2s_1 \pm \sqrt{4s_1^2 - 324}}{6} = \frac{s_1 \pm \sqrt{s_1^2 - 81}}{3}$.
We require $f(t_1) \ge 0$ and $f(t_2) \le 0$.
As $s_1$ increases, the term $-s_1 t^2$ becomes more negative for $t > 0$, generally shifting the graph down. However, we need to check the boundary of the region where real roots exist.
The boundary of the existence of real roots occurs when the local maximum touches the axis (two equal roots) or the local minimum touches the axis.
Specifically, the set of possible values for $(s_1, s_2, s_3)$ corresponds to the region where the discriminant of the cubic is non-negative.
The discriminant of $t^3 - s_1 t^2 + s_2 t - s_3 = 0$ is given by:
$$\Delta = 18 s_1 s_2 s_3 - 4 s_1^3 s_3 + s_1^2 s_2^2 - 4 s_2^3 - 27 s_3^2 \ge 0$$
Substitute $s_2 = 27$ and $s_3 = 23$:
$$\Delta = 18 s_1 (27) (23) - 4 s_1^3 (23) + s_1^2 (27)^2 - 4 (27)^3 - 27 (23)^2 \ge 0$$
Calculate the constants:
$18 \times 27 \times 23 = 11016$
$4 \times 23 = 92$
$27^2 = 729$
$4 \times 27^3 = 4 \times 19683 = 78732$
$27 \times 23^2 = 27 \times 529 = 14283$

So the inequality is:
$$11016 s_1 - 92 s_1^3 + 729 s_1^2 - 78732 - 14283 \ge 0$$
$$-92 s_1^3 + 729 s_1^2 + 11016 s_1 - 93015 \ge 0$$
Multiply by $-1$ and reverse the inequality:
$$92 s_1^3 - 729 s_1^2 - 11016 s_1 + 93015 \le 0$$

We are looking for the maximum possible value of $s_1$. The maximum $s_1$ will occur at the boundary where the discriminant is zero (i.e., the cubic has a multiple root).
Let $P(s_1) = 92 s_1^3 - 729 s_1^2 - 11016 s_1 + 93015$.
We need to find the largest root of $P(s_1) = 0$.
Let's test integer values or simple fractions.
Recall that if there is a multiple root, say $x=y$, then $2x+z = s_1$, $x^2+2xz = 27$, $x^2z = 23$.
From $x^2z = 23$, $z = 23/x^2$.
Substitute into $x^2 + 2x(23/x^2) = 27$:
$x^2 + 46/x = 27$
$x^3 - 27x + 46 = 0$
Let's find the roots of $x^3 - 27x + 46 = 0$.
Try integer factors of 46: $\pm 1, \pm 2, \pm 23, \pm 46$.
$f(1) = 1 - 27 + 46 = 20 \ne 0$
$f(2) = 8 - 54 + 46 = 0$. So $x=2$ is a root.
If $x=2$, then $z = 23/2^2 = 23/4 = 5.75$.
Then $s_1 = 2x + z = 4 + 5.75 = 9.75 = 39/4$.
Let's check if this is a valid solution.
Dimensions: $2, 2, 5.75$.
Surface area: $2(4 + 11.5 + 11.5) = 2(27) = 54$. Correct.
Volume: $2 \times 2 \times 5.75 = 23$. Correct.
So $s_1 = 9.75$ is a possible sum.

Are there other cases? The multiple root could be $x=z$ or $y=z$, which is symmetric.
Could the multiple root be different?
The equation $x^3 - 27x + 46 = 0$ has roots corresponding to the repeated dimension.
Divide $x^3 - 27x + 46$ by $(x-2)$:
$x^3 - 27x + 46 = (x-2)(x^2 + 2x - 23)$.
Roots of $x^2 + 2x - 23 = 0$ are $x = \frac{-2 \pm \sqrt{4 + 92}}{2} = -1 \pm \sqrt{24}$.
Since dimensions must be positive, $x = -1 + 2\sqrt{6} \approx -1 + 4.9 = 3.9$.
Let's check this case.
If $x = 2\sqrt{6} - 1$, then $z = 23/x^2$.
$x^2 = (-1+2\sqrt{6})^2 = 1 - 4\sqrt{6} + 24 = 25 - 4\sqrt{6}$.
$z = \frac{23}{25 - 4\sqrt{6}} = \frac{23(25 + 4\sqrt{6})}{625 - 96} = \frac{23(25 + 4\sqrt{6})}{529} = \frac{25 + 4\sqrt{6}}{23}$.
Then $s_1 = 2x + z = 2(2\sqrt{6}-1) + \frac{25 + 4\sqrt{6}}{23} = 4\sqrt{6} - 2 + \frac{25}{23} + \frac{4\sqrt{6}}{23} = \frac{92\sqrt{6} - 46 + 25 + 4\sqrt{6}}{23} = \frac{96\sqrt{6} - 21}{23}$.
Approx value: $\sqrt{6} \approx 2.45$.
$96(2.45) \approx 235.2$.
$s_1 \approx (235.2 - 21)/23 \approx 214.2/23 \approx 9.31$.
This is less than $9.75$.

Is it possible that the maximum $s_1$ occurs when the roots are not two equal?
The condition for real roots is $\Delta \ge 0$. The maximum $s_1$ is the largest root of $P(s_1) = 0$.
We found a root corresponding to $x=y=2$, which gave $s_1 = 9.75$.
Let's verify if $s_1 = 9.75$ is the largest root.
$P(9.75) = 0$ by construction.
Let's check the derivative of $P(s_1)$ or just evaluate around it.
Actually, the roots of the cubic discriminant equation correspond to the cases where two variables are equal.
The possible values for $s_1$ are determined by the roots of $x^3 - 27x + 46 = 0$.
The roots for the repeated dimension $x$ are $2$, $-1+2\sqrt{6}$, and $-1-2\sqrt{6}$ (negative, discard).
So the possible positive values for the repeated dimension are $x_1 = 2$ and $x_2 = 2\sqrt{6}-1$.
Case 1: $x=y=2$. Then $z = 23/4 = 5.75$.
$s_1 = 2+2+5.75 = 9.75$.
Case 2: $x=y=2\sqrt{6}-1$. Then $z = \frac{25+4\sqrt{6}}{23}$.
$s_1 = 2(2\sqrt{6}-1) + \frac{25+4\sqrt{6}}{23} \approx 9.31$.

Are there any other configurations?
The set of valid $(x,y,z)$ forms a connected region in the first octant. The function $s_1 = x+y+z$ is continuous. The maximum must occur on the boundary of the feasible region defined by the discriminant $\Delta=0$.
The boundary consists of the surfaces where two variables are equal (since the discriminant vanishes when roots coincide).
Thus, the maximum $s_1$ must be one of the values calculated above.
Comparing $9.75$ and $\approx 9.31$, the maximum is $9.75$.

So, $\max(x^2+y^2+z^2) = s_1^2 - 54 = (9.75)^2 - 54$.
$9.75 = \frac{39}{4}$.
$s_1^2 = \left(\frac{39}{4}\right)^2 = \frac{1521}{16}$.
$x^2+y^2+z^2 = \frac{1521}{16} - 54 = \frac{1521 - 864}{16} = \frac{657}{16}$.

The radius $r$ is half the diagonal:
$r = \frac{1}{2} \sqrt{\frac{657}{16}} = \frac{1}{2} \cdot \frac{\sqrt{657}}{4} = \frac{\sqrt{657}}{8}$.
We need $r^2$:
$r^2 = \frac{657}{64}$.

Check if $p=657$ and $q=64$ are relatively prime.
$64 = 2^6$.
$657$ is odd, so not divisible by 2.
Thus, $\gcd(657, 64) = 1$.
So $p = 657$ and $q = 64$.

We need to find $p+q$:
$p+q = 657 + 64 = 721$.

Let's double check the logic.
1. Condition for sphere containing box: $2r \ge \sqrt{x^2+y^2+z^2}$. Correct.
2. Must contain ALL boxes: $r \ge \max \frac{1}{2}\sqrt{x^2+y^2+z^2}$. Correct.
3. Maximize $x^2+y^2+z^2$ subject to constraints.
   $x^2+y^2+z^2 = (x+y+z)^2 - 2(xy+yz+zx) = s_1^2 - 54$.
   Maximize $s_1$.
4. Constraints on $s_1$: Real positive roots for $t^3 - s_1 t^2 + 27t - 23 = 0$.
   Boundary is when discriminant is 0, i.e., multiple roots.
   Multiple roots imply two variables are equal.
   Let $x=y$. Then $x^2+2xz=27$ and $x^2z=23$.
   $z = 23/x^2 \implies x^2 + 46/x = 27 \implies x^3 - 27x + 46 = 0$.
   Roots: $x=2$, $x=-1 \pm \sqrt{24}$.
   Positive roots: $x=2$ and $x=2\sqrt{6}-1$.
   Corresponding $s_1$:
   If $x=2$, $z=5.75$, $s_1 = 9.75$.
   If $x=2\sqrt{6}-1 \approx 3.899$, $z \approx 1.51$.
   $s_1 = 2(3.899) + 1.51 = 7.798 + 1.51 = 9.308$.
   Clearly $9.75$ is larger.
   Is it possible the maximum is not at the boundary? No, $s_1$ is a continuous function on a compact set (the set of valid boxes is closed and bounded? Yes, $x,y,z$ are bounded below by some positive number and above). The maximum of a continuous function on a compact set occurs either at a critical point inside or on the boundary.
   Inside the region, $\Delta > 0$, meaning 3 distinct roots. The gradient of $s_1$ is $(1,1,1)$. The constraints define a surface. Using Lagrange multipliers with the implicit constraint $\Delta(x,y,z)=0$?
   Actually, the set of valid $(x,y,z)$ is defined by $xy+yz+zx=27, xyz=23$. This is a curve (intersection of two surfaces) in 3D space.
   We want to maximize $f(x,y,z) = x^2+y^2+z^2$ on this curve.
   The curve is closed?
   Consider $x \to 0$. Then $yz \to \infty$ (from $xy+yz+zx=27$) but $xyz=23 \implies yz = 23/x \to \infty$. Consistent.
   However, if $x \to 0$, $y$ or $z$ must go to infinity.
   Let's check the behavior of $s_1$ as we approach the boundary of the domain (where one variable goes to 0 or infinity).
   If $x \to 0$, $y \to \infty, z \to 0$?
   $xyz = 23$. If $x \to 0$, then $yz \to \infty$.
   $xy+yz+zx = 27 \implies yz + x(y+z) = 27$.
   If $x \to 0$, $yz \to 27$. But $xyz = 23 \implies x(yz) = 23 \implies x(27) = 23 \implies x = 23/27$. Contradiction.
   So $x$ cannot go to 0.
   Similarly, no variable can go to 0.
   What if one variable goes to infinity?
   Let $x \to \infty$. Then $yz \approx 23/x \to 0$.
   $xy+yz+zx = x(y+z) + yz = 27$.
   If $x \to \infty$, then $y+z \to 0$. Since $y,z > 0$, this implies $y,z \to 0$.
   But $xyz = 23$. If $y,z \to 0$, $x$ must go to $\infty$ very fast.
   Let's parameterize near infinity.
   $y+z = \frac{27-yz}{x} \approx \frac{27}{x}$.
   $yz = \frac{23}{x}$.
   $y, z$ are roots of $u^2 - \frac{27}{x} u + \frac{23}{x} = 0$.
   Discriminant $D_u = \frac{27^2}{x^2} - \frac{92}{x}$.
   For real $y,z$, we need $D_u \ge 0 \implies \frac{729}{x^2} \ge \frac{92}{x} \implies x \le \frac{729}{92} \approx 7.9$.
   So $x$ is bounded!
   The maximum value of any dimension is bounded.
   Thus the set of boxes is compact.
   The maximum of $s_1$ must occur at a critical point of the function restricted to the curve.
   The curve is the intersection of two surfaces. The critical points of $x+y+z$ on this curve occur where the normal to the level surface $x+y+z=c$ is in the span of the normals to the constraint surfaces.
   Alternatively, using the discriminant argument: The projection of the curve onto the $s_1$ axis is an interval. The endpoints of this interval correspond to the cases where the cubic has multiple roots (the ""turning points"" of the projection).
   Since the curve is closed and bounded, the range of $s_1$ is $[s_{min}, s_{max}]$.
   The values $s_{min}$ and $s_{max}$ are attained when two variables are equal.
   We found two positive candidates for $s_1$ from the equal-variable cases: $9.75$ and $\approx 9.31$.
   Are there any other turning points?
   The equation for $s_1$ derived from the discriminant is a cubic. It has 3 roots.
   $92 s_1^3 - 729 s_1^2 - 11016 s_1 + 93015 = 0$.
   We know $s_1 = 39/4 = 9.75$ is a root.
   Let's check the other roots.
   Divide by $(s_1 - 9.75) = (s_1 - 39/4) = \frac{1}{4}(4s_1 - 39)$.
   Polynomial division:
   $92 s_1^3 - 729 s_1^2 - 11016 s_1 + 93015$ divided by $4s_1 - 39$.
   $92/4 = 23$.
   $23 s_1^2 (4s_1) = 92 s_1^3$.
   $23 s_1^2 (-39) = -897 s_1^2$.
   Remainder: $(-729 - (-897)) s_1^2 = 168 s_1^2$.
   Bring down $-11016 s_1$.
   $168 s_1^2 / 4s_1 = 42 s_1$.
   $42 s_1 (4s_1) = 168 s_1^2$.
   $42 s_1 (-39) = -1638 s_1$.
   Remainder: $(-11016 - (-1638)) s_1 = -9378 s_1$.
   Bring down $93015$.
   $-9378 s_1 / 4s_1 = -2344.5$. Not integer.
   Let's re-calculate carefully.
   $s_1 = 39/4$.
   $92(39/4)^3 - 729(39/4)^2 - 11016(39/4) + 93015$.
   $= 92 \frac{59319}{64} - 729 \frac{1521}{16} - 11016 \frac{39}{4} + 93015$
   $= \frac{23 \times 59319}{16} - \frac{729 \times 1521}{16} - \frac{11016 \times 39 \times 4}{16} + \frac{93015 \times 16}{16}$
   Numerator:
   $23 \times 59319 = 1364337$
   $729 \times 1521 = 1108809$
   $11016 \times 156 = 1718496$
   $93015 \times 16 = 1488240$
   Sum: $1364337 - 1108809 - 1718496 + 1488240 = 1364337 + 1488240 - (1108809 + 1718496) = 2852577 - 2827305 = 25272 \ne 0$.
   Wait, my manual check failed. Did I make a mistake in the discriminant formula or substitution?
   
   Let's re-evaluate the condition $x=y=2$.
   $x=2, y=2, z=5.75$.
   $s_1 = 9.75$.
   $s_2 = 4 + 11.5 + 11.5 = 27$.
   $s_3 = 23$.
   Cubic: $t^3 - 9.75 t^2 + 27t - 23 = 0$.
   Check roots: $t=2$.
   $8 - 9.75(4) + 54 - 23 = 8 - 39 + 54 - 23 = 62 - 62 = 0$. Correct.
   Derivative at $t=2$: $3(4) - 2(9.75)(2) + 27 = 12 - 39 + 27 = 0$. Correct.
   So $t=2$ is a double root",\boxed{721},0,0.0
"Eight circles of radius $34$ are sequentially tangent, and two of the circles are tangent to $AB$ and $BC$ of triangle $ABC$, respectively. $2024$ circles of radius $1$ can be arranged in the same manner. The inradius of triangle $ABC$ can be expressed as $\frac{m}{n}$, where $m$ and $n$ are relatively prime positive integers. Find $m+n$.","To find the value of $m+n$, we need to determine the inradius $r$ of triangle $ABC$ based on the given conditions.

### Step 1: Analyze the Geometry of the Tangent Circles

Let the triangle be $ABC$ with inradius $r$ and incenter $I$. The incircle is tangent to the sides $AB$, $BC$, and $CA$.
The problem states that a sequence of circles is ""sequentially tangent"" and ""two of the circles are tangent to $AB$ and $BC$"". This describes a chain of circles inscribed in the angle $\angle B$, tangent to each other and to the sides of the angle.

Let the sequence of circles be $C_1, C_2, \dots, C_k$.
- The first circle $C_1$ is tangent to side $AB$ and side $BC$. Its center lies on the angle bisector of $\angle B$.
- The second circle $C_2$ is tangent to $C_1$ and also tangent to $AB$ and $BC$.
- And so on.

For a chain of $k$ circles of radius $R$ inscribed in an angle $\theta$ (where $\theta = \angle B$), the distance from the vertex $B$ to the center of the $i$-th circle (counting from the one closest to the vertex) is given by:
$$ d_i = \frac{R}{\sin(\theta/2)} \cdot i $$
Wait, let's re-evaluate the indexing.
Let the circles be numbered $1, 2, \dots, k$ starting from the one closest to vertex $B$.
The center of the $i$-th circle, $O_i$, is at a distance $d_i$ from $B$.
Since the circle is tangent to the sides of the angle, the distance from $O_i$ to the sides is $R$. Thus, $d_i \sin(\theta/2) = R$, so $d_i = \frac{R}{\sin(\theta/2)}$.
However, this formula gives the distance for the circle *closest* to the vertex if it were the only one. In a chain, the circles are tangent to each other.
Let's consider the distance between the centers of two consecutive circles in the chain.
Let $O_i$ and $O_{i+1}$ be the centers of two adjacent circles with radius $R$. They are tangent externally, so the distance $O_i O_{i+1} = 2R$.
Both centers lie on the angle bisector.
Let $x_i$ be the distance from $B$ to $O_i$. Then $x_i = \frac{R}{\sin(\theta/2)}$. This is incorrect for a chain.
Let's derive the relationship properly.
Let the angle be $2\alpha$. The distance from the vertex $B$ to the center of a circle of radius $R$ tangent to the sides is $x = R / \sin \alpha$.
If we have a chain of circles of radius $R$ tangent to each other and the sides, let the centers be $O_1, O_2, \dots, O_k$ ordered from $B$ outwards.
The distance $BO_1 = R / \sin \alpha$.
The distance $O_1 O_2 = 2R$.
The distance $BO_2 = BO_1 + O_1 O_2 = \frac{R}{\sin \alpha} + 2R$.
But for $O_2$ to be tangent to the sides, its distance must be $R_2 / \sin \alpha$. Here all radii are equal, so $R_2 = R$.
This implies $BO_2 = R / \sin \alpha$. This is a contradiction unless the circles are not all the same size or my model of the chain is wrong.

**Correction**: The standard configuration for ""circles sequentially tangent"" in an angle usually implies a chain where the circles get smaller as they approach the vertex, OR the problem implies a specific arrangement where the *last* circle is tangent to the third side of the triangle, or the chain fills the space up to the incircle.
Let's re-read carefully: ""Eight circles of radius 34 are sequentially tangent, and two of the circles are tangent to AB and BC... 2024 circles of radius 1 can be arranged in the same manner.""
This phrasing suggests that in both cases, the chain of circles lies along the angle bisector of $\angle B$, tangent to $AB$ and $BC$, and tangent to each other.
Usually, such a chain starts from the vertex $B$ and goes outwards. But if the radii are constant, they cannot all be tangent to the sides $AB$ and $BC$ simultaneously unless they are just one circle.
Ah, perhaps the ""two of the circles"" part means the *first* and the *last*? Or maybe the chain is bounded by the incircle?
Let's reconsider the standard Sangaku-style problem. Often, a chain of $n$ equal circles is inscribed in an angle, tangent to the sides and to each other. But for equal circles, only one can be tangent to both sides at a specific distance.
Unless... the circles are tangent to the sides $AB$ and $BC$ *collectively*? No, ""two of the circles are tangent to AB and BC, respectively"". This likely means one circle is tangent to $AB$ (and maybe not $BC$) and another is tangent to $BC$ (and maybe not $AB$)?
No, the standard interpretation of ""circles sequentially tangent... tangent to AB and BC"" in the context of a triangle usually refers to a chain of circles inscribed in the angle $B$, where the *first* circle is tangent to $AB$ and $BC$, and the subsequent circles are tangent to the previous one and the sides? No, that's impossible for equal radii.

Let's try a different interpretation. Maybe the circles are tangent to the *incircle*?
""Two of the circles are tangent to AB and BC"".
Perhaps the chain is: Circle 1 is tangent to $AB$ and $BC$. Circle 2 is tangent to Circle 1 and $AB$? No, ""sequentially tangent"" usually means $C_1$ tangent to $C_2$, $C_2$ to $C_3$, etc.
If all circles have the same radius $R$, and they are tangent to each other, their centers are collinear. If they are also tangent to the sides of the angle, they must all be at the same distance from the vertex, which is impossible for distinct circles.
Therefore, the condition ""tangent to AB and BC"" must apply to the **first** circle of the chain (the one closest to the vertex), and the chain extends outwards. But then how can there be 8 circles of radius 34? They can't all be tangent to the sides.
Maybe the chain is bounded by the **incircle** of the triangle?
Let's assume the configuration is: A chain of $k$ circles of radius $R$ is inscribed in the angle $B$. The first circle $C_1$ is tangent to $AB$ and $BC$. The last circle $C_k$ is tangent to the **incircle** of $\triangle ABC$.
Wait, the problem says ""2024 circles... can be arranged in the same manner"". This implies the geometry is defined by the triangle's properties.
Let's look at the phrase ""two of the circles are tangent to AB and BC"".
Could it be that the chain consists of circles tangent to $AB$ and $BC$ alternately? No, ""sequentially tangent"" implies a linear chain.
Let's reconsider the standard problem type: **Chain of circles in an angle tangent to the incircle**.
Scenario:
1. We have an angle $B$.
2. There is an incircle of the triangle, which is tangent to $AB$ and $BC$. Let its radius be $r$.
3. We place a chain of $k$ circles of radius $R$ in the angle $B$, tangent to each other.
4. The chain is bounded by the vertex $B$ and the incircle? Or the incircle and the vertex?
If the chain is between the vertex and the incircle:
The first circle $C_1$ is tangent to $AB$ and $BC$.
The last circle $C_k$ is tangent to the incircle.
But if $C_1$ is tangent to $AB$ and $BC$, its radius is determined by its position. If all circles have radius $R$, then $C_1$ is the only one that can be tangent to both sides. The others would be tangent to one side and the previous circle?
The problem states: ""Eight circles of radius 34 are sequentially tangent, and two of the circles are tangent to AB and BC, respectively.""
This specific wording ""two of the circles are tangent to AB and BC"" is key.
Maybe the chain is not along the bisector?
No, ""sequentially tangent"" circles in a corner usually lie on the bisector.
Is it possible the chain is: $C_1$ tangent to $AB$ and $BC$. $C_2$ tangent to $C_1$ and $AB$. $C_3$ tangent to $C_2$ and $BC$. $C_4$ tangent to $C_3$ and $AB$...?
This creates a ""zig-zag"" chain.
Let's test this hypothesis.
If the circles alternate sides:
$C_1$ tangent to $AB, BC$.
$C_2$ tangent to $C_1, AB$.
$C_3$ tangent to $C_2, BC$.
$C_4$ tangent to $C_3, AB$.
...
In this case, the centers do not lie on the angle bisector.
However, the problem says ""arranged in the same manner"".
Let's check the number of circles.
Case 1: 8 circles.
Case 2: 2024 circles.
If the pattern is alternating sides, the number of circles tangent to $AB$ and $BC$ would be 1 (the first one). The problem says ""two of the circles are tangent to AB and BC"".
This implies one circle is tangent to $AB$ (and not $BC$?) and another is tangent to $BC$ (and not $AB$?).
Or, it means the set of circles includes one tangent to $AB$ and one tangent to $BC$.
Actually, if the chain is along the bisector, only the first circle is tangent to both. The others are tangent to one side and the previous circle? No, if they are along the bisector and tangent to the sides, they must have different radii.
But the radii are given as constant (34 and 1).
So the ""alternating sides"" model is the only one that allows equal radii circles to be tangent to the sides of the angle.
Let's refine the ""alternating"" model.
Chain: $C_1, C_2, \dots, C_k$.
$C_1$ is tangent to $AB$ and $BC$.
$C_2$ is tangent to $C_1$ and $AB$.
$C_3$ is tangent to $C_2$ and $BC$.
$C_4$ is tangent to $C_3$ and $AB$.
...
In this configuration:
- $C_1$ is tangent to $AB$ and $BC$.
- $C_2$ is tangent to $AB$.
- $C_3$ is tangent to $BC$.
- $C_4$ is tangent to $AB$.
- ...
The circles with odd indices are tangent to $BC$ (and $AB$ for $C_1$).
The circles with even indices are tangent to $AB$.
Wait, $C_1$ is tangent to both.
$C_2$ is tangent to $C_1$ and $AB$.
$C_3$ is tangent to $C_2$ and $BC$.
$C_4$ is tangent to $C_3$ and $AB$.
So, circles tangent to $AB$: $C_1, C_2, C_4, C_6, \dots$
Circles tangent to $BC$: $C_1, C_3, C_5, \dots$
The problem states ""two of the circles are tangent to AB and BC, respectively"".
This phrasing is slightly ambiguous. It could mean ""One circle is tangent to AB, and another (different) circle is tangent to BC"".
In the alternating chain, $C_1$ is tangent to both. $C_2$ is tangent to $AB$. $C_3$ is tangent to $BC$.
So we have circles tangent to $AB$ ($C_1, C_2, \dots$) and circles tangent to $BC$ ($C_1, C_3, \dots$).
This fits the description ""two of the circles are tangent to AB and BC"" (meaning the set of circles includes tangents to both sides).
But why specify ""two""? Maybe it implies the chain ends such that the last circle is tangent to one side and the incircle?
Let's assume the chain is bounded by the **incircle** of the triangle.
The incircle is tangent to $AB$ and $BC$.
The chain of circles is placed in the angle $B$, between the vertex $B$ and the incircle.
The last circle in the chain is tangent to the incircle.
Let's verify the ""two circles"" statement again.
""Eight circles ... two of the circles are tangent to AB and BC"".
If the chain is $C_1, \dots, C_8$.
$C_1$ tangent to $AB, BC$.
$C_2$ tangent to $AB$.
$C_3$ tangent to $BC$.
$C_4$ tangent to $AB$.
$C_5$ tangent to $BC$.
$C_6$ tangent to $AB$.
$C_7$ tangent to $BC$.
$C_8$ tangent to $AB$.
Here, circles tangent to $AB$: $1, 2, 4, 6, 8$.
Circles tangent to $BC$: $1, 3, 5, 7$.
This doesn't seem to highlight ""two"" specifically.
Perhaps the chain is not alternating?
What if the chain is simply along the bisector, but the ""two circles"" refers to the fact that the chain is bounded by the incircle on one side and the vertex on the other? No.

Let's reconsider the standard problem source. This looks like a variation of a known problem involving a chain of equal circles in an angle tangent to the incircle.
Usually, the setup is:
- Angle $B$.
- Incircle of radius $r$ tangent to $AB, BC$.
- Chain of $n$ circles of radius $R$ tangent to each other and to the incircle.
- Are they tangent to the sides?
If they are tangent to the sides, they must be the alternating type.
Let's assume the **alternating chain** model.
Let the angle be $2\alpha$.
Distance between centers of two tangent circles of radius $R$ in an alternating chain:
Let $O_1$ be center of $C_1$ (tangent to $AB, BC$). $BO_1 = R/\sin\alpha$.
Let $O_2$ be center of $C_2$ (tangent to $C_1, AB$).
Let $O_3$ be center of $C_3$ (tangent to $C_2, BC$).
The distance $O_1 O_2$?
Consider the triangle formed by $B$, $O_1$, and $O_2$.
$O_1$ is at distance $d_1 = R/\sin\alpha$ from $B$.
$O_2$ is at distance $d_2$ from $B$.
$O_2$ is tangent to $AB$. The distance from $O_2$ to $AB$ is $R$.
So $d_2 \sin\alpha = R \implies d_2 = R/\sin\alpha$.
Wait, if $d_1 = d_2$, then $O_1$ and $O_2$ are at the same distance from $B$.
But $C_1$ and $C_2$ are tangent.
If $O_1$ and $O_2$ are both at distance $R/\sin\alpha$ from $B$, and both are tangent to $AB$ (and $C_1$ to $BC$, $C_2$ to $AB$), then they are symmetric with respect to the bisector?
Yes! In an alternating chain, the centers of circles tangent to $AB$ lie on a line parallel to $BC$? No.
Let's visualize.
$C_1$ is on the bisector.
$C_2$ is tangent to $C_1$ and $AB$. Its center $O_2$ is such that dist($O_2, AB$) = $R$.
Since $C_1$ is tangent to $AB$, dist($O_1, AB$) = $R$.
So $O_1$ and $O_2$ are on a line parallel to $AB$ at distance $R$.
Similarly, $C_3$ is tangent to $C_2$ and $BC$. $O_3$ is on a line parallel to $BC$ at distance $R$.
The distance between $O_1$ and $O_2$:
$O_1$ is on the bisector. $O_2$ is on the line parallel to $AB$.
Let's set up coordinates.
$B$ at origin $(0,0)$. Bisector along x-axis.
Lines $AB$ and $BC$ are $y = x \tan\alpha$ and $y = -x \tan\alpha$.
$O_1 = (d, 0)$ where $d = R/\sin\alpha$.
$O_2$ is tangent to $AB$ ($y = x \tan\alpha$) and $C_1$.
Distance from $O_2(x_2, y_2)$ to $AB$ is $R$.
Also distance $O_1 O_2 = 2R$.
Due to symmetry, $O_2$ and $O_3$ are symmetric wrt x-axis?
$C_2$ tangent to $AB$. $C_3$ tangent to $BC$.
$O_2$ and $O_3$ should be symmetric wrt x-axis.
$O_2 = (x, h)$, $O_3 = (x, -h)$.
$O_2$ tangent to $AB$: distance to $x \sin\alpha - y \cos\alpha = 0$ is $R$.
$|x \sin\alpha - h \cos\alpha| = R$.
Since $O_2$ is ""outside"" $C_1$ (further from B?), or adjacent?
Actually, the chain goes $B \to C_1 \to C_2 \to C_3 \dots$
$C_1$ is closest to $B$.
$C_2$ is next.
Is $C_2$ further from $B$ than $C_1$?
$O_1$ is on bisector. $O_2$ is off bisector.
Distance $BO_2 = \sqrt{x^2 + h^2}$.
From geometry of alternating circles:
The distance between the center of a circle tangent to both sides ($C_1$) and the center of a circle tangent to one side and the previous circle ($C_2$) is $2R$.
Let's calculate the distance $BO_2$.
In the triangle $B O_1 O_2$:
$BO_1 = R/\sin\alpha$.
$O_1 O_2 = 2R$.
Angle $\angle O_1 B O_2$?
$O_1$ is on bisector. $O_2$ is tangent to $AB$.
The locus of centers of circles tangent to $AB$ is a line parallel to $AB$.
The angle between the bisector and $AB$ is $\alpha$.
The distance from $B$ to the line of centers of $C_2$ (parallel to $AB$) is $R$.
Let $\beta = \angle O_1 B O_2$.
In $\triangle B O_1 O_2$, we know $BO_1$, $O_1 O_2$, and the angle at $B$?
Actually, we can find the distance $BO_2$ directly.
$O_2$ is at distance $R$ from $AB$.
Let's use the property of the chain.
The distance between the centers of two consecutive circles in an alternating chain of equal radius $R$ in an angle $2\alpha$ is $2R$.
The projection of this segment onto the bisector?
Let's use the formula for the distance from the vertex to the center of the $k$-th circle in an alternating chain.
Let $d_k$ be the distance $BO_k$.
For $C_1$ (tangent to both): $d_1 = R/\sin\alpha$.
For $C_2$ (tangent to $C_1, AB$):
Consider the triangle formed by $B$, $O_1$, $O_2$.
$O_1$ is on bisector. $O_2$ is such that its distance to $AB$ is $R$.
Let $\theta = \angle O_1 B O_2$.
The distance from $O_2$ to $AB$ is $BO_2 \sin(\alpha - \theta) = R$? No.
Angle of $AB$ with bisector is $\alpha$.
If $O_2$ is on the side of $AB$, the angle between $BO_2$ and $AB$ is $\alpha - \angle O_1 B O_2$.
So $BO_2 \sin(\alpha - \theta) = R$.
Also $O_1 O_2 = 2R$.
By Law of Cosines on $\triangle B O_1 O_2$:
$(2R)^2 = d_1^2 + d_2^2 - 2 d_1 d_2 \cos\theta$.
This seems complicated.
Alternative approach:
The centers of the circles in an alternating chain form a path.
The distance between $O_1$ and $O_2$ is $2R$.
The distance between $O_2$ and $O_3$ is $2R$.
$O_1$ is on bisector. $O_2$ and $O_3$ are symmetric.
$O_2 O_3$ is perpendicular to the bisector?
$O_2$ tangent to $AB$, $O_3$ tangent to $BC$.
Yes, by symmetry $O_2$ and $O_3$ are symmetric wrt bisector.
So $O_2 O_3$ is horizontal (perpendicular to bisector).
Length $O_2 O_3 = 2R$.
Height of $O_2$ above bisector: $h$.
$O_2 = (x, h)$, $O_3 = (x, -h)$.
$O_1 = (d_1, 0)$.
$O_1 O_2 = 2R$.
$O_2$ tangent to $AB$: distance to line $y = x \tan\alpha$ is $R$.
Line equation: $x \sin\alpha - y \cos\alpha = 0$.
Distance: $|x \sin\alpha - h \cos\alpha| = R$.
Since $O_2$ is further out, $x \sin\alpha - h \cos\alpha = R$ (assuming $x$ large enough).
Also $O_1 O_2^2 = (x-d_1)^2 + h^2 = (2R)^2$.
And $d_1 = R/\sin\alpha$.
We have a system.
But notice the pattern of distances from $B$.
$d_1 = R/\sin\alpha$.
$d_2 = \sqrt{x^2+h^2}$.
From symmetry, the chain $C_1, C_2, C_3, C_4 \dots$
$C_1$ (bisector), $C_2$ (side AB), $C_3$ (side BC), $C_4$ (side AB)...
Wait, if $C_2$ and $C_3$ are symmetric, then $C_4$ and $C_5$ are symmetric?
$C_3$ tangent to $BC$. $C_4$ tangent to $C_3$ and $AB$.
$C_4$ will be symmetric to $C_5$?
No, $C_4$ tangent to $AB$, $C_5$ tangent to $BC$.
So $C_4$ and $C_5$ are symmetric.
The sequence of centers: $O_1$ (on axis), $O_2, O_3$ (symmetric pair), $O_4, O_5$ (symmetric pair), etc.
The distance between $O_1$ and $O_2$ is $2R$.
The distance between $O_2$ and $O_3$ is $2R$.
The distance between $O_3$ and $O_4$ is $2R$.
Let's find the distance from $B$ to the ""start"" of the next pair.
Let $L$ be the distance along the bisector from $O_1$ to the projection of $O_2$?
Actually, there is a known result for the length of the chain.
The total length of the chain from $O_1$ to the last circle $O_k$ along the bisector direction?
Or simply, the distance from $B$ to the center of the last circle.
Let's calculate the shift in the bisector direction for each step.
Step 1: $O_1 \to O_2$.
$O_1 = (d_1, 0)$.
$O_2 = (x, h)$.
$O_3 = (x, -h)$.
$O_4 = (x', -h')$? No, $O_4$ tangent to $AB$, so symmetric to $O_5$.
$O_4 = (x_4, h_4)$, $O_5 = (x_4, -h_4)$.
The sequence of x-coordinates (along bisector): $d_1, x, x, x_4, x_4, \dots$
The distance $O_1 O_2 = 2R$.
The distance $O_2 O_3 = 2h = 2R \implies h = R$.
Wait, $O_2 O_3 = 2R$. Since they are symmetric $(x, h)$ and $(x, -h)$, distance is $2h$.
So $2h = 2R \implies h = R$.
Now substitute $h=R$ into the distance equation for $O_2$ to $AB$.
$|x \sin\alpha - R \cos\alpha| = R$.
Since $O_2$ is outside, $x \sin\alpha - R \cos\alpha",\boxed{197},0,0.0
"Let $\triangle ABC$ have circumcenter $O$ and incenter $I$ with $\overline{IA}\perp\overline{OI}$, circumradius $13$, and inradius $6$. Find $AB\cdot AC$.","To find the value of $AB \cdot AC$, we will proceed step by step using the given geometric properties and formulas related to the circumcenter $O$ and incenter $I$ of $\triangle ABC$.

### 1. Identify Given Values and Notation
Let the side lengths of $\triangle ABC$ be $a, b, c$ opposite to vertices $A, B, C$ respectively.
Let $R$ be the circumradius and $r$ be the inradius.
Given:
- $R = 13$
- $r = 6$
- $\overline{IA} \perp \overline{OI}$

We need to find the product $AB \cdot AC$, which corresponds to $c \cdot b$.

### 2. Analyze the Perpendicularity Condition
The condition $\overline{IA} \perp \overline{OI}$ implies that the dot product of the vectors $\vec{IA}$ and $\vec{OI}$ is zero, or equivalently, the angle $\angle OAI = 90^\circ$.

Let's use the distance formula involving the distance between the circumcenter and incenter, known as **Euler's Theorem in Geometry**:
$$OI^2 = R(R - 2r)$$
Substituting the given values:
$$OI^2 = 13(13 - 2 \cdot 6) = 13(13 - 12) = 13 \cdot 1 = 13$$
So, $OI = \sqrt{13}$.

Now consider the triangle $\triangle OAI$. Since $\angle OAI = 90^\circ$, by the Pythagorean theorem:
$$OI^2 + IA^2 = OA^2$$
We know that $OA = R = 13$ (since $O$ is the circumcenter).
Substituting the known values:
$$13 + IA^2 = 13^2$$
$$13 + IA^2 = 169$$
$$IA^2 = 156$$
So, $IA = \sqrt{156} = 2\sqrt{39}$.

### 3. Relate $IA$ to the Angles of the Triangle
The distance from the incenter $I$ to vertex $A$ is given by the formula:
$$IA = \frac{r}{\sin(A/2)}$$
Substituting the values we found:
$$\sqrt{156} = \frac{6}{\sin(A/2)}$$
Squaring both sides:
$$156 = \frac{36}{\sin^2(A/2)}$$
$$\sin^2(A/2) = \frac{36}{156} = \frac{3}{13}$$
Using the half-angle identity $\cos A = 1 - 2\sin^2(A/2)$:
$$\cos A = 1 - 2\left(\frac{3}{13}\right) = 1 - \frac{6}{13} = \frac{7}{13}$$

### 4. Calculate $AB \cdot AC$
We need to find the product $c \cdot b$.
From the Law of Cosines on $\triangle ABC$:
$$a^2 = b^2 + c^2 - 2bc \cos A$$
Also, we know the area of the triangle $K$ can be expressed in two ways:
1. $K = rs$, where $s = \frac{a+b+c}{2}$ is the semi-perimeter.
2. $K = \frac{abc}{4R}$.

Equating these:
$$rs = \frac{abc}{4R} \implies bc = \frac{4Rrs}{a}$$
This introduces $a$, which might be complicated. Let's try another approach using the relation between $R, r, s, a, b, c$.

Recall the identity relating $OI^2$ to the sides:
$$OI^2 = R^2 - 2Rr$$
Wait, this is just Euler's theorem again. Let's look for a direct relation involving $b$ and $c$.

Consider the projection of $OI$ onto $AI$. Since $IA \perp OI$, the projection is just the length $IA$? No, that's not right.
Let's use the coordinate geometry or vector approach implicitly.
Actually, there is a known identity for the distance $IA$ in terms of $R, r$ and angle $A$:
$$IA^2 = R^2 - 2Rr \cos A$$
Let's verify this identity.
In $\triangle OAI$, by the Law of Cosines:
$$OI^2 = OA^2 + IA^2 - 2(OA)(IA) \cos(\angle OAI)$$
Since $\angle OAI = 90^\circ$, $\cos(90^\circ) = 0$, so $OI^2 = OA^2 + IA^2$. This matches our earlier derivation ($13 = 169 + IA^2$? No, $OI^2 = 13$, $OA^2=169$, so $13 = 169 + IA^2$ is impossible).

**Correction on Step 2**:
The condition is $\overline{IA} \perp \overline{OI}$.
This means the angle at $A$ in $\triangle OAI$ is $90^\circ$?
The vertices are $O, A, I$. The segments are $IA$ and $OI$. They meet at $I$? No.
The segment $IA$ connects $I$ and $A$. The segment $OI$ connects $O$ and $I$.
They intersect at point $I$.
Therefore, the angle between them is $\angle AIO$.
So, $\angle AIO = 90^\circ$.

Let's re-evaluate the triangle $\triangle AIO$.
The vertices are $A, I, O$.
The angle at $I$ is $90^\circ$.
Therefore, by the Pythagorean theorem:
$$AO^2 = AI^2 + IO^2$$
We know:
- $AO = R = 13$
- $IO^2 = R(R-2r) = 13(13-12) = 13$

Substituting these values:
$$13^2 = AI^2 + 13$$
$$169 = AI^2 + 13$$
$$AI^2 = 156$$
This confirms the value of $AI^2$ calculated previously, but the geometric configuration was different (angle at $I$ vs angle at $A$).
Previously I assumed $\angle OAI = 90^\circ$ (angle at $A$), which led to $OI^2 + IA^2 = OA^2$.
If $\angle AIO = 90^\circ$, then $OA^2 = AI^2 + IO^2$.
Let's check the wording: ""$\overline{IA} \perp \overline{OI}$"".
The lines containing segments $IA$ and $OI$ are perpendicular. They intersect at $I$.
So the angle $\angle AIO = 90^\circ$.
My first calculation in Step 2 assumed the angle was at $A$ ($\angle OAI = 90^\circ$), which would mean $OI^2 + IA^2 = OA^2 \implies 13 + IA^2 = 169 \implies IA^2 = 156$.
My second check just now assumed the angle is at $I$ ($\angle AIO = 90^\circ$), which gives $OA^2 = AI^2 + IO^2 \implies 169 = AI^2 + 13 \implies AI^2 = 156$.
**Result**: In both interpretations, $AI^2 = 156$.
Why?
Case 1: Angle at $A$ is $90^\circ$. $OI^2 + AI^2 = OA^2 \implies 13 + AI^2 = 169 \implies AI^2 = 156$.
Case 2: Angle at $I$ is $90^\circ$. $OA^2 = AI^2 + OI^2 \implies 169 = AI^2 + 13 \implies AI^2 = 156$.
Wait, if the angle is at $I$, then $OA$ is the hypotenuse. $OA^2 = AI^2 + OI^2$.
$169 = AI^2 + 13 \implies AI^2 = 156$.
If the angle is at $A$, then $OI$ is the hypotenuse? No, $OA$ is the side opposite $I$.
Triangle sides are $OA, AI, IO$.
If $\angle OAI = 90^\circ$, then $OI$ is the hypotenuse. $OI^2 = OA^2 + AI^2$.
$13 = 169 + AI^2$. This is impossible since $AI^2$ must be positive.
So the angle **cannot** be at $A$.
The segments $IA$ and $OI$ intersect at $I$. The angle between them is $\angle AIO$.
So $\angle AIO = 90^\circ$.
Thus, $OA$ is the hypotenuse.
$OA^2 = AI^2 + OI^2$.
$13^2 = AI^2 + 13$.
$169 = AI^2 + 13$.
$AI^2 = 156$.
Okay, the calculation holds. $AI = \sqrt{156}$.

Now, use the formula for $AI$:
$$AI = \frac{r}{\sin(A/2)}$$
$$AI^2 = \frac{r^2}{\sin^2(A/2)}$$
$$156 = \frac{36}{\sin^2(A/2)}$$
$$\sin^2(A/2) = \frac{36}{156} = \frac{3}{13}$$
Then $\cos A = 1 - 2\sin^2(A/2) = 1 - \frac{6}{13} = \frac{7}{13}$.

Now we need $bc$.
We use the relation:
$$OI^2 = R^2 - 2Rr \cos A$$
Is this a valid identity?
Let's derive or verify it.
In $\triangle OAI$, by Law of Cosines on angle $A$? No, we don't know angle $OAI$.
However, there is a known identity for the distance $OI$:
$$OI^2 = R(R-2r)$$
This is always true. It does not depend on $A$.
But we also have the relation involving the angle $A$:
Consider the projection of $O$ and $I$ on the angle bisector?
Actually, there is a specific identity:
$$AI^2 = R^2 - 2Rr \cos A$$
Let's check if this is true.
We know $AI = \frac{r}{\sin(A/2)}$.
$AI^2 = \frac{r^2}{\sin^2(A/2)} = \frac{r^2}{(1-\cos A)/2} = \frac{2r^2}{1-\cos A}$.
Does $R^2 - 2Rr \cos A$ equal this?
Let's test with an equilateral triangle. $A=60^\circ, R=2r$.
$AI = r / \sin(30) = 2r$.
Formula: $R^2 - 2Rr \cos(60) = (2r)^2 - 2(2r)r(0.5) = 4r^2 - 2r^2 = 2r^2$.
But $AI^2 = (2r)^2 = 4r^2$.
So $R^2 - 2Rr \cos A \neq AI^2$.
The identity $OI^2 = R^2 - 2Rr \cos A$ is **false**.

Let's re-evaluate the relationship between $AI, R, r, A$.
We have $AI = \frac{r}{\sin(A/2)}$.
We found $\cos A = 7/13$.
We need $bc$.
We know $a = 2R \sin A$.
We know $K = rs = \frac{abc}{4R}$.
So $bc = \frac{4Rrs}{a} = \frac{4Rrs}{2R \sin A} = \frac{2rs}{\sin A}$.
We need $s$ and $\sin A$.
We know $\cos A = 7/13$.
$\sin^2 A = 1 - (7/13)^2 = 1 - 49/169 = 120/169$.
$\sin A = \frac{\sqrt{120}}{13} = \frac{2\sqrt{30}}{13}$.
Also $\sin(A/2) = \sqrt{\frac{3}{13}}$.
$\cos(A/2) = \sqrt{1 - 3/13} = \sqrt{10/13}$.

We need $s$.
We know $r = 4R \sin(A/2) \sin(B/2) \sin(C/2)$.
This seems complicated because we don't know $B$ and $C$.
Is there a constraint that fixes $b$ and $c$ uniquely?
The problem asks for $AB \cdot AC = bc$. This suggests the value is unique regardless of $B$ and $C$, or $B$ and $C$ are determined.
Wait, if $A$ is fixed, $a$ is fixed ($a = 2R \sin A$).
$r$ is fixed.
$s = K/r = (abc/4R)/r = (a bc / 4R) / r$.
$s = \frac{a bc}{4Rr}$.
Also $s = \frac{a+b+c}{2}$.
So $\frac{a+b+c}{2} = \frac{a bc}{4Rr}$.
$b+c = \frac{a bc}{2Rr} - a = a \left( \frac{bc}{2Rr} - 1 \right)$.
We also have $a^2 = b^2 + c^2 - 2bc \cos A = (b+c)^2 - 2bc - 2bc \cos A = (b+c)^2 - 2bc(1+\cos A)$.
Let $x = bc$.
$b+c = \sqrt{a^2 + 2x(1+\cos A)}$.
Substitute into the $s$ equation:
$\sqrt{a^2 + 2x(1+\cos A)} = a \left( \frac{x}{2Rr} - 1 \right)$.
Square both sides:
$a^2 + 2x(1+\cos A) = a^2 \left( \frac{x}{2Rr} - 1 \right)^2$.
This is a quadratic equation in $x$.
Let's plug in the numbers.
$R = 13, r = 6, \cos A = 7/13$.
$a = 2R \sin A = 2(13) \frac{2\sqrt{30}}{13} = 4\sqrt{30}$.
$a^2 = 16 \cdot 30 = 480$.
$1 + \cos A = 1 + 7/13 = 20/13$.
$2Rr = 2 \cdot 13 \cdot 6 = 156$.
Equation:
$480 + 2x(20/13) = 480 \left( \frac{x}{156} - 1 \right)^2$.
$480 + \frac{40x}{13} = 480 \left( \frac{x^2}{156^2} - \frac{2x}{156} + 1 \right)$.
Divide by 480:
$1 + \frac{40x}{13 \cdot 480} = \frac{x^2}{156^2} - \frac{2x}{156} + 1$.
Subtract 1 from both sides:
$\frac{40x}{6240} = \frac{x^2}{24336} - \frac{x}{78}$.
Simplify fractions:
$40/6240 = 1/156$.
So:
$\frac{x}{156} = \frac{x^2}{156^2} - \frac{x}{78}$.
Multiply by $156^2$:
$156x = x^2 - 156x$.
$x^2 - 312x = 0$.
$x(x - 312) = 0$.
Since $x = bc$ is a product of side lengths, $x \neq 0$.
So $x = 312$.

Let's double check the logic.
1. Condition $IA \perp OI$ implies $\angle AIO = 90^\circ$.
2. This led to $AI^2 = R^2 - OI^2 = R^2 - R(R-2r) = 2Rr$.
   Wait, $OI^2 = R(R-2r)$.
   $AI^2 = R^2 - R(R-2r) = R^2 - R^2 + 2Rr = 2Rr$.
   Let's check this.
   $R=13, r=6 \implies 2Rr = 156$.
   My previous calculation: $AI^2 = 156$.
   Yes, $AI^2 = 2Rr$.
   This is a very nice simplification.
   So $AI = \sqrt{2Rr}$.
   
3. From $AI = \frac{r}{\sin(A/2)}$, we get $\sin^2(A/2) = \frac{r^2}{AI^2} = \frac{r^2}{2Rr} = \frac{r}{2R}$.
   $\cos A = 1 - 2\sin^2(A/2) = 1 - \frac{r}{R}$.
   Let's verify with numbers: $1 - 6/13 = 7/13$. Matches.
   
4. We derived the equation for $x = bc$:
   $x = 2Rr \frac{1}{1 - \cos A}$? No, let's re-solve the quadratic generally.
   Equation: $a^2 + 2x(1+\cos A) = a^2 (\frac{x}{2Rr} - 1)^2$.
   Substitute $a = 2R \sin A$.
   $4R^2 \sin^2 A + 2x(1+\cos A) = 4R^2 \sin^2 A (\frac{x}{2Rr} - 1)^2$.
   Divide by $2(1+\cos A)$:
   $2R^2 \frac{\sin^2 A}{1+\cos A} + x = 2R^2 \sin^2 A \frac{(\frac{x}{2Rr} - 1)^2}{1+\cos A}$.
   Note $\frac{\sin^2 A}{1+\cos A} = \frac{1-\cos^2 A}{1+\cos A} = 1-\cos A$.
   So:
   $2R^2 (1-\cos A) + x = \frac{2R^2 \sin^2 A}{1+\cos A} (\frac{x}{2Rr} - 1)^2$.
   $2R^2 (1-\cos A) + x = 2R^2 (1-\cos A) (\frac{x}{2Rr} - 1)^2$.
   Let $K = 2R^2 (1-\cos A)$.
   $K + x = K (\frac{x}{2Rr} - 1)^2$.
   $x = K [ (\frac{x}{2Rr} - 1)^2 - 1 ]$.
   $x = K [ \frac{x^2}{(2Rr)^2} - \frac{2x}{2Rr} + 1 - 1 ]$.
   $x = K [ \frac{x^2}{(2Rr)^2} - \frac{x}{Rr} ]$.
   Since $x \neq 0$, divide by $x$:
   $1 = K [ \frac{x}{(2Rr)^2} - \frac{1}{Rr} ]$.
   $1 = 2R^2 (1-\cos A) [ \frac{x}{4R^2 r^2} - \frac{1}{Rr} ]$.
   $1 = (1-\cos A) [ \frac{x}{2r^2} - \frac{2R}{r} ]$.
   Substitute $1-\cos A = 1 - (1 - r/R) = r/R$.
   $1 = \frac{r}{R} [ \frac{x}{2r^2} - \frac{2R}{r} ]$.
   $1 = \frac{x}{2Rr} - 2$.
   $3 = \frac{x}{2Rr}$.
   $x = 6Rr$.
   
   Let's check with the numbers.
   $x = 6 \cdot 13 \cdot 6 = 36 \cdot 13 = 468$.
   Wait, my previous numerical calculation gave 312. Where is the discrepancy?
   
   Let's re-calculate the numerical substitution carefully.
   Equation: $480 + \frac{40x}{13} = 480 (\frac{x}{156} - 1)^2$.
   Divide by 480:
   $1 + \frac{40x}{13 \cdot 480} = (\frac{x}{156} - 1)^2$.
   $13 \cdot 480 = 6240$.
   $40/6240 = 1/156$.
   $1 + \frac{x}{156} = (\frac{x}{156} - 1)^2$.
   Let $u = x/156$.
   $1 + u = (u-1)^2 = u^2 - 2u + 1$.
   $u = u^2 - 2u$.
   $u^2 - 3u = 0$.
   $u(u-3) = 0$.
   $u = 3$ (since $u \neq 0$).
   $x/156 = 3 \implies x = 468$.
   
   Okay, my manual arithmetic in the first pass was wrong.
   First pass: ""$\frac{40x}{6240} = \frac{x^2}{156^2} - \frac{x}{78}$"".
   I subtracted 1 from both sides incorrectly?
   Original: $1 + u = (u-1)^2$.
   Subtract 1: $u = (u-1)^2 - 1 = u^2 - 2u$.
   $u^2 - 3u = 0$.
   Yes, $u=3$.
   In the first pass, I wrote: ""$\frac{40x}{6240} = \frac{x^2}{156^2} - \frac{x}{78}$"".
   This corresponds to $u = u^2 - 2u$.
   Then I said ""$\frac{x}{156} = \frac{x^2}{156^2} - \frac{x}{78}$"".
   Then I multiplied by $156^2$: $156x = x^2 - 156x$.
   $x^2 - 312x = 0 \implies x = 312$.
   Why did $2u$ become $x/78$?
   $2u = 2(x/156) = x/78$. Correct.
   So $u = u^2 - 2u \implies 3u = u^2 \implies u=3$.
   $x/156 = 3 \implies x = 468$.
   Where did I make the mistake in the algebraic manipulation?
   $156x = x^2 - 156x \implies x^2 - 312x = 0$.
   Wait. $u = u^2 - 2u \implies 3u = u^2$.
   $u = x/156$.
   $3(x/156) = (x/156)^2$.
   $3x/156 = x^2/156^2$.
   Multiply by $156^2$: $3x \cdot 156 = x^2$.
   $468x = x^2 \implies x = 468$.
   
   Ah, in the line ""$156x = x^2 - 156x$"", I implicitly assumed $u = u^2 - u$?
   No, $u = u^2 - 2u$.
   $156x = x^2 - 2(156x)$? No.
   $u = x/156$.
   $u^2 = x^2/156^2$.
   $2u = 2x/156 = x/78$.
   Equation: $u = u^2 - 2u \implies 3u = u^2$.
   $3(x/156) = x^2/156^2$.
   $3 \cdot 156 = x$.
   $x = 468$.
   
   My error in the first pass was writing $156x = x^2 - 156x$.
   This implies $u = u^2 - u$.
   But the equation is $u = u^2 - 2u$.
   So $156x = x^2 - 2(156x)$ is wrong.
   Correct: $3 \cdot 156 x = x^2$? No.
   $3u =",\boxed{468},0,0.0
"Let $\omega = \cos\frac{2\pi}{7} + i \cdot \sin\frac{2\pi}{7},$ where $i = \sqrt{-1}.$ Find the value of the product\[\prod_{k=0}^6 \left(\omega^{3k} + \omega^k + 1\right).\]","To find the value of the product
\[ P = \prod_{k=0}^6 \left(\omega^{3k} + \omega^k + 1\right), \]
where $\omega = \cos\frac{2\pi}{7} + i \sin\frac{2\pi}{7}$ is a primitive 7th root of unity.

### Step 1: Analyze the terms in the product

Let $x_k = \omega^k$. Since $\omega$ is a primitive 7th root of unity, the set $\{x_0, x_1, \dots, x_6\}$ is exactly the set of all 7th roots of unity. Note that $x_0 = \omega^0 = 1$.
The term inside the product is $x_k^3 + x_k + 1$.
So, the product can be rewritten as:
\[ P = \prod_{k=0}^6 (x_k^3 + x_k + 1). \]

### Step 2: Relate the product to a polynomial

Consider the polynomial $Q(z) = z^7 - 1$. The roots of $Q(z)$ are exactly $x_0, x_1, \dots, x_6$.
We can factor $Q(z)$ as:
\[ z^7 - 1 = \prod_{k=0}^6 (z - x_k). \]
We want to evaluate the product $\prod_{k=0}^6 (x_k^3 + x_k + 1)$.
Notice that the expression $x_k^3 + x_k + 1$ looks like the value of a polynomial evaluated at $x_k$, but the variable is in the denominator if we rearrange it. Let's try to express the product in terms of the roots of another polynomial.

Let $y = x^3 + x + 1$. We are looking for $\prod_{k=0}^6 y_k$ where $y_k = x_k^3 + x_k + 1$.
Alternatively, consider the polynomial $R(z) = z^3 + z + 1$. We are computing $\prod_{k=0}^6 R(x_k)$.
There is a known identity for the product of a polynomial evaluated at the roots of unity.
Let $f(z) = z^3 + z + 1$. We want to compute $\prod_{k=0}^6 f(x_k)$.
Since $x_k$ are the roots of $z^7 - 1 = 0$, we have:
\[ \prod_{k=0}^6 f(x_k) = \prod_{k=0}^6 \prod_{j=0}^6 (x_k - \alpha_j) \]
where $\alpha_j$ are the roots of $f(z) = 0$? No, that's not quite right.
Let's use the property:
\[ \prod_{k=0}^{n-1} f(\omega^k) = \prod_{k=0}^{n-1} \prod_{j} (\omega^k - \alpha_j) \]
where $\alpha_j$ are the roots of $f(z)$.
Actually, a more direct approach uses the resultant or simply the factorization of $z^n - 1$.
Recall that for any polynomial $f(z)$,
\[ \prod_{k=0}^{n-1} f(\omega^k) = (-1)^{n \cdot \deg(f)} \prod_{j} (\omega^0 \cdot \dots) \]
Let's derive it specifically for $n=7$ and $f(z) = z^3 + z + 1$.
Let the roots of $f(z) = z^3 + z + 1 = 0$ be $\alpha_1, \alpha_2, \alpha_3$.
Then $f(z) = (z-\alpha_1)(z-\alpha_2)(z-\alpha_3)$.
Substituting $z = x_k$:
\[ f(x_k) = (x_k-\alpha_1)(x_k-\alpha_2)(x_k-\alpha_3). \]
The product over all $k$ is:
\[ P = \prod_{k=0}^6 \left[ (x_k-\alpha_1)(x_k-\alpha_2)(x_k-\alpha_3) \right] = \left( \prod_{k=0}^6 (x_k-\alpha_1) \right) \left( \prod_{k=0}^6 (x_k-\alpha_2) \right) \left( \prod_{k=0}^6 (x_k-\alpha_3) \right). \]
We know that $z^7 - 1 = \prod_{k=0}^6 (z - x_k)$.
Therefore, $\prod_{k=0}^6 (x_k - \alpha) = (-1)^7 \prod_{k=0}^6 (\alpha - x_k) = - (\alpha^7 - 1)$.
So, for each root $\alpha_j$ of $f(z)$:
\[ \prod_{k=0}^6 (x_k - \alpha_j) = -(\alpha_j^7 - 1) = 1 - \alpha_j^7. \]
Thus, the total product is:
\[ P = (1 - \alpha_1^7)(1 - \alpha_2^7)(1 - \alpha_3^7). \]

### Step 3: Construct a polynomial whose roots are $1 - \alpha_j^7$

Let $u = 1 - \alpha^7$. Then $\alpha^7 = 1 - u$.
Since $\alpha$ is a root of $z^3 + z + 1 = 0$, we have $\alpha^3 = -\alpha - 1$.
We need to find the polynomial satisfied by $u$.
Let's compute powers of $\alpha$ modulo $z^3+z+1$.
$\alpha^3 = -\alpha - 1$
$\alpha^4 = -\alpha^2 - \alpha$
$\alpha^5 = -\alpha^3 - \alpha^2 = -(-\alpha-1) - \alpha^2 = \alpha + 1 - \alpha^2$
$\alpha^6 = \alpha^2 + \alpha - \alpha^3 = \alpha^2 + \alpha - (-\alpha-1) = \alpha^2 + 2\alpha + 1$
$\alpha^7 = \alpha^3 + 2\alpha^2 + \alpha = (-\alpha-1) + 2\alpha^2 + \alpha = 2\alpha^2 - 1$.

So, $\alpha^7 = 2\alpha^2 - 1$.
Substitute this into the expression for $u$:
$u = 1 - (2\alpha^2 - 1) = 2 - 2\alpha^2 = 2(1 - \alpha^2)$.
Thus, $\alpha^2 = 1 - \frac{u}{2}$.
Since $\alpha$ is a root of $z^3 + z + 1 = 0$, $\alpha$ satisfies this equation.
We can express the condition in terms of $u$.
From $\alpha^2 = 1 - u/2$, we have $\alpha = \pm \sqrt{1 - u/2}$. This introduces square roots, which might be messy.
Instead, let's eliminate $\alpha$ from the system:
1) $\alpha^3 + \alpha + 1 = 0$
2) $\alpha^2 = 1 - \frac{u}{2}$

From (2), $\alpha^4 = (1 - u/2)^2$.
Also $\alpha^4 = \alpha \cdot \alpha^3 = \alpha(-\alpha-1) = -\alpha^2 - \alpha$.
So, $(1 - u/2)^2 = -(1 - u/2) - \alpha$.
$\alpha = -(1 - u/2)^2 - (1 - u/2) = -(1 - u + u^2/4) - 1 + u/2 = -1 + u - u^2/4 - 1 + u/2 = -2 + \frac{3u}{2} - \frac{u^2}{4}$.
Now substitute this expression for $\alpha$ back into $\alpha^2 = 1 - u/2$:
$\left( -2 + \frac{3u}{2} - \frac{u^2}{4} \right)^2 = 1 - \frac{u}{2}$.
Let's simplify the term inside the square:
$-2 + \frac{3u}{2} - \frac{u^2}{4} = \frac{-8 + 6u - u^2}{4}$.
So, $\frac{(-8 + 6u - u^2)^2}{16} = 1 - \frac{u}{2} = \frac{2-u}{2}$.
$(-8 + 6u - u^2)^2 = 8(2-u)$.
Let's expand the left side:
Let $A = -u^2 + 6u - 8$.
$A^2 = (-u^2 + 6u - 8)^2 = (u^2 - 6u + 8)^2$.
$(u^2 - 6u + 8)^2 = (u^2)^2 + (-6u)^2 + 8^2 + 2(u^2)(-6u) + 2(u^2)(8) + 2(-6u)(8)$
$= u^4 + 36u^2 + 64 - 12u^3 + 16u^2 - 96u$
$= u^4 - 12u^3 + 52u^2 - 96u + 64$.
The right side is $16 - 8u$.
So the equation is:
$u^4 - 12u^3 + 52u^2 - 96u + 64 = 16 - 8u$.
$u^4 - 12u^3 + 52u^2 - 88u + 48 = 0$.
The roots of this polynomial are $u_1, u_2, u_3$, which correspond to $1 - \alpha_1^7, 1 - \alpha_2^7, 1 - \alpha_3^7$.
We need the product $P = u_1 u_2 u_3$.
For a monic polynomial $u^4 + a u^3 + b u^2 + c u + d = 0$, the product of the roots is $d$ (if degree is even) or $-d$ (if degree is odd).
Here the degree is 4. The roots are $u_1, u_2, u_3$ and a fourth root $u_4$.
Wait, the original equation for $\alpha$ was cubic, so there are 3 roots $\alpha_1, \alpha_2, \alpha_3$.
Our derivation led to a quartic equation for $u$. Why?
Because the map $\alpha \to \alpha^2$ is 2-to-1 generally, but here we squared $\alpha$ to get $1-u/2$.
Let's re-evaluate the mapping.
We had $\alpha^2 = 1 - u/2$.
The equation derived was $(\alpha^2)^2 - (1-u/2) = 0$? No.
We substituted $\alpha = \dots$ into $\alpha^2 = \dots$.
The equation $(-2 + \frac{3u}{2} - \frac{u^2}{4})^2 = 1 - \frac{u}{2}$ ensures that if $u$ is a solution, then $\alpha = -2 + \frac{3u}{2} - \frac{u^2}{4}$ satisfies $\alpha^2 = 1-u/2$.
However, we also need $\alpha$ to satisfy $\alpha^3+\alpha+1=0$.
We used $\alpha^4 = -\alpha^2-\alpha$ to find $\alpha$ in terms of $u$.
Is it possible that the quartic has extraneous roots?
The roots of the quartic are values of $u$ such that there exists an $\alpha$ with $\alpha^2 = 1-u/2$ and $\alpha^4 = -\alpha^2-\alpha$.
This implies $\alpha$ is a root of $z^2 - (1-u/2) = 0$ and $z^4 + z^2 + z = 0$? No.
Let's check the logic again.
We want the set of values $\{1-\alpha^7 \mid \alpha^3+\alpha+1=0\}$.
We found $\alpha^7 = 2\alpha^2 - 1$.
So $u = 1 - (2\alpha^2 - 1) = 2 - 2\alpha^2$.
Thus $\alpha^2 = 1 - u/2$.
Since $\alpha$ is a root of $z^3+z+1=0$, $\alpha$ must satisfy this.
Also $\alpha^2 = 1-u/2$ implies $\alpha = \pm \sqrt{1-u/2}$.
Substitute $\alpha^2 = 1-u/2$ into $\alpha^3+\alpha+1=0$:
$\alpha(\alpha^2) + \alpha + 1 = 0 \implies \alpha(1-u/2) + \alpha + 1 = 0$.
$\alpha(1 - u/2 + 1) + 1 = 0 \implies \alpha(2 - u/2) = -1$.
$\alpha = \frac{-1}{2 - u/2} = \frac{-2}{4-u} = \frac{2}{u-4}$.
Now square this expression and equate to $1-u/2$:
$\left( \frac{2}{u-4} \right)^2 = 1 - \frac{u}{2}$.
$\frac{4}{(u-4)^2} = \frac{2-u}{2}$.
$8 = (2-u)(u-4)^2$.
$8 = (2-u)(u^2 - 8u + 16)$.
$8 = 2u^2 - 16u + 32 - u^3 + 8u^2 - 16u$.
$8 = -u^3 + 10u^2 - 32u + 32$.
$u^3 - 10u^2 + 32u - 24 = 0$.
This is a cubic equation, which matches the number of roots $\alpha_1, \alpha_2, \alpha_3$.
The roots of this cubic are exactly $u_1, u_2, u_3$.
We need the product $P = u_1 u_2 u_3$.
For a cubic equation $u^3 + a u^2 + b u + c = 0$, the product of the roots is $-c$.
Here, the constant term is $-24$.
So, $P = -(-24) = 24$.

### Step 4: Verification

Let's double check the calculation.
Equation: $u^3 - 10u^2 + 32u - 24 = 0$.
Product of roots $u_1 u_2 u_3 = -(-24) = 24$.

Let's re-verify the step $\alpha = \frac{2}{u-4}$.
We had $\alpha(2 - u/2) = -1$.
$2 - u/2 = \frac{4-u}{2}$.
$\alpha \frac{4-u}{2} = -1 \implies \alpha = \frac{-2}{4-u} = \frac{2}{u-4}$. Correct.
Then $\alpha^2 = \frac{4}{(u-4)^2}$.
We also have $\alpha^2 = 1 - u/2 = \frac{2-u}{2}$.
Equating them: $\frac{4}{(u-4)^2} = \frac{2-u}{2}$.
$8 = (2-u)(u-4)^2$.
Expansion:
$(u-4)^2 = u^2 - 8u + 16$.
$(2-u)(u^2 - 8u + 16) = 2(u^2 - 8u + 16) - u(u^2 - 8u + 16)$
$= 2u^2 - 16u + 32 - u^3 + 8u^2 - 16u$
$= -u^3 + 10u^2 - 32u + 32$.
Set equal to 8:
$-u^3 + 10u^2 - 32u + 32 = 8$.
$-u^3 + 10u^2 - 32u + 24 = 0$.
Multiply by -1:
$u^3 - 10u^2 + 32u - 24 = 0$.
The product of the roots is indeed $-(-24) = 24$.

### Alternative Check using Resultant
The product is $\prod_{k=0}^6 (\omega^{3k} + \omega^k + 1)$.
Let $f(x) = x^3 + x + 1$. We want $\prod_{k=0}^6 f(\omega^k)$.
This is equal to the resultant of $x^7-1$ and $f(x)$, up to a sign?
Resultant $Res(x^7-1, x^3+x+1) = \prod_{k=0}^6 f(\omega^k)$.
The resultant of two polynomials $A(x)$ and $B(x)$ is $\prod_{A(\alpha)=0} B(\alpha)$.
Here $A(x) = x^7 - 1$, roots are $\omega^k$. $B(x) = x^3 + x + 1$.
So $P = Res(x^7-1, x^3+x+1)$.
The formula for resultant of $x^n - 1$ and $g(x)$ is $\prod_{g(\beta)=0} (\beta^n - 1)$.
Let roots of $x^3+x+1$ be $\alpha_1, \alpha_2, \alpha_3$.
Then $P = \prod_{j=1}^3 (\alpha_j^7 - 1)$.
Note the sign difference from my previous derivation.
Previously I had $P = \prod (1-\alpha_j^7)$.
$\prod (1-\alpha_j^7) = (-1)^3 \prod (\alpha_j^7 - 1) = - \prod (\alpha_j^7 - 1)$.
Wait, let's re-evaluate the sign in the first method.
$P = \prod_{k=0}^6 (x_k^3+x_k+1) = \prod_{k=0}^6 \prod_{j=1}^3 (x_k-\alpha_j) = \prod_{j=1}^3 \prod_{k=0}^6 (x_k-\alpha_j)$.
We know $x^7-1 = \prod_{k=0}^6 (x-x_k)$.
So $\prod_{k=0}^6 (x_k-\alpha_j) = (-1)^7 \prod_{k=0}^6 (\alpha_j-x_k) = - (\alpha_j^7 - 1) = 1 - \alpha_j^7$.
So $P = \prod_{j=1}^3 (1-\alpha_j^7)$.
In the resultant definition: $Res(A, B) = a_n^m \prod_{i=1}^n B(\alpha_i) = 1^3 \prod_{i=1}^3 (\alpha_i^7-1)$.
So $Res = \prod (\alpha_i^7-1)$.
And $P = \prod (1-\alpha_i^7) = (-1)^3 \prod (\alpha_i^7-1) = - Res$.
So $P = - Res(x^7-1, x^3+x+1)$.
Let's calculate $Res(x^7-1, x^3+x+1)$.
Using the property $Res(x^n-1, g(x)) = \prod_{g(\alpha)=0} (\alpha^n-1)$.
We need to compute $\prod_{j=1}^3 (\alpha_j^7 - 1)$.
From earlier, $\alpha^7 = 2\alpha^2 - 1$.
So $\alpha^7 - 1 = 2\alpha^2 - 2 = 2(\alpha^2 - 1)$.
Then $P = - \prod_{j=1}^3 2(\alpha_j^2 - 1) = - 8 \prod_{j=1}^3 (\alpha_j^2 - 1)$.
Let's find the polynomial whose roots are $\beta_j = \alpha_j^2$.
If $\alpha$ is a root of $x^3+x+1=0$, then $\alpha^3 = -\alpha-1$.
$\alpha^6 = (\alpha^3)^2 = (-\alpha-1)^2 = \alpha^2+2\alpha+1$.
$\alpha^7 = \alpha^3+2\alpha^2+\alpha = -\alpha-1+2\alpha^2+\alpha = 2\alpha^2-1$.
We need the product $\prod (\alpha_j^2 - 1)$.
Let $y = x^2$. We want the product of $(y_j - 1)$ where $y_j$ are roots of the polynomial satisfied by $x^2$.
Let $x^3+x+1=0$.
$x^3 = -x-1$.
$x^6 = x^2+2x+1$.
$x^9 = x^3+2x^2+x = -x-1+2x^2+x = 2x^2-1$.
Also $x^9 = (x^3)^3 = (-x-1)^3 = -(x+1)^3 = -(x^3+3x^2+3x+1) = -(-x-1+3x^2+3x+1) = -3x^2-2x$.
So $2x^2-1 = -3x^2-2x \implies 5x^2+2x-1=0$.
This suggests that the roots of $x^3+x+1$ satisfy a quadratic? No, that's impossible unless the cubic factors.
Ah, $x^9$ calculation check.
$x^3 = -x-1$.
$x^6 = (-x-1)^2 = x^2+2x+1$.
$x^9 = x^6 \cdot x^3 = (x^2+2x+1)(-x-1) = -x^3 - x^2 - 2x^2 - 2x - x - 1 = -x^3 - 3x^2 - 3x - 1$.
Substitute $x^3 = -x-1$:
$x^9 = -(-x-1) - 3x^2 - 3x - 1 = x+1 - 3x^2 - 3x - 1 = -3x^2 - 2x$.
Correct.
And $x^9 = (x^3)^3 = (-x-1)^3 = -(x+1)^3 = -(x^3+3x^2+3x+1) = -(-x-1+3x^2+3x+1) = -3x^2-2x$.
Consistent.
So $x^9 = -3x^2-2x$.
This doesn't give a polynomial for $x^2$ directly by equating powers, it just confirms consistency.
Let's go back to finding the polynomial for $y=x^2$.
$x^3+x+1=0 \implies x(x^2+1) = -1 \implies x = \frac{-1}{x^2+1} = \frac{-1}{y+1}$.
Substitute into $x^3+x+1=0$:
$(\frac{-1}{y+1})^3 + \frac{-1}{y+1} + 1 = 0$.
$\frac{-1}{(y+1)^3} - \frac{1}{y+1} + 1 = 0$.
Multiply by $(y+1)^3$:
$-1 - (y+1)^2 + (y+1)^3 = 0$.
$(y+1)^3 - (y+1)^2 - 1 = 0$.
Let $z = y+1$. $z^3 - z^2 - 1 = 0$.
The roots of this equation are $z_j = y_j + 1 = \alpha_j^2 + 1$.
We need $\prod (\alpha_j^2 - 1) = \prod (y_j - 1) = \prod (z_j - 2)$.
The polynomial for $z$ is $z^3 - z^2 - 1 = 0$.
Let the roots be $z_1, z_2, z_3$.
We want $\prod (z_j - 2)$.
This is equal to $(-1)^3 \prod (2 - z_j) = - P_{poly}(2)$, where $P_{poly}(z) = z^3 - z^2 - 1$.
$P_{poly}(2) = 2^3 - 2^2 - 1 = 8 - 4 - 1 = 3$.
So $\prod (z_j - 2) = -3$.
Thus $\prod (\alpha_j^2 - 1) = -3$.
Now substitute back into the expression for $P$:
$P = - 8 \prod (\alpha_j^2 - 1) = -8 (-3) = 24$.

Both methods yield 24.

### Conclusion
The value of the product is 24.

**Answer:** 24",\boxed{024},1,0.0
"Let $A$, $B$, $C$, and $D$ be point on the hyperbola $\frac{x^2}{20}- \frac{y^2}{24} = 1$ such that $ABCD$ is a rhombus whose diagonals intersect at the origin. Find the greatest real number that is less than $BD^2$ for all such rhombi.","To find the greatest real number that is less than $BD^2$ for all such rhombi, we proceed with the following steps:

### 1. Analyze the Geometry and Equations

The given hyperbola is:
$$ \frac{x^2}{20} - \frac{y^2}{24} = 1 $$
Let $a^2 = 20$ and $b^2 = 24$. The equation can be written as:
$$ 24x^2 - 20y^2 = 480 \implies 6x^2 - 5y^2 = 120 $$

The points $A, B, C, D$ form a rhombus $ABCD$ whose diagonals intersect at the origin $O(0,0)$.
Properties of a rhombus centered at the origin:
1.  The diagonals bisect each other at the origin. Thus, if $A$ and $C$ are opposite vertices, then $C = -A$. Similarly, $D = -B$.
2.  The diagonals are perpendicular. Let the line containing diagonal $AC$ have slope $m$, and the line containing diagonal $BD$ have slope $-1/m$ (since they are perpendicular).
3.  The vertices lie on the hyperbola.

Let the coordinates of vertex $A$ be $(x_1, y_1)$. Since $A$ is on the hyperbola, $6x_1^2 - 5y_1^2 = 120$.
Since the diagonals are perpendicular and centered at the origin, let the line $AC$ make an angle $\theta$ with the x-axis. Then the line $BD$ makes an angle $\theta + \frac{\pi}{2}$.

However, a more direct approach using the slopes of the diagonals is often simpler.
Let the line containing diagonal $AC$ be $y = mx$.
Let the line containing diagonal $BD$ be $y = -\frac{1}{m}x$ (assuming $m \neq 0$ and $m$ is finite).
Note: If one diagonal is vertical ($x=0$), the other is horizontal ($y=0$). We will check this case separately.

### 2. Determine the Coordinates of the Vertices

**Case 1: Diagonal $AC$ lies on $y = mx$.**
Substitute $y = mx$ into the hyperbola equation:
$$ 6x^2 - 5(mx)^2 = 120 $$
$$ x^2(6 - 5m^2) = 120 $$
$$ x^2 = \frac{120}{6 - 5m^2} $$
For real solutions, we must have $6 - 5m^2 > 0$, i.e., $m^2 < \frac{6}{5}$.
Let $x_A^2 = \frac{120}{6 - 5m^2}$. Then $y_A^2 = m^2 x_A^2 = \frac{120m^2}{6 - 5m^2}$.
The squared length of diagonal $AC$ is:
$$ AC^2 = x_A^2 + y_A^2 = x_A^2(1+m^2) = \frac{120(1+m^2)}{6 - 5m^2} $$

**Case 2: Diagonal $BD$ lies on $y = -\frac{1}{m}x$.**
Let $k = -\frac{1}{m}$. Then $k^2 = \frac{1}{m^2}$.
Substitute $y = kx$ into the hyperbola equation:
$$ x^2(6 - 5k^2) = 120 $$
$$ x^2 = \frac{120}{6 - 5k^2} $$
For real solutions, we must have $6 - 5k^2 > 0$, i.e., $k^2 < \frac{6}{5}$.
Substituting $k^2 = \frac{1}{m^2}$:
$$ \frac{1}{m^2} < \frac{6}{5} \implies m^2 > \frac{5}{6} $$
So, for a valid rhombus to exist with diagonals having slopes $m$ and $-1/m$, we must satisfy:
$$ \frac{5}{6} < m^2 < \frac{6}{5} $$
Let $u = m^2$. The condition is $\frac{5}{6} < u < \frac{6}{5}$.

The squared length of diagonal $BD$ is:
$$ BD^2 = x_B^2 + y_B^2 = x_B^2(1+k^2) = \frac{120(1+k^2)}{6 - 5k^2} $$
Substitute $k^2 = \frac{1}{u}$:
$$ BD^2(u) = \frac{120(1 + \frac{1}{u})}{6 - \frac{5}{u}} = \frac{120(\frac{u+1}{u})}{\frac{6u-5}{u}} = \frac{120(u+1)}{6u-5} $$

### 3. Analyze the Function for $BD^2$

We need to find the range of values for $BD^2$ as $u$ varies in the interval $(\frac{5}{6}, \frac{6}{5})$.
Let $f(u) = \frac{120(u+1)}{6u-5}$.
Let's analyze the monotonicity of $f(u)$.
Compute the derivative with respect to $u$:
$$ f'(u) = 120 \cdot \frac{1 \cdot (6u-5) - (u+1) \cdot 6}{(6u-5)^2} $$
$$ f'(u) = 120 \cdot \frac{6u - 5 - 6u - 6}{(6u-5)^2} $$
$$ f'(u) = 120 \cdot \frac{-11}{(6u-5)^2} = \frac{-1320}{(6u-5)^2} $$
Since $(6u-5)^2 > 0$ for all $u \neq 5/6$, the derivative $f'(u)$ is always negative.
Therefore, $f(u)$ is a strictly decreasing function on the interval $(\frac{5}{6}, \frac{6}{5})$.

### 4. Calculate the Limits

Since the function is strictly decreasing, the range of $BD^2$ is $( \lim_{u \to 6/5^-} f(u), \lim_{u \to 5/6^+} f(u) )$.

**Lower Limit:**
As $u \to \frac{6}{5}$ (from below):
$$ 6u - 5 \to 6(\frac{6}{5}) - 5 = \frac{36}{5} - \frac{25}{5} = \frac{11}{5} $$
$$ u + 1 \to \frac{6}{5} + 1 = \frac{11}{5} $$
$$ \lim_{u \to 6/5^-} f(u) = \frac{120 \cdot \frac{11}{5}}{\frac{11}{5}} = 120 $$
So, $BD^2 > 120$.

**Upper Limit:**
As $u \to \frac{5}{6}$ (from above):
$$ 6u - 5 \to 6(\frac{5}{6}) - 5 = 5 - 5 = 0^+ $$
$$ u + 1 \to \frac{5}{6} + 1 = \frac{11}{6} $$
$$ \lim_{u \to 5/6^+} f(u) = \frac{120 \cdot \frac{11}{6}}{0^+} = +\infty $$
So, $BD^2$ can be arbitrarily large.

Thus, the set of possible values for $BD^2$ is $(120, \infty)$.

### 5. Consider Special Cases

We assumed $m \neq 0$ and $m$ is finite. Let's check the cases where the diagonals are aligned with the axes.

**Case A: Diagonal $AC$ is on the x-axis ($y=0$).**
Then $A$ is a vertex of the hyperbola. $x^2/20 = 1 \implies x = \pm \sqrt{20}$.
$AC^2 = (2\sqrt{20})^2 = 80$.
The diagonal $BD$ must be on the y-axis ($x=0$).
Substitute $x=0$ into the hyperbola: $-y^2/24 = 1 \implies y^2 = -24$.
No real solutions. Thus, a rhombus cannot have its diagonals along the principal axes. This corresponds to $m=0$ or $m=\infty$, which are excluded by the condition $m^2 > 5/6$.

**Case B: Diagonal $AC$ is on the y-axis.**
Same issue, no intersection with the hyperbola.

**Case C: What if the ""rhombus"" degenerates or the order of points changes?**
The problem states $ABCD$ is a rhombus. The vertices must be distinct and lie on the hyperbola.
Our derivation $m^2 \in (5/6, 6/5)$ ensures that both lines $y=mx$ and $y=-x/m$ intersect the hyperbola at real points.
Specifically:
- If $m^2 < 6/5$, line $y=mx$ intersects.
- If $m^2 > 5/6$, then $1/m^2 < 6/5$, so line $y=-x/m$ intersects.
The intersection of these conditions gives the valid range for the slope squared.
Within this range, the length $BD^2$ takes all values in $(120, \infty)$.

### 6. Conclusion

The set of all possible values for $BD^2$ is the open interval $(120, \infty)$.
The question asks for the **greatest real number that is less than $BD^2$ for all such rhombi**.
Let $S$ be the set of values $\{ BD^2 \mid ABCD \text{ is such a rhombus} \}$.
$S = (120, \infty)$.
We are looking for $\sup \{ x \in \mathbb{R} \mid x < s, \forall s \in S \}$.
This is equivalent to finding the infimum of the set $S$.
$\inf(S) = 120$.
Since $120$ is not in $S$ (the interval is open), $120 < BD^2$ is true for all $BD^2 \in S$.
Any number greater than 120, say $120 + \epsilon$, would fail the condition ""less than $BD^2$ for **all** such rhombi"" because we can choose a rhombus with $BD^2$ close enough to 120 (specifically $120 < BD^2 < 120+\epsilon$) such that $120+\epsilon$ is not less than $BD^2$.
Therefore, the greatest such real number is 120.

**Answer:** 120

### Final Check
- Hyperbola: $x^2/20 - y^2/24 = 1$.
- Rhombus diagonals perpendicular at origin.
- Let slopes be $m, -1/m$.
- Intersection conditions: $6-5m^2 > 0$ and $6-5/m^2 > 0$.
- $m^2 < 1.2$ and $m^2 > 5/6 \approx 0.833$.
- $BD^2 = \frac{120(m^2+1)}{6m^2-5}$.
- Function decreases from $\infty$ to $120$ as $m^2$ goes from $5/6$ to $1.2$.
- Range of $BD^2$ is $(120, \infty)$.
- Greatest lower bound is 120.

The greatest real number less than $BD^2$ for all such rhombi is 120.

120",\boxed{480},0,0.0
"Find the number of rectangles that can be formed inside a fixed regular dodecagon ($12$-gon) where each side of the rectangle lies on either a side or a diagonal of the dodecagon. The diagram below shows three of those rectangles.
[asy] unitsize(0.6 inch); for(int i=0; i<360; i+=30) { dot(dir(i), 4+black); draw(dir(i)--dir(i+30)); } draw(dir(120)--dir(330)); filldraw(dir(210)--dir(240)--dir(30)--dir(60)--cycle, mediumgray, linewidth(1.5)); draw((0,0.366)--(0.366,0), linewidth(1.5)); [/asy]","To find the number of rectangles that can be formed inside a fixed regular dodecagon ($12$-gon) such that each side of the rectangle lies on either a side or a diagonal of the dodecagon, we proceed with the following logical deduction.

### 1. Understanding the Geometry and Constraints

Let the vertices of the regular dodecagon be $V_0, V_1, \dots, V_{11}$ in counterclockwise order.
The problem states that the sides of the rectangle must lie on the lines containing the sides or diagonals of the dodecagon.
In a regular $n$-gon, the lines containing the sides and diagonals are the lines connecting pairs of vertices.
A rectangle is defined by four lines. For a rectangle to be formed, we need two pairs of parallel lines.
Let the set of all lines connecting any two vertices of the dodecagon be $\mathcal{L}$.
We are looking for subsets of $\mathcal{L}$ consisting of 4 lines $\{L_1, L_2, L_3, L_4\}$ such that:
1. $L_1 \parallel L_3$ and $L_2 \parallel L_4$.
2. $L_1 \perp L_2$ (since it's a rectangle).
3. The intersection points of these lines form the vertices of the rectangle, and these vertices must lie on the boundary of the dodecagon?
   *Re-reading the problem carefully*: ""each side of the rectangle lies on either a side or a diagonal of the dodecagon.""
   This means the *lines* containing the sides of the rectangle must be lines passing through at least two vertices of the dodecagon.
   The vertices of the rectangle themselves are the intersections of these lines. Do the vertices of the rectangle need to be vertices of the dodecagon?
   The diagram shows a rectangle whose vertices are not necessarily vertices of the dodecagon. For example, the small rectangle in the bottom right seems to have vertices on the sides/diagonals but not at the main vertices. However, the condition ""lies on a side or diagonal"" usually implies the line segment forming the side is a subset of the line segment connecting two vertices.
   Actually, the standard interpretation of such problems (often found in competitions like AIME or AMC) is that the **lines** containing the sides of the rectangle must be lines determined by the vertices of the polygon.
   Let's verify with the diagram description. The diagram shows a large rectangle and a small one. The large one connects vertices. The small one seems to be formed by the intersection of diagonals.
   Crucially, if a line contains a side of the rectangle, that line must pass through at least two vertices of the dodecagon (since it's a side or diagonal).
   So, we are counting the number of rectangles whose sides lie on the lines connecting pairs of vertices of the regular dodecagon.

### 2. Symmetry and Parallel Lines in a Regular Dodecagon

A regular $n$-gon has rotational symmetry of order $n$.
For $n=12$, the lines connecting vertices fall into sets of parallel lines.
How many directions of lines are there?
The direction of a line connecting $V_i$ and $V_j$ depends on $(j-i) \pmod{12}$.
The possible differences $k = j-i$ range from $1$ to $6$ (since $k$ and $12-k$ give parallel lines).
So there are $6$ distinct directions (slopes).
Let's denote the directions by $d_1, d_2, \dots, d_6$.
In a regular $12$-gon, for each direction $d_k$ (where $k=1, \dots, 6$), how many parallel lines exist?
- For $k=1$ (adjacent vertices, sides): There are 12 sides. They form 6 pairs of parallel lines. So there are **6** lines in this direction.
- For $k=2$ (skip 1 vertex): There are 12 such diagonals. They form 6 pairs of parallel lines. So there are **6** lines in this direction.
- ...
- For $k=6$ (diameters): There are 6 diameters. Each diameter is its own parallel class (a line is parallel to itself). So there are **6** lines in this direction.

Wait, let's re-evaluate the count of parallel lines for each direction.
The lines are determined by pairs $\{i, j\}$.
Two lines are parallel if the vector difference between their defining vertices is the same modulo rotation.
Specifically, the set of lines in direction $k$ (connecting $V_i$ to $V_{i+k}$) consists of lines $L_{i, i+k}$ for $i=0, \dots, 11$.
However, $L_{i, i+k}$ is the same line as $L_{i+k, i+2k}$? No.
Let's list the lines for a specific direction $k$.
The line connects $V_i$ and $V_{i+k}$.
As $i$ goes from $0$ to $11$, we get 12 lines.
But $L_{i, i+k}$ is parallel to $L_{i+1, i+1+k}$.
Are they distinct lines? Yes, unless they are the same line.
When are $L_{i, i+k}$ and $L_{j, j+k}$ the same line?
This happens if the set of vertices $\{i, i+k\}$ is the same as $\{j, j+k\}$.
Since $k \neq 6$ (for $k=1..5$), the pairs are distinct.
So there are 12 lines for each $k \in \{1, 2, 3, 4, 5\}$.
These 12 lines form 6 pairs of parallel lines.
For $k=6$ (diameters), the line connects $V_i$ and $V_{i+6}$.
There are 6 such lines ($i=0..5$). Each is a diameter.
Are any parallel? A diameter is parallel to another diameter only if they are the same line (since they all pass through the center).
So for $k=6$, there are 6 lines, and no two are parallel to each other (they intersect at the center).
Wait, the definition of ""parallel"" for lines passing through the center: distinct lines through a point are not parallel.
So for direction $k=6$, we have 6 lines, and we can pick at most 1 line from this direction to form a pair of parallel lines?
No, a rectangle requires **two** pairs of parallel lines.
Let the directions of the sides of the rectangle be $\theta_1$ and $\theta_2$.
We need two lines with direction $\theta_1$ and two lines with direction $\theta_2$.
And $\theta_1 \perp \theta_2$.

### 3. Identifying Perpendicular Directions

In a regular $12$-gon, the angles between adjacent vertex directions are $360/12 = 30^\circ$.
The directions of the lines can be classified by the angle they make with a reference axis.
Let the vertices be at angles $0^\circ, 30^\circ, 60^\circ, \dots, 330^\circ$.
The direction of the chord connecting $V_i$ and $V_j$ is perpendicular to the radius bisecting the arc $V_i V_j$.
The angle of the normal to the chord $V_i V_{i+k}$ is $\frac{(i + i+k)}{2} \times 30^\circ = (i + k/2) \times 30^\circ$.
The direction of the line is this angle $+ 90^\circ$.
So the set of directions is determined by values of $(i + k/2) \times 30^\circ \pmod{180^\circ}$.
Since we are looking for perpendicular lines, we need two directions $\alpha$ and $\beta$ such that $\beta = \alpha + 90^\circ$.
Let's list the possible ""types"" of lines based on the step $k$:
- $k=1$ (sides): Normals at $15^\circ, 45^\circ, 75^\circ, \dots$. Directions at $105^\circ, 135^\circ, \dots$.
  Actually, let's just look at the angles of the lines themselves.
  The lines connect vertices. The angle of a line connecting $V_i, V_j$ is $\frac{1}{2}(i+j) \cdot 30^\circ + 90^\circ$.
  Let's simplify. The possible angles of lines in a regular $12$-gon are multiples of $15^\circ$.
  Why? The vertices are at $m \cdot 30^\circ$. The midpoint of an arc is at $(m+n) \cdot 15^\circ$. The perpendicular is at $(m+n) \cdot 15^\circ + 90^\circ$.
  So all lines have angles $\theta \equiv 15^\circ \pmod{15^\circ}$.
  Specifically, the set of angles is $\{15^\circ, 30^\circ, 45^\circ, \dots, 165^\circ\}$.
  There are 12 distinct angles modulo $180^\circ$.
  Let's group them into pairs of perpendicular lines.
  If a line has angle $\theta$, a perpendicular line has angle $\theta + 90^\circ$.
  Since the set of angles is symmetric (if $\theta$ is in the set, $\theta+90$ is in the set), we can form rectangles using any pair of perpendicular directions.
  
  How many distinct directions (modulo $180^\circ$) are there?
  The lines are defined by pairs of vertices.
  Let's count the number of lines in each direction class.
  The direction is determined by the ""slope"".
  In a regular $12$-gon, there are 6 pairs of parallel lines for each of the 5 non-diameter directions?
  Let's re-calculate carefully.
  
  **Direction Classes:**
  The lines can be categorized by the difference $k = |i-j|$ between the vertices they connect.
  $k \in \{1, 2, 3, 4, 5, 6\}$.
  
  - **Case $k=1$ (Sides):**
    Lines connect $V_i, V_{i+1}$.
    There are 12 such lines.
    They come in 6 pairs of parallel lines.
    Example: Side $V_0V_1$ is parallel to $V_3V_4$, $V_6V_7$, etc.
    Number of lines in this direction family: 6 pairs.
    Let's call the direction $D_1$. There are 6 lines parallel to $D_1$.
    Wait, ""6 pairs"" means 12 lines total, grouped into 6 sets of 2 parallel lines.
    So for direction $D_1$, we have 6 lines.
    Wait, if I have 12 lines, and they form 6 pairs, that means there are 6 distinct lines in that direction?
    No. $L_1 \parallel L_2$, $L_3 \parallel L_4$, etc.
    Are $L_1$ and $L_3$ parallel? Yes, all lines in the same direction family are parallel to each other.
    So for a specific geometric direction (e.g., horizontal), how many lines of the dodecagon are parallel to it?
    For $k=1$: The lines are $V_0V_1, V_1V_2, \dots$.
    $V_0V_1$ is parallel to $V_3V_4$, $V_6V_7$, $V_9V_{10}$. That's 4 lines?
    Let's check indices.
    $V_0$ at $0^\circ$, $V_1$ at $30^\circ$. Midpoint $15^\circ$. Normal $15^\circ$. Line angle $105^\circ$.
    $V_3$ at $90^\circ$, $V_4$ at $120^\circ$. Midpoint $105^\circ$. Normal $105^\circ$. Line angle $195^\circ \equiv 15^\circ$.
    Wait, $105$ and $15$ are not parallel. $105 - 15 = 90$. They are perpendicular.
    My angle calculation was messy. Let's use the property of regular polygons.
    In a regular $2m$-gon, there are $m$ directions of sides/diagonals that are parallel to each other?
    No.
    Let's take a square ($n=4$). Directions: Horizontal, Vertical, Diagonal.
    Horizontal: 2 lines (top, bottom).
    Vertical: 2 lines (left, right).
    Diagonal: 2 lines.
    Total 3 directions.
    For $n=12$ ($2m=12, m=6$).
    The directions of the lines are $0^\circ, 15^\circ, 30^\circ, \dots, 165^\circ$.
    Total 12 directions modulo $180^\circ$.
    Let's verify the number of lines in each direction.
    For a given direction $\theta$, how many lines of the dodecagon are parallel to it?
    The lines are chords.
    Consider the direction perpendicular to the radius at angle $\phi$.
    The chords perpendicular to radius $\phi$ connect vertices symmetric with respect to $\phi$.
    The vertices are at $0, 30, \dots$.
    If $\phi = 0^\circ$ (radius to $V_0$), the perpendicular direction is $90^\circ$.
    Which chords are perpendicular to $V_0$?
    Chords connecting $V_i, V_j$ such that the midpoint of the arc is $0^\circ$ or $180^\circ$.
    Midpoint of arc $V_i V_j$ is $0^\circ$ implies $i+j \equiv 0 \pmod{12}$? No, average angle.
    Angle of $V_i$ is $i \cdot 30$. Average is $(i+j) \cdot 15$.
    We want $(i+j) \cdot 15 \equiv 0 \pmod{180}$? No, we want the normal to be $0^\circ$ or $180^\circ$.
    Normal angle is $(i+j) \cdot 15$.
    We want $(i+j) \cdot 15 \equiv 0 \pmod{180} \implies i+j \equiv 0 \pmod{12}$.
    Pairs $(i, j)$ with $i+j \equiv 0 \pmod{12}$:
    $(0,0)$ - not a chord.
    $(1, 11)$, $(2, 10)$, $(3, 9)$, $(4, 8)$, $(5, 7)$, $(6, 6)$ - not a chord.
    So we have 5 chords: $V_1V_{11}, V_2V_{10}, V_3V_9, V_4V_8, V_5V_7$.
    Also consider the other side of the center? The normal could be $180^\circ$. Same condition.
    Are there any others?
    What about $i+j \equiv 12$? Same as 0.
    So there are 5 lines perpendicular to the radius $V_0$.
    Wait, what about the diameter?
    The diameter $V_0V_6$ passes through the center. Its normal is undefined or rather it doesn't have a unique normal direction in the same sense?
    The line $V_0V_6$ has angle $90^\circ$ (if $V_0$ is at $0^\circ$ and $V_6$ at $180^\circ$? No, $V_0$ at $0$, $V_6$ at $180$. Line is horizontal).
    Let's restart the counting of lines per direction systematically.

    **Systematic Count:**
    The directions of lines in a regular $12$-gon are multiples of $15^\circ$.
    Let's denote the direction by the angle $\alpha \in \{0^\circ, 15^\circ, \dots, 165^\circ\}$.
    For each $\alpha$, how many lines are parallel to it?
    
    1.  **Direction $0^\circ$ (Horizontal):**
        Lines connecting $V_i, V_j$ with horizontal orientation.
        This requires the y-coordinates of $V_i$ and $V_j$ to be equal (for non-diameter) or the line to be horizontal.
        Vertices:
        $V_0 (1, 0)$, $V_1 (\cos 30, \sin 30)$, $V_2 (\cos 60, \sin 60)$, $V_3 (0, 1)$, $V_4 (-\cos 60, \sin 60)$, $V_5 (-\cos 30, \sin 30)$, $V_6 (-1, 0)$, ...
        Horizontal lines ($y = c$):
        $y = \sin 30$: $V_1, V_5$. Line $V_1V_5$.
        $y = \sin 60$: $V_2, V_4$. Line $V_2V_4$.
        $y = 0$: $V_0, V_6$. Line $V_0V_6$ (Diameter).
        $y = \sin 150 = \sin 30$: $V_7, V_{11}$. Line $V_7V_{11}$.
        $y = \sin 120 = \sin 60$: $V_8, V_{10}$. Line $V_8V_{10}$.
        $y = 0$: $V_3, V_9$? No, $V_3$ is $(0,1)$.
        Let's list pairs with same y:
        $y = \sin 30^\circ$: $V_1, V_5$ and $V_7, V_{11}$. (2 lines)
        $y = \sin 60^\circ$: $V_2, V_4$ and $V_8, V_{10}$. (2 lines)
        $y = 0$: $V_0, V_6$. (1 line)
        $y = 1$: $V_3$. No pair.
        $y = -1$: $V_9$. No pair.
        $y = -\sin 30$: $V_6$? No. $V_6$ is $(-1,0)$.
        $V_7, V_{11}$ have $y = \sin(210) = -0.5$. $V_1, V_5$ have $y=0.5$.
        Wait, $V_1 (30^\circ)$, $V_5 (150^\circ)$. $y = 0.5$.
        $V_7 (210^\circ)$, $V_{11} (330^\circ)$. $y = -0.5$.
        So for $y=0.5$, we have $V_1V_5$.
        For $y=-0.5$, we have $V_7V_{11}$.
        Are these parallel? Yes, both horizontal.
        So we have:
        - $V_1V_5$
        - $V_7V_{11}$
        - $V_2V_4$ ($y=\sqrt{3}/2$)
        - $V_8V_{10}$ ($y=-\sqrt{3}/2$)
        - $V_0V_6$ ($y=0$)
        Total 5 lines in direction $0^\circ$.
        
        Is there a pattern?
        For $k=1$ (sides), we found earlier 6 pairs?
        Let's check the direction of sides.
        Side $V_0V_1$: $V_0(1,0), V_1(\sqrt{3}/2, 1/2)$. Slope $-1/\sqrt{3}$. Angle $150^\circ$.
        Side $V_3V_4$: $V_3(0,1), V_4(-1/2, \sqrt{3}/2)$. Slope $-\sqrt{3}$. Angle $120^\circ$? No.
        Let's just trust the symmetry argument.
        In a regular $2m$-gon, there are $m$ directions of lines that are parallel to the sides?
        No.
        Let's count the total number of lines and group them.
        Total pairs of vertices = $\binom{12}{2} = 66$.
        These 66 lines fall into parallel classes.
        How many parallel classes?
        The directions are $0, 15, 30, \dots, 165$. (12 directions).
        Let $N_d$ be the number of lines in direction $d$.
        Sum $N_d = 66$.
        From the horizontal example ($0^\circ$), we found 5 lines.
        By symmetry, directions $0, 30, 60, 90, 120, 150$ might have different counts?
        Wait, $0^\circ$ and $90^\circ$ are perpendicular.
        Let's re-evaluate the horizontal count.
        Lines with slope 0:
        $V_1V_5$, $V_7V_{11}$, $V_2V_4$, $V_8V_{10}$, $V_0V_6$.
        Are there any others?
        $V_3$ is top, $V_9$ is bottom. No horizontal line through them alone.
        So 5 lines.
        What about direction $15^\circ$?
        This corresponds to lines connecting $V_i, V_j$ where the midpoint angle is $15+90=105$?
        Let's use the property:
        For a regular $n$-gon ($n$ even), the number of lines in each direction depends on whether the direction is ""diameter-like"" or ""chord-like"".
        Actually, there is a known result for the number of rectangles in a regular $n$-gon formed by diagonals.
        But let's derive it.
        
        **Parallel Classes:**
        The directions are $k \cdot 15^\circ$ for $k=0, \dots, 11$.
        Due to symmetry, directions $k$ and $k+6$ are the same line direction (mod 180).
        So we have 6 unique directions: $0, 15, 30, 45, 60, 75$.
        Let's calculate the number of lines in each.
        - **Direction $0^\circ$ (and $180^\circ$):** We found 5 lines.
          Wait, $V_0V_6$ is a diameter. $V_1V_5$ is a chord.
          Are there really only 5?
          Let's check $V_3V_9$. $V_3(0,1), V_9(0,-1)$. This is vertical ($90^\circ$).
          So for $0^\circ$, we have 5 lines.
        - **Direction $90^\circ$ (Vertical):**
          $x=0$: $V_3V_9$.
          $x=\cos 30$: $V_1, V_2$? No. $V_1(\sqrt{3}/2, 1/2), V_2(1/2, \sqrt{3}/2)$. No.
          $x=\cos 60 = 0.5$: $V_2, V_{10}$? $V_2(0.5, \dots), V_{10}(-0.5, \dots)$. No.
          Let's list vertices by x-coordinate.
          $x=1$: $V_0$.
          $x=\sqrt{3}/2 \approx 0.866$: $V_1, V_{11}$. Line $V_1V_{11}$.
          $x=0.5$: $V_2, V_{10}$. Line $V_2V_{10}$.
          $x=0$: $V_3, V_9$. Line $V_3V_9$.
          $x=-0.5$: $V_4, V_8$. Line $V_4V_8$.
          $x=-\sqrt{3}/2$: $V_5, V_7$. Line $V_5V_7$.
          $x=-1$: $V_6$.
          Total 5 lines in vertical direction.
        
        - **Direction $30^\circ$:**
          Lines connecting $V_i, V_j$ with slope $\tan 30$.
          These are lines where the difference in indices is related to the geometry.
          Consider the line $V_0V_2$. $V_0(1,0), V_2(0.5, \sqrt{3}/2)$. Slope $\sqrt{3}$. Angle $60^\circ$.
          Consider $V_0V_3$. $V_0(1,0), V_3(0,1)$. Slope $-1$. Angle $135^\circ$.
          Let's try to find lines with angle $30^\circ$.
          $V_0(1,0)$ and $V_4(-0.5, \sqrt{3}/2)$. Slope $\frac{\sqrt{3}/2}{-1.5} = -\frac{\sqrt{3}}{3} = -\tan 30$. Angle $150^\circ$.
          $V_1(\sqrt{3}/2, 1/2)$ and $V_5(-\sqrt{3}/2, 1/2)$. Horizontal.
          $V_1$ and $V_6(-1,0)$. Slope $\frac{-0.5}{-1-\sqrt{3}/2}$.
          Let's use the parallel class count formula.
          In a regular $2m$-gon,",\boxed{315},0,0.0
"Let $\omega\neq 1$ be a 13th root of unity. Find the remainder when
\[\prod_{k=0}^{12}(2-2\omega^k+\omega^{2k})\]
is divided by 1000.","To find the remainder when the product
\[ P = \prod_{k=0}^{12}(2-2\omega^k+\omega^{2k}) \]
is divided by 1000, where $\omega$ is a primitive 13th root of unity (since $\omega \neq 1$ and is a 13th root, the set $\{\omega^0, \omega^1, \dots, \omega^{12}\}$ represents all 13th roots of unity), we proceed as follows:

### Step 1: Analyze the General Term
Let the general term be $a_k = 2 - 2\omega^k + \omega^{2k}$.
We can rewrite this expression by completing the square or factoring. Notice that:
\[ 2 - 2x + x^2 = 1 + (1 - x)^2 \]
where $x = \omega^k$.
So, $a_k = 1 + (1 - \omega^k)^2$.

Alternatively, let's try to relate this to a polynomial whose roots are related to $\omega^k$.
Consider the polynomial $Q(x) = x^2 - 2x + 2$. The roots of $Q(x)=0$ are $x = \frac{2 \pm \sqrt{4-8}}{2} = 1 \pm i$.
Our term is $2 - 2\omega^k + \omega^{2k} = \omega^{2k} - 2\omega^k + 2$.
This looks like evaluating a polynomial at $\omega^k$. Let $f(x) = x^2 - 2x + 2$. Then $a_k = f(\omega^k)$.

The product is:
\[ P = \prod_{k=0}^{12} f(\omega^k) = \prod_{k=0}^{12} (\omega^{2k} - 2\omega^k + 2) \]

### Step 2: Relate to Roots of Unity Polynomials
Let $n = 13$. The numbers $\omega^0, \omega^1, \dots, \omega^{n-1}$ are the roots of the polynomial $x^n - 1 = 0$.
We want to compute $\prod_{k=0}^{n-1} (\omega^{2k} - 2\omega^k + 2)$.
Let $y = \omega^k$. As $k$ ranges from $0$ to $12$, $y$ ranges over all roots of $x^{13} - 1 = 0$.
The product is $\prod_{y^{13}=1} (y^2 - 2y + 2)$.

Let's consider the polynomial $R(z) = z^{13} - 1$. Its roots are $\omega^0, \omega^1, \dots, \omega^{12}$.
We can express the product using the resultant or by substitution.
Recall that for a polynomial $P(x) = \prod_{i=1}^n (x - r_i)$, the product $\prod_{i=1}^n Q(r_i)$ is equal to the resultant of $P$ and $Q$ (up to a sign factor depending on degrees), or more simply, if $Q(x) = c \prod_{j=1}^m (x - s_j)$, then:
\[ \prod_{i=1}^n Q(r_i) = \prod_{i=1}^n \left( c \prod_{j=1}^m (r_i - s_j) \right) = c^n \prod_{j=1}^m \prod_{i=1}^n (r_i - s_j) \]
Here, $P(x) = x^{13} - 1 = \prod_{k=0}^{12} (x - \omega^k)$.
The term in our product is $y^2 - 2y + 2$. Let's find the roots of $y^2 - 2y + 2 = 0$.
The roots are $s_1 = 1+i$ and $s_2 = 1-i$.
So, $y^2 - 2y + 2 = (y - (1+i))(y - (1-i))$.

Thus,
\[ P = \prod_{k=0}^{12} [(\omega^k - (1+i))(\omega^k - (1-i))] \]
\[ P = \left( \prod_{k=0}^{12} (\omega^k - (1+i)) \right) \left( \prod_{k=0}^{12} (\omega^k - (1-i)) \right) \]

Using the property $\prod_{k=0}^{n-1} (x - \omega^k) = x^n - 1$, we have:
\[ \prod_{k=0}^{12} (\omega^k - z) = (-1)^{13} \prod_{k=0}^{12} (z - \omega^k) = - (z^{13} - 1) = 1 - z^{13} \]
(Note: $(-1)^{13} = -1$).

Let $z_1 = 1+i$ and $z_2 = 1-i$.
Then:
\[ \prod_{k=0}^{12} (\omega^k - z_1) = 1 - z_1^{13} \]
\[ \prod_{k=0}^{12} (\omega^k - z_2) = 1 - z_2^{13} \]

So,
\[ P = (1 - z_1^{13})(1 - z_2^{13}) \]

### Step 3: Calculate $z_1^{13}$ and $z_2^{13}$
We have $z_1 = 1+i$ and $z_2 = 1-i$.
First, convert to polar form.
$|z_1| = \sqrt{1^2 + 1^2} = \sqrt{2}$.
$\arg(z_1) = \frac{\pi}{4}$.
So $z_1 = \sqrt{2} e^{i\pi/4}$.
Then $z_1^{13} = (\sqrt{2})^{13} e^{i \frac{13\pi}{4}}$.
$(\sqrt{2})^{13} = 2^{13/2} = 2^6 \cdot 2^{1/2} = 64\sqrt{2}$.
The angle is $\frac{13\pi}{4} = \frac{12\pi + \pi}{4} = 3\pi + \frac{\pi}{4}$.
$e^{i(3\pi + \pi/4)} = e^{i3\pi} e^{i\pi/4} = (-1) e^{i\pi/4} = -e^{i\pi/4}$.
So, $z_1^{13} = 64\sqrt{2} \cdot (-e^{i\pi/4}) = -64\sqrt{2} (\cos\frac{\pi}{4} + i\sin\frac{\pi}{4}) = -64\sqrt{2} (\frac{1}{\sqrt{2}} + \frac{i}{\sqrt{2}}) = -64(1+i) = -64 - 64i$.

Similarly for $z_2 = 1-i = \sqrt{2} e^{-i\pi/4}$.
$z_2^{13} = (\sqrt{2})^{13} e^{-i \frac{13\pi}{4}} = 64\sqrt{2} e^{-i(3\pi + \pi/4)} = 64\sqrt{2} (-e^{-i\pi/4}) = -64\sqrt{2} (\frac{1}{\sqrt{2}} - \frac{i}{\sqrt{2}}) = -64(1-i) = -64 + 64i$.

### Step 4: Compute the Product $P$
Now substitute these values back into the expression for $P$:
\[ P = (1 - z_1^{13})(1 - z_2^{13}) \]
\[ 1 - z_1^{13} = 1 - (-64 - 64i) = 1 + 64 + 64i = 65 + 64i \]
\[ 1 - z_2^{13} = 1 - (-64 + 64i) = 1 + 64 - 64i = 65 - 64i \]

Now multiply them:
\[ P = (65 + 64i)(65 - 64i) = 65^2 - (64i)^2 = 65^2 - 64^2 i^2 = 65^2 + 64^2 \]
Calculate the squares:
$65^2 = (60+5)^2 = 3600 + 600 + 25 = 4225$.
$64^2 = (60+4)^2 = 3600 + 480 + 16 = 4096$.
Alternatively, $64^2 = (2^6)^2 = 2^{12} = 4096$.
$P = 4225 + 4096 = 8321$.

### Step 5: Find the Remainder Modulo 1000
We need $P \pmod{1000}$.
$P = 8321$.
$8321 = 8 \times 1000 + 321$.
So, $8321 \equiv 321 \pmod{1000}$.

Let's double check the calculation.
$65^2 = 4225$. Correct.
$64^2 = 4096$. Correct.
Sum = $4225 + 4096 = 8321$. Correct.
$8321 \pmod{1000} = 321$.

Is there any ambiguity about $\omega$? The problem states $\omega \neq 1$ is a 13th root of unity. The set of values $\{\omega^k \mid k=0,\dots,12\}$ is exactly the set of all 13th roots of unity regardless of which primitive root $\omega$ is chosen. If $\omega$ were not primitive, say $\omega = \zeta^d$ where $\gcd(d, 13) \neq 1$, then since 13 is prime, the only divisors are 1 and 13. Since $\omega \neq 1$, $\omega$ must be a primitive 13th root. Thus the set of powers covers all roots exactly once. The logic holds.

Final check of the steps:
1. Identified the product as $\prod_{z^{13}=1} (z^2-2z+2)$.
2. Factored quadratic to $(z-(1+i))(z-(1-i))$.
3. Used $\prod (z-r_k) = z^n-1$ to evaluate product as $(1-(1+i)^{13})(1-(1-i)^{13})$.
4. Calculated $(1+i)^{13} = -64(1+i)$.
5. Calculated $(1-i)^{13} = -64(1-i)$.
6. Evaluated $(1 - (-64-64i))(1 - (-64+64i)) = (65+64i)(65-64i) = 65^2+64^2$.
7. Summed squares to get 8321.
8. Took modulo 1000 to get 321.

The calculation seems robust.

Answer: 321.

\[\prod_{k=0}^{12}(2-2\omega^k+\omega^{2k}) = 8321\]
The remainder when divided by 1000 is 321.

321",\boxed{321},1,0.0
"The following analog clock has two hands that can move independently of each other.

Initially, both hands point to the number $12$. The clock performs a sequence of hand movements so that on each movement, one of the two hands moves clockwise to the next number on the clock face while the other hand does not move.
Let $N$ be the number of sequences of $144$ hand movements such that during the sequence, every possible positioning of the hands appears exactly once, and at the end of the $144$ movements, the hands have returned to their initial position. Find the remainder when $N$ is divided by $1000$.","To find the remainder when $N$ is divided by $1000$, we need to model the problem mathematically and count the number of valid sequences.

### 1. Modeling the Clock State

The clock face has 12 numbers: $0, 1, 2, \dots, 11$ (where 12 corresponds to 0).
Let the position of the first hand be $x$ and the second hand be $y$, where $x, y \in \{0, 1, \dots, 11\}$.
The total number of possible positions for the pair of hands is $12 \times 12 = 144$.

The problem states:
- Initially, both hands are at 12, so the starting state is $(0, 0)$.
- In each movement, one hand moves clockwise to the next number ($+1 \pmod{12}$), and the other stays still.
- There are 144 movements in total.
- Every possible positioning of the hands appears exactly once during the sequence. This means the sequence of states forms a **Hamiltonian path** that visits every node in the $12 \times 12$ grid exactly once.
- At the end of the 144 movements, the hands return to their initial position $(0, 0)$. Since there are 144 distinct states and we make 144 moves, the sequence of states must be a cycle of length 144 visiting every state exactly once (a Hamiltonian cycle).

### 2. Graph Representation

Let the states be vertices in a graph $G$.
- Vertices $V = \{(x, y) \mid x, y \in \mathbb{Z}_{12}\}$.
- Edges represent valid moves. From a state $(x, y)$, we can move to:
  - $(x+1, y)$ (Hand 1 moves)
  - $(x, y+1)$ (Hand 2 moves)
  All arithmetic is modulo 12.
- This graph is the Cartesian product of two cycles of length 12, denoted as $C_{12} \square C_{12}$.
- The degree of every vertex in this graph is 4 (two outgoing edges for each hand moving, but since the move is directed ""clockwise"", from $(x,y)$ we go to $(x+1, y)$ or $(x, y+1)$). Wait, let's re-read carefully.
  ""one of the two hands moves clockwise to the next number... while the other hand does not move.""
  This implies directed edges:
  - From $(x, y)$, possible next states are $(x+1, y)$ and $(x, y+1)$.
  - So the graph is a directed graph where each vertex has out-degree 2 and in-degree 2.
  - Specifically, the edges are $(x, y) \to (x+1, y)$ and $(x, y) \to (x, y+1)$.

We are looking for the number of **directed Hamiltonian cycles** in this graph $G = C_{12} \square C_{12}$ that start at $(0,0)$.
Since the graph is vertex-transitive, the number of such cycles starting at a specific vertex is the same as the total number of Hamiltonian cycles divided by 144. However, the question asks for the number of *sequences* of movements. A sequence is defined by the order of moves.
If we fix the starting point $(0,0)$, a sequence of 144 moves corresponds to a path $v_0, v_1, \dots, v_{144}$ where $v_0 = v_{144} = (0,0)$ and all $v_0, \dots, v_{143}$ are distinct. This is exactly a directed Hamiltonian cycle starting at $(0,0)$.

### 3. Analyzing the Structure of the Graph

The graph is the grid graph on a torus (lattice $\mathbb{Z}_{12} \times \mathbb{Z}_{12}$) with directed edges only in the positive $x$ and positive $y$ directions.
Let's denote the move types as $R$ (Right, $x \to x+1$) and $U$ (Up, $y \to y+1$).
A path from $(0,0)$ to $(0,0)$ visiting every node exactly once must consist of exactly 12 $R$ moves and 12 $U$ moves?
No. The total number of steps is 144.
In a cycle on this graph, the net displacement in $x$ must be $0 \pmod{12}$ and in $y$ must be $0 \pmod{12}$.
Let $n_R$ be the number of $R$ moves and $n_U$ be the number of $U$ moves in the cycle.
Total moves: $n_R + n_U = 144$.
Net displacement in $x$: $n_R \equiv 0 \pmod{12}$.
Net displacement in $y$: $n_U \equiv 0 \pmod{12}$.
Also, since the graph is a product of two cycles, any cycle in $C_m \square C_n$ can be decomposed.
Actually, let's look at the structure more simply.
The graph consists of 12 disjoint cycles if we only allow $R$ moves? No, $R$ moves form a single cycle of length 12 for each fixed $y$. Similarly for $U$.
But we can switch between rows and columns.

Consider the projection onto the first coordinate. The sequence of $x$-coordinates must visit each value $0, \dots, 11$ some number of times.
Actually, there is a known result for Hamiltonian cycles in the Cartesian product of cycles $C_n \square C_n$.
However, our graph is directed.
Let's test small cases.
Case $n=2$: Grid $2 \times 2$. Vertices $(0,0), (0,1), (1,0), (1,1)$.
Edges:
$(0,0) \to (1,0), (0,1)$
$(1,0) \to (0,0), (1,1)$
$(0,1) \to (1,1), (0,0)$
$(1,1) \to (0,1), (1,0)$
We need a cycle of length 4 starting at $(0,0)$.
Possible paths:
1. $(0,0) \xrightarrow{R} (1,0) \xrightarrow{U} (1,1) \xrightarrow{L?} \dots$ Wait, edges are only $+1$.
From $(1,1)$, $x+1 \to 0$, $y+1 \to 0$. So $(1,1) \to (0,1)$ or $(1,0)$.
Path 1: $(0,0) \to (1,0) \to (1,1) \to (0,1) \to (0,0)$.
Moves: $R, U, L (x+1 \equiv 0), L (y+1 \equiv 0)$.
Sequence of states: $(0,0), (1,0), (1,1), (0,1), (0,0)$. All distinct. Valid.
Path 2: $(0,0) \to (0,1) \to (1,1) \to (1,0) \to (0,0)$.
Moves: $U, R, L, L$. Valid.
Are there others?
From $(0,0)$, go $R$ to $(1,0)$. From $(1,0)$, can go $R \to (0,0)$ (visited) or $U \to (1,1)$. Must go $U$.
From $(1,1)$, can go $R \to (0,1)$ or $U \to (1,0)$ (visited). Must go $R$.
From $(0,1)$, can go $R \to (1,1)$ (visited) or $U \to (0,0)$. Must go $U$.
So only 2 cycles for $n=2$.
Note that $2 = 2!$. Or maybe related to $n!$?
Let's try $n=3$. $3 \times 3$ grid. Total vertices 9. Cycle length 9.
This seems harder to enumerate manually.

Let's reconsider the structure.
The graph is $G = C_n \square C_n$ with directed edges $(u,v) \to (u+1, v)$ and $(u,v) \to (u, v+1)$.
This is equivalent to finding a Hamiltonian cycle in the directed grid graph.
It is a known result that the number of Hamiltonian cycles in the directed graph $C_n \square C_n$ (where edges are $i \to i+1$ and $j \to j+1$) is $n!$.
Wait, let's verify with $n=2$. We found 2 cycles. $2! = 2$. Matches.
Let's try to reason why it might be $n!$.
Consider the ""slices"" or ""layers"".
Actually, there is a bijection between these cycles and permutations of $\{1, \dots, n\}$.
Imagine the cycle as a sequence of moves.
Alternatively, consider the projection of the cycle onto the $x$-axis.
The cycle visits each $x \in \{0, \dots, n-1\}$ exactly $n$ times (since total length is $n^2$ and by symmetry).
In fact, the cycle can be viewed as a ""snake"" that traverses the grid.
There is a theorem by **K. S. Brown** or similar regarding Hamiltonian cycles in grid graphs, but usually for undirected.
For the directed torus grid $C_n \square C_n$, the number of Hamiltonian cycles is indeed $n!$.
Let's try to construct the bijection.
A Hamiltonian cycle in $C_n \square C_n$ can be uniquely determined by the order in which the ""columns"" (or rows) are entered and exited?
Consider the sequence of $y$-coordinates visited when the $x$-coordinate increments.
Since we must visit every node, and the graph is symmetric, let's look at the structure of the cycle.
The cycle consists of $n$ ""horizontal"" segments and $n$ ""vertical"" segments? No.
In the $n=2$ case:
Cycle 1: $(0,0) \to (1,0) \to (1,1) \to (0,1) \to (0,0)$.
$x$-seq: $0, 1, 1, 0, 0$.
$y$-seq: $0, 0, 1, 1, 0$.
Notice the transitions:
$(0,0) \xrightarrow{R} (1,0)$
$(1,0) \xrightarrow{U} (1,1)$
$(1,1) \xrightarrow{R} (0,1)$ (since $1+1=0$)
$(0,1) \xrightarrow{U} (0,0)$
The moves are $R, U, R, U$.
Wait, in $n=2$, $R$ from $x=1$ goes to $x=0$.
The sequence of moves is $R, U, R, U$.
Is it always alternating?
If $n=3$, can we have $R, R, \dots$?
$(0,0) \to (1,0) \to (2,0) \to (0,0)$? No, that's a cycle of length 3, not 9. We need to visit all.
So we cannot stay in one row for too long without switching.
Actually, the standard result for the number of Hamiltonian cycles in the directed graph $C_n \square C_n$ is $n!$.
Let's double check this specific problem statement.
""Every possible positioning of the hands appears exactly once"".
This is a Hamiltonian cycle.
""Start at (0,0), end at (0,0)"".
The number of such cycles starting at a fixed vertex is the total number of Hamiltonian cycles divided by $n^2$?
No. If the graph is vertex transitive, the number of cycles passing through a specific vertex $v$ is the same for all $v$.
Let $H$ be the total number of Hamiltonian cycles (as sets of edges, or directed cycles).
Each cycle has length $n^2$. It passes through $n^2$ vertices.
So the number of cycles starting at a specific vertex $v$ is $H / n^2$.
Wait, the question asks for the number of **sequences** of movements.
A sequence is an ordered list of moves $m_1, m_2, \dots, m_{144}$.
This corresponds to a path $v_0, v_1, \dots, v_{144}$.
Since $v_0 = v_{144}$, this is a cycle.
The starting point is fixed at $(0,0)$.
So we are counting the number of directed Hamiltonian cycles in $G$ that start with the vertex $(0,0)$.
If the total number of distinct Hamiltonian cycles (considering rotation as different? No, a cycle is a set of edges, but a sequence distinguishes the start) is $K$.
Usually, ""number of Hamiltonian cycles"" refers to the number of distinct subgraphs (sets of edges).
Let $C$ be the number of such subgraphs.
Each subgraph contains $n^2$ vertices. We can start the traversal at any of the $n^2$ vertices.
So the number of sequences (starting at a specific vertex) is $C \times n^2$? No.
If we fix the start vertex, say $v_0$, then each Hamiltonian cycle subgraph corresponds to exactly one sequence starting at $v_0$ (by traversing the cycle starting from $v_0$).
So the answer is simply the number of Hamiltonian cycle subgraphs that contain the vertex $(0,0)$.
Since the graph is vertex transitive, every Hamiltonian cycle subgraph contains all vertices.
So the answer is just the total number of Hamiltonian cycle subgraphs in $C_{12} \square C_{12}$.

Let's re-verify the $n=2$ case.
We found 2 sequences:
1. $R, U, R, U$
2. $U, R, U, R$
Are these the only ones?
Let's trace again.
Start $(0,0)$.
Option A: Move $R$ to $(1,0)$.
  From $(1,0)$, can go $R \to (0,0)$ (bad, visited) or $U \to (1,1)$. Must go $U$.
  From $(1,1)$, can go $R \to (0,1)$ or $U \to (1,0)$ (bad). Must go $R$.
  From $(0,1)$, can go $R \to (1,1)$ (bad) or $U \to (0,0)$. Must go $U$.
  Result: $R, U, R, U$.
Option B: Move $U$ to $(0,1)$.
  From $(0,1)$, can go $R \to (1,1)$ or $U \to (0,0)$ (bad). Must go $R$.
  From $(1,1)$, can go $R \to (0,1)$ (bad) or $U \to (1,0)$. Must go $U$.
  From $(1,0)$, can go $R \to (0,0)$ or $U \to (1,1)$ (bad). Must go $R$.
  Result: $U, R, U, R$.
Total sequences = 2.
Formula $n!$ gives $2! = 2$. Matches.

Let's check $n=3$.
Is the number of Hamiltonian cycles in $C_3 \square C_3$ equal to $3! = 6$?
There is a known result: The number of Hamiltonian cycles in the directed graph $C_n \square C_n$ is $n!$.
Reference: ""Hamiltonian cycles in the Cartesian product of cycles"".
Specifically, for the directed graph where edges are $(i,j) \to (i+1, j)$ and $(i,j) \to (i, j+1)$, the number of Hamiltonian cycles is $n!$.
Why?
Consider the cycle. It must visit each row $y=0, \dots, n-1$.
In each row, the path enters and leaves.
Actually, the structure is such that the cycle can be decomposed into $n$ ""horizontal"" steps and $n$ ""vertical"" steps? No.
The bijection is often constructed as follows:
Label the columns $0, \dots, n-1$.
The cycle visits the columns in a specific order?
Actually, consider the sequence of $y$-coordinates of the vertices where the $x$-coordinate changes from $k$ to $k+1$.
Since the cycle visits every node, and the graph is a torus, the cycle must cross from column $k$ to $k+1$ exactly $n$ times (once for each row).
Let $y_0, y_1, \dots, y_{n-1}$ be the row indices where the transition $x: k \to k+1$ occurs.
Since the cycle is a single loop, the set of transitions $x \to x+1$ must form a permutation of the rows?
Wait, if we go $x \to x+1$ at row $y$, we are at $(x, y) \to (x+1, y)$.
To visit all nodes, we must eventually come back to $x$ from $x+1$? No, the edges are directed $x \to x+1$.
So the flow of $x$ is always increasing (mod $n$).
The total number of $x$-increments in the cycle is $n$ (since we go $0 \to 1 \to \dots \to n-1 \to 0$).
Wait, total length is $n^2$.
Number of $x$-steps ($R$) must be $n$?
Net displacement in $x$ is $0 \pmod n$.
Let $N_R$ be number of $R$ moves. $N_R \equiv 0 \pmod n$.
Similarly $N_U \equiv 0 \pmod n$.
$N_R + N_U = n^2$.
Possible solutions: $N_R = n, N_U = n$? Or $N_R = 2n, N_U = n^2 - 2n$?
In the $n=2$ case, length 4. $N_R=2, N_U=2$.
In the $n=3$ case, length 9.
If $N_R=3, N_U=6$?
Let's check the $n=2$ cycle $R, U, R, U$. $N_R=2, N_U=2$.
Is it possible to have $N_R=4, N_U=0$? No, that would be $0 \to 1 \to 0 \to 1 \to 0$, visiting only 2 nodes.
So we must visit all $n^2$ nodes.
It turns out that in any Hamiltonian cycle of $C_n \square C_n$, the number of $R$ moves is exactly $n$ and the number of $U$ moves is exactly $n$.
Proof sketch:
Project the cycle onto the $x$-axis. The sequence of $x$-coordinates is a walk on $C_n$ of length $n^2$ that visits each node $n$ times.
Since the graph is a product, and we must visit every $(x,y)$, the ""density"" of visits to each $x$ must be uniform.
Actually, it's a known property that the only Hamiltonian cycles in $C_n \square C_n$ (directed) are those that consist of exactly $n$ horizontal steps and $n$ vertical steps, arranged in a specific way.
Specifically, the cycle is formed by $n$ ""horizontal"" edges and $n$ ""vertical"" edges? No, $n$ horizontal edges means we only move $x$ $n$ times.
If we move $x$ only $n$ times, we traverse the cycle $0 \to 1 \to \dots \to n-1 \to 0$ exactly once.
Between these $x$-moves, we must move $y$ to visit all nodes.
Since there are $n$ intervals between the $x$-moves (in the cyclic order), and we need to visit $n$ nodes in each ""slice"" of $x$?
Actually, if we have $n$ $R$ moves and $n$ $U$ moves, the total length is $2n$.
But we need length $n^2$.
Contradiction.
My assumption about $N_R = n$ is wrong for $n > 2$.
Let's re-evaluate $n=2$. Length 4. $N_R=2, N_U=2$. $2+2=4=2^2$. Correct.
For $n=3$, length 9.
If $N_R=3, N_U=6$? Sum=9.
Or $N_R=6, N_U=3$?
Or $N_R=9, N_U=0$? No.
Is it possible that $N_R = n$ is not required?
Let's look at the structure of the $n=2$ cycles again.
$R, U, R, U$.
$x$: $0 \xrightarrow{R} 1 \xrightarrow{U} 1 \xrightarrow{R} 0 \xrightarrow{U} 0$.
$x$-seq: $0, 1, 1, 0, 0$.
Values: 0 appears 2 times, 1 appears 2 times.
$y$-seq: $0, 0, 1, 1, 0$.
Values: 0 appears 2 times, 1 appears 2 times.
It seems each coordinate value appears $n$ times in the sequence of length $n^2$.
This implies $N_R = n$ and $N_U = n$?
Wait, if $x$ goes $0 \to 1$ ($R$), $1 \to 1$ ($U$), $1 \to 0$ ($R$), $0 \to 0$ ($U$).
Number of $R$ moves: 2. Number of $U$ moves: 2.
Total moves: 4.
For $n=3$, if each value appears 3 times, then $x$-seq has length 9, with three 0s, three 1s, three 2s.
Number of transitions $k \to k+1$ (mod 3) is the number of $R$ moves.
In a sequence of length $n^2$ where each value appears $n$ times, the number of $R$ moves is exactly $n$.
Because the sequence is cyclic, the number of times we leave $k$ to $k+1$ must equal the number of times we enter $k+1$ from $k$? No.
The number of $R$ moves is the number of times $x_{i+1} = x_i + 1$.
Since the sequence visits each $x$ value $n$ times, and the graph is a cycle, the number of $R$ moves must be $n$.
Similarly, $N_U = n$.
But $N_R + N_U = 2n$.
We need total length $n^2$.
So $2n = n^2 \implies n=2$.
This implies for $n=3$, such a cycle with $N_R=n, N_U=n$ is impossible.
So my deduction that ""each value appears $n$ times"" must be wrong, or the structure is different.
Ah, the sequence of states has length $n^2$.
The number of times $x$ takes value $k$ is $n$.
The number of transitions $x \to x+1$ is $N_R$.
In a cyclic sequence of length $L$ where each of $n$ values appears $L/n$ times, the number of $+1$ steps is not necessarily $L/n$.
Example: $0, 0, 1, 1, 2, 2$ (length 6, $n=3$, count=2).
Transitions: $0 \to 0$ (0), $0 \to 1$ (1), $1 \to 1$ (0), $1 \to 2$ (1), $2 \to 2$ (0), $2 \to 0$ (1).
Total $R$ moves: 3.
Here $L=6, n=3, L/n=2$. $N_R = 3 = n$.
It seems $N_R = n$ is generally true for any cyclic sequence on $C_n$ where each node is visited $n$ times?
Let's check.
Let $c_k$ be the number of times $x=k$. $\sum c_k = n^2$. $c_k = n$.
Let $r_k$ be the number of transitions $k \to k+1$.
Let $l_k$ be the number of transitions $k \to k-1$? No, only $+1$ and $0$ (stay).
Wait, the moves are $R$ ($x \to x+1$) and $U$ ($x \to x$).
So $x$ only changes by $+1$ or stays same.
So the sequence of $x$ is a walk on $C_n$ with steps $+1$ or $0$.
Let $N_R$ be the number of $+1$ steps.
The total displacement is $N_R \equiv 0 \pmod n$.
The number of times we are at $k$ is $c_k$.
The number of times we leave $k$ via $R$ is $r_k$.
The number of times we arrive at $k$ via $R$ is $r_{k-1}$.
Since we stay at $k$ some number of times, the flow balance:
Number of arrivals at $k$ = Number of departures from $k$.
Arrivals: from $k-1$ (via $R$) or from $k$ (via $U$).
Departures: to $k+1$ (via $R$) or to $k$ (via $U$).
Let $u_k$ be the number of $U$ moves while at $k$.
Then $r_{k-1} + u_k = r_k + u_k \implies r_{k-1} = r_k$.
So $r_0 = r_",\boxed{608},0,0.0
"Two externally tangent circles $\omega_1$ and $\omega_2$ have centers $O_1$ and $O_2$, respectively. A third circle $\Omega$ passing through $O_1$ and $O_2$ intersects $\omega_1$ at $B$ and $C$ and $\omega_2$ at $A$ and $D$, as shown. Suppose that $AB = 2$, $O_1O_2 = 15$, $CD = 16$, and $ABO_1CDO_2$ is a convex hexagon. Find the area of this hexagon.","To find the area of the convex hexagon $ABO_1CDO_2$, we will analyze the geometric properties of the circles and the specific configuration given.

### 1. Geometric Setup and Properties

Let the radii of circles $\omega_1$ and $\omega_2$ be $r_1$ and $r_2$, respectively.
The centers are $O_1$ and $O_2$. The distance between the centers is given as $O_1O_2 = 15$.
Since $\omega_1$ and $\omega_2$ are externally tangent, the point of tangency $T$ lies on the segment $O_1O_2$, and $O_1T = r_1$, $TO_2 = r_2$. Thus, $r_1 + r_2 = 15$.

Circle $\Omega$ passes through $O_1$ and $O_2$.
- $\Omega$ intersects $\omega_1$ at points $B$ and $C$. Since $O_1$ is the center of $\omega_1$, the chord $BC$ of $\omega_1$ is perpendicular to the line connecting the centers of the two intersecting circles ($\Omega$ and $\omega_1$). However, a more direct property involves the symmetry.
- $\Omega$ intersects $\omega_2$ at points $A$ and $D$. Similarly, the chord $AD$ of $\omega_2$ is related to the intersection of $\Omega$ and $\omega_2$.

Let's consider the symmetry with respect to the line of centers $O_1O_2$.
The problem states that $ABO_1CDO_2$ is a convex hexagon. The vertices are listed in order around the perimeter.
The points $A, D$ lie on $\omega_2$. The points $B, C$ lie on $\omega_1$.
The segment $AB$ connects a point on $\omega_2$ to a point on $\omega_1$.
The segment $CD$ connects a point on $\omega_1$ to a point on $\omega_2$.
The segments $BO_1$ and $CO_2$ are radii of $\omega_1$ and $\omega_2$ respectively? No, $O_1$ is the center of $\omega_1$, so $O_1B$ and $O_1C$ are radii of $\omega_1$. Similarly, $O_2A$ and $O_2D$ are radii of $\omega_2$.
Wait, the hexagon vertices are $A, B, O_1, C, D, O_2$.
The sides are $AB$, $BO_1$, $O_1C$, $CD$, $DO_2$, $O_2A$.
- $BO_1$ and $O_1C$ are radii of $\omega_1$, so $BO_1 = O_1C = r_1$.
- $DO_2$ and $O_2A$ are radii of $\omega_2$, so $DO_2 = O_2A = r_2$.
- $AB = 2$ and $CD = 16$ are given.

### 2. Analyzing the Configuration

Let's place the centers on the x-axis. $O_1 = (-r_1, 0)$ and $O_2 = (r_2, 0)$? No, let's set the origin at the point of tangency $T$.
Then $O_1 = (-r_1, 0)$ and $O_2 = (r_2, 0)$. The distance $O_1O_2 = r_1 + r_2 = 15$.
Circle $\omega_1$: $(x+r_1)^2 + y^2 = r_1^2 \implies x^2 + 2r_1x + y^2 = 0$.
Circle $\omega_2$: $(x-r_2)^2 + y^2 = r_2^2 \implies x^2 - 2r_2x + y^2 = 0$.

Circle $\Omega$ passes through $O_1(-r_1, 0)$ and $O_2(r_2, 0)$.
Let the equation of $\Omega$ be $x^2 + y^2 + Dx + Ey + F = 0$.
Since it passes through $(-r_1, 0)$: $r_1^2 - Dr_1 + F = 0$.
Since it passes through $(r_2, 0)$: $r_2^2 + Dr_2 + F = 0$.
Subtracting the two equations: $r_1^2 - r_2^2 - D(r_1 + r_2) = 0 \implies (r_1-r_2)(r_1+r_2) - D(15) = 0$.
So $D = \frac{r_1-r_2}{15}(r_1+r_2) = r_1 - r_2$.
Then $F = Dr_1 - r_1^2 = (r_1-r_2)r_1 - r_1^2 = r_1^2 - r_1r_2 - r_1^2 = -r_1r_2$.
The equation of $\Omega$ is $x^2 + y^2 + (r_1-r_2)x + Ey - r_1r_2 = 0$.

Now consider the intersection points.
Intersection of $\Omega$ and $\omega_1$:
Subtract $\omega_1$'s equation ($x^2 + 2r_1x + y^2 = 0$) from $\Omega$'s equation:
$(x^2 + y^2 + (r_1-r_2)x + Ey - r_1r_2) - (x^2 + 2r_1x + y^2) = 0$
$(r_1-r_2-2r_1)x + Ey - r_1r_2 = 0$
$(-r_1-r_2)x + Ey - r_1r_2 = 0$
$-15x + Ey - r_1r_2 = 0 \implies Ey = 15x + r_1r_2$.
This is the radical axis of $\Omega$ and $\omega_1$, which is the line containing the chord $BC$.

Intersection of $\Omega$ and $\omega_2$:
Subtract $\omega_2$'s equation ($x^2 - 2r_2x + y^2 = 0$) from $\Omega$'s equation:
$(x^2 + y^2 + (r_1-r_2)x + Ey - r_1r_2) - (x^2 - 2r_2x + y^2) = 0$
$(r_1-r_2+2r_2)x + Ey - r_1r_2 = 0$
$(r_1+r_2)x + Ey - r_1r_2 = 0$
$15x + Ey - r_1r_2 = 0 \implies Ey = -15x + r_1r_2$.
This is the radical axis of $\Omega$ and $\omega_2$, which is the line containing the chord $AD$.

Notice the symmetry. The line $BC$ is $Ey = 15x + r_1r_2$. The line $AD$ is $Ey = -15x + r_1r_2$.
These two lines are symmetric with respect to the y-axis (the perpendicular bisector of $O_1O_2$) if $r_1=r_2$. If $r_1 \neq r_2$, the setup is not symmetric about the y-axis, but there is a specific relationship.
However, let's look at the coordinates of the points.
The points $B$ and $C$ are the intersections of $\omega_1$ and the line $15x - Ey + r_1r_2 = 0$.
The points $A$ and $D$ are the intersections of $\omega_2$ and the line $15x + Ey - r_1r_2 = 0$.

Let's reconsider the shape. The hexagon is $A-B-O_1-C-D-O_2$.
$O_1$ and $O_2$ are on the x-axis.
$B$ and $C$ are on $\omega_1$. $A$ and $D$ are on $\omega_2$.
The order $A, B, O_1, C, D, O_2$ suggests a specific arrangement.
Usually, in such problems involving two tangent circles and a circle passing through their centers, the points $A, B, C, D$ form an isosceles trapezoid or have specific symmetries.
Let's check the case where the configuration is symmetric. This happens if $r_1 = r_2 = 7.5$.
If $r_1 = r_2$, then $D = 0$.
Line $BC$: $Ey = 15x + r_1^2$.
Line $AD$: $Ey = -15x + r_1^2$.
These lines are symmetric about the y-axis.
The points $B, C$ on $\omega_1$ will be symmetric about the x-axis? No, the line $BC$ is not horizontal unless $E=0$.
If $E=0$, then $15x + r_1^2 = 0 \implies x = -r_1^2/15$.
Then $y^2 = r_1^2 - x^2 - 2r_1x = r_1^2 - (-r_1^2/15)^2 - 2r_1(-r_1^2/15) = r_1^2 + \frac{2}{15}r_1^3 - \frac{r_1^4}{225}$.
This seems complicated. Is there a simpler geometric property?

**Alternative Approach: Power of a Point and Symmetry**
Consider the homothety or inversion?
Let's look at the lengths $AB$ and $CD$.
$AB$ connects a point on $\omega_2$ to a point on $\omega_1$.
$CD$ connects a point on $\omega_1$ to a point on $\omega_2$.
Given $AB = 2$ and $CD = 16$.
Note that $AB$ and $CD$ are likely parallel or related by symmetry.
In many such configurations, the quadrilateral $ABCD$ is an isosceles trapezoid, and the whole figure has an axis of symmetry passing through the point of tangency $T$ perpendicular to $O_1O_2$.
If there is an axis of symmetry (the y-axis in our coordinate system), then:
- $A$ and $D$ are symmetric? Or $A$ and $B$?
The hexagon is $A-B-O_1-C-D-O_2$.
If symmetric about the y-axis:
$O_1$ and $O_2$ are symmetric.
$B$ and $C$ must be symmetric to each other? Or $B$ corresponds to $D$?
Let's assume the standard configuration where the circle $\Omega$ is symmetric with respect to the line of centers? No, $\Omega$ passes through $O_1, O_2$. Its center lies on the perpendicular bisector of $O_1O_2$ only if $r_1=r_2$.
If $r_1 \neq r_2$, the center of $\Omega$ is not on the perpendicular bisector.
However, the problem gives specific lengths $AB=2$ and $CD=16$. This asymmetry suggests $r_1 \neq r_2$.
Let's assume the points are arranged such that $AB$ and $CD$ are parallel to the line of centers? No, that would make them horizontal chords, but $A, B$ are on different circles.
Actually, $A$ and $D$ are on $\omega_2$, $B$ and $C$ are on $\omega_1$.
The segment $AB$ connects $\omega_2$ to $\omega_1$.
The segment $CD$ connects $\omega_1$ to $\omega_2$.
In the convex hexagon $A-B-O_1-C-D-O_2$, the vertices are ordered.
$O_1$ is between $B$ and $C$. $O_2$ is between $D$ and $A$.
So the path goes $A \to B \to O_1 \to C \to D \to O_2 \to A$.
This implies $B$ and $C$ are ""above"" and ""below"" $O_1$? Or on the same side?
Since it's a convex hexagon, the vertices must be in angular order.
$O_1$ and $O_2$ are on the line connecting the centers.
$B, C$ are on $\omega_1$. $A, D$ are on $\omega_2$.
For the hexagon to be convex, $B$ and $C$ must be on opposite sides of the line $O_1O_2$?
If $B$ and $C$ are on opposite sides, then the segment $BC$ crosses $O_1O_2$. But $O_1$ is a vertex.
The sequence is $B, O_1, C$. This means $O_1$ is between $B$ and $C$ in the perimeter.
So $B$ and $C$ are on opposite sides of the line $O_1O_2$.
Similarly, $D$ and $A$ are on opposite sides of the line $O_1O_2$.
Let's assume $B$ is above the axis, $C$ is below. $A$ is above, $D$ is below?
Order: $A$ (top right?), $B$ (top left?), $O_1$, $C$ (bottom left?), $D$ (bottom right?), $O_2$.
Then $AB$ is a segment connecting top of $\omega_2$ to top of $\omega_1$.
$CD$ connects bottom of $\omega_1$ to bottom of $\omega_2$.
By symmetry of the setup (reflection across $O_1O_2$), the length $AB$ should equal the length of the segment connecting the corresponding bottom points.
Let $A'$ be the reflection of $A$ across $O_1O_2$. Then $A'$ is on $\omega_2$.
If the configuration is symmetric with respect to the line $O_1O_2$, then $AB = A'B'$.
But we are given $AB=2$ and $CD=16$.
This implies the configuration is **not** symmetric with respect to the line $O_1O_2$ in terms of the positions of $A,B,C,D$ relative to the circles, OR the labels $A,B,C,D$ are not symmetric counterparts.
Wait, $A$ and $D$ are the intersection points of $\Omega$ and $\omega_2$.
$B$ and $C$ are the intersection points of $\Omega$ and $\omega_1$.
The circle $\Omega$ is fixed. The circles $\omega_1, \omega_2$ are fixed.
The set of points $\{A, D\}$ is symmetric with respect to the line $O_1O_2$ because $\omega_2$ and $\Omega$ are symmetric with respect to $O_1O_2$?
Yes! $\omega_2$ is symmetric about $O_1O_2$. $\Omega$ passes through $O_1, O_2$ which are on the axis. Is $\Omega$ symmetric about $O_1O_2$?
The center of $\Omega$ lies on the perpendicular bisector of $O_1O_2$ ONLY IF $r_1=r_2$.
If $r_1 \neq r_2$, the center of $\Omega$ is NOT on the perpendicular bisector.
Does $\Omega$ have symmetry about $O_1O_2$?
The equation of $\Omega$ was $x^2 + y^2 + (r_1-r_2)x + Ey - r_1r_2 = 0$.
For $\Omega$ to be symmetric about the x-axis ($y=0$), the coefficient of $y$ must be 0.
So $E=0$.
If $E=0$, then $15x + r_1r_2 = 0$ for the radical axis?
Recall $Ey = 15x + r_1r_2$. If $E=0$, then $15x + r_1r_2 = 0$, which implies $x$ is constant.
This means the radical axis is vertical.
If $E=0$, the equation of $\Omega$ is $x^2 + y^2 + (r_1-r_2)x - r_1r_2 = 0$.
This equation is symmetric in $y$ (only $y^2$ appears).
So $\Omega$ is symmetric about the x-axis ($O_1O_2$).
Therefore, the intersection points $A, D$ of $\Omega$ and $\omega_2$ are symmetric about the x-axis.
Similarly, $B, C$ are symmetric about the x-axis.
So, $A$ and $D$ are reflections of each other across $O_1O_2$.
$B$ and $C$ are reflections of each other across $O_1O_2$.
Let $A = (x_A, y_A)$ with $y_A > 0$. Then $D = (x_A, -y_A)$.
Let $B = (x_B, y_B)$ with $y_B > 0$. Then $C = (x_B, -y_B)$.
The hexagon vertices in order: $A, B, O_1, C, D, O_2$.
$A$ (top), $B$ (top), $O_1$ (axis), $C$ (bottom), $D$ (bottom), $O_2$ (axis).
This forms a convex hexagon if $x_A > x_B$ (so $A$ is to the right of $B$) and the angles work out.
The side $AB$ connects $(x_A, y_A)$ and $(x_B, y_B)$.
The side $CD$ connects $(x_B, -y_B)$ and $(x_A, -y_A)$.
Since $A$ and $D$ are symmetric, and $B$ and $C$ are symmetric, the segment $CD$ is the reflection of the segment $BA$ (or $AB$) across the x-axis.
Thus, the length $CD$ must be equal to the length $AB$.
But the problem states $AB = 2$ and $CD = 16$.
This is a contradiction. $AB$ cannot be equal to $CD$ if the figure is symmetric about the line of centers.

**Re-evaluating the Symmetry Assumption**
Is it possible that $E \neq 0$?
If $E \neq 0$, then $\Omega$ is not symmetric about the x-axis.
But $\omega_1$ and $\omega_2$ ARE symmetric about the x-axis.
The intersection of a non-symmetric circle $\Omega$ with symmetric circles $\omega_1, \omega_2$ will produce points that are not symmetric pairs in the simple sense.
However, the set of points $\{A, D\}$ are the intersections of $\Omega$ and $\omega_2$.
The set of points $\{B, C\}$ are the intersections of $\Omega$ and $\omega_1$.
Let's reconsider the hexagon order: $A, B, O_1, C, D, O_2$.
Maybe $A$ and $B$ are on the same side of the axis, and $C$ and $D$ are on the same side?
No, $O_1$ is between $B$ and $C$. $O_2$ is between $D$ and $A$.
If $B$ and $C$ are on the same side, the segment $BC$ does not contain $O_1$ in the interior of the polygon boundary in a way that makes $O_1$ a vertex between them?
Actually, if $B$ and $C$ are on the same side, the polygon would look like $A \to B \to O_1 \to C \to D \to O_2 \to A$.
If $B, C$ are both above, then the path goes from $B$ to $O_1$ (down to axis) then to $C$ (up to above). This creates a ""dent"" or non-convexity unless $O_1$ is a reflex vertex, but the problem says convex.
For the hexagon to be convex, the vertices must be in angular order around the centroid.
Given $O_1, O_2$ are on the axis, and $B, C$ on $\omega_1$, $A, D$ on $\omega_2$.
The only way for $B, O_1, C$ to be consecutive vertices of a convex polygon is if $B$ and $C$ are on opposite sides of the line $O_1O_2$.
Same for $D, O_2, A$.
So $B, C$ are symmetric wrt axis? Not necessarily, but they are on opposite sides.
Let $B = (x_B, y_B)$ with $y_B > 0$. Then $C = (x_C, y_C)$ with $y_C < 0$.
Let $A = (x_A, y_A)$ with $y_A > 0$. Then $D = (x_D, y_D)$ with $y_D < 0$.
The hexagon is $A(x_A, y_A) \to B(x_B, y_B) \to O_1 \to C(x_C, y_C) \to D(x_D, y_D) \to O_2 \to A$.
For convexity, the x-coordinates must generally decrease then increase?
$O_1$ is left of $O_2$.
So likely $x_B < x_C$? No, $B$ and $C$ are on $\omega_1$.
Usually, the intersection points of a circle with another circle are symmetric with respect to the line of centers of the two circles.
Line of centers for $\Omega$ and $\omega_1$: Let $L_1$ be the line connecting $O_1$ and $O_\Omega$.
The chord $BC$ is perpendicular to $L_1$.
Line of centers for $\Omega$ and $\omega_2$: Let $L_2$ be the line connecting $O_2$ and $O_\Omega$.
The chord $AD$ is perpendicular to $L_2$.
Unless $O_\Omega$ lies on the x-axis, $L_1$ and $L_2$ are not the x-axis.
If $O_\Omega$ is on the x-axis, then $E=0$, and we found $AB=CD$, which contradicts the data.
So $O_\Omega$ is NOT on the x-axis.
This means the configuration is not symmetric about the x-axis.
However, there might be a different symmetry or a specific property of the lengths.

Let's use the property of the radical axis again.
Radical axis of $\Omega, \omega_1$: $L_{BC}: 15x - Ey + r_1r_2 = 0$.
Radical axis of $\Omega, \omega_2$: $L_{AD}: 15x + Ey - r_1r_2 = 0$.
Note that $L_{BC}$ and $L_{AD}$ are symmetric with respect to the line $x = \frac{r_1r_2}{15}$?
Let's check the midpoint of the segment connecting the ""centers"" of the radical axes?
Actually, let's look at the coordinates of $A, B, C, D$.
$A, D$ are on $\omega_2$ and $L_{AD}$.
$B, C$ are on $\omega_1$ and $L_{BC}$.
Let's assume the hexagon area can be calculated as the sum of areas of triangles or trapezoids.
Area = Area($ABO_1$) + Area($O_1CD$) + Area($O_2DA$)? No, the vertices are $A, B, O_1, C, D, O_2$.
We can split the hexagon into two parts by the line $O_1O_2$?
No, $B$ and $C$ are on opposite sides, $A$ and $D$ are on opposite sides.
So the hexagon crosses the axis $O_1O_2$ at $O_1$ and $O_2$.
The area is the sum of the area of the upper part ($A-B-O_1$ and maybe part of $O_2$?) and lower part.
Actually, the polygon is $A \to B \to O_1 \to C \to D \to O_2 \to A$.
Upper vertices: $A, B$. Lower vertices: $C, D$.
The segment $AB$ is above the axis? $B$ is above, $A$ is above.
The segment $CD$ is below the axis? $C$ is below, $D$ is below.
The segments $BO_1$ and $O_1C$ connect to the axis.
The segments $DO_2$ and $O_2A$ connect to the axis.
So the hexagon consists of:
1. Triangle $ABO_1$? No, $A, B, O_1$ are vertices.
2. Triangle $O_1CD$? No, $O_1, C, D$ are not consecutive. $O_1-C-D-O_2$.
Let's decompose the hexagon into:
- Polygon $A B O_1 O_2 D$? No.
Let's use the shoelace formula or decomposition.
Decompose into:
- Triangle $O_1 B A$? No, $O_1, B, A$ are not necessarily forming a simple triangle inside.
Better decomposition:
Draw the line $O_1O_2$.
The hexagon is composed of:
- Upper region bounded by $A-B-O_1$ and $O_2-A$? No, $O_2$ is on the axis.
The upper boundary is $A \to B \to O_1$ and $O_2 \to A$.
Wait, the order is $A, B, O_1, C, D, O_2$.
So the upper chain is $A \to B \to O_1$. Then from $O_1$ we go to $C$ (down).
Then $C \to D$ (across bottom).
Then $D \to O_2$ (up to axis).
Then $O_2 \to A$ (up to top).
So the hexagon is the union of:
- Polygon $A B O_1 O_2$? No, $O_1$ to $O_",\boxed{140},0,0.0
"Let $x,y$ and $z$ be positive real numbers that satisfy the following system of equations:
\[\log_2\left({x \over yz}\right) = {1 \over 2}\]\[\log_2\left({y \over xz}\right) = {1 \over 3}\]\[\log_2\left({z \over xy}\right) = {1 \over 4}\]
Then the value of $\left|\log_2(x^4y^3z^2)\right|$ is $\tfrac{m}{n}$ where $m$ and $n$ are relatively prime positive integers. Find $m+n$.","To find the value of $\left|\log_2(x^4y^3z^2)\right|$, let's first simplify the given system of equations.

The given equations are:
1. $\log_2\left(\frac{x}{yz}\right) = \frac{1}{2}$
2. $\log_2\left(\frac{y}{xz}\right) = \frac{1}{3}$
3. $\log_2\left(\frac{z}{xy}\right) = \frac{1}{4}$

Using the property of logarithms $\log_b\left(\frac{a}{b}\right) = \log_b(a) - \log_b(b)$, we can rewrite each equation in terms of $\log_2 x$, $\log_2 y$, and $\log_2 z$. Let $a = \log_2 x$, $b = \log_2 y$, and $c = \log_2 z$.

The system becomes:
1. $a - (b + c) = \frac{1}{2} \implies a - b - c = \frac{1}{2}$
2. $b - (a + c) = \frac{1}{3} \implies -a + b - c = \frac{1}{3}$
3. $c - (a + b) = \frac{1}{4} \implies -a - b + c = \frac{1}{4}$

We need to find the value of $\left|\log_2(x^4y^3z^2)\right|$. Using the power rule $\log_b(x^k) = k\log_b x$, this expression becomes:
$$ \left| 4a + 3b + 2c \right| $$

Let's solve the system of linear equations for $a$, $b$, and $c$.
Summing all three equations:
$$ (a - b - c) + (-a + b - c) + (-a - b + c) = \frac{1}{2} + \frac{1}{3} + \frac{1}{4} $$
$$ -a - b - c = \frac{6}{12} + \frac{4}{12} + \frac{3}{12} = \frac{13}{12} $$
So, $a + b + c = -\frac{13}{12}$.

Now we can find $a$, $b$, and $c$ individually by adding the original equations to the sum $a+b+c$.

**Finding $a$:**
Add equation (1) to $(a+b+c)$:
$$ (a - b - c) + (a + b + c) = \frac{1}{2} + \left(-\frac{13}{12}\right) $$
$$ 2a = \frac{6}{12} - \frac{13}{12} = -\frac{7}{12} $$
$$ a = -\frac{7}{24} $$

**Finding $b$:**
Add equation (2) to $(a+b+c)$:
$$ (-a + b - c) + (a + b + c) = \frac{1}{3} + \left(-\frac{13}{12}\right) $$
$$ 2b = \frac{4}{12} - \frac{13}{12} = -\frac{9}{12} = -\frac{3}{4} $$
$$ b = -\frac{3}{8} = -\frac{9}{24} $$

**Finding $c$:**
Add equation (3) to $(a+b+c)$:
$$ (-a - b + c) + (a + b + c) = \frac{1}{4} + \left(-\frac{13}{12}\right) $$
$$ 2c = \frac{3}{12} - \frac{13}{12} = -\frac{10}{12} = -\frac{5}{6} $$
$$ c = -\frac{5}{12} = -\frac{10}{24} $$

Now substitute these values into the expression $4a + 3b + 2c$:
$$ 4a = 4 \left(-\frac{7}{24}\right) = -\frac{7}{6} $$
$$ 3b = 3 \left(-\frac{3}{8}\right) = -\frac{9}{8} $$
$$ 2c = 2 \left(-\frac{5}{12}\right) = -\frac{5}{6} $$

Summing them up:
$$ 4a + 3b + 2c = -\frac{7}{6} - \frac{9}{8} - \frac{5}{6} $$
Combine the terms with denominator 6:
$$ -\frac{7}{6} - \frac{5}{6} = -\frac{12}{6} = -2 $$
Now add the term with denominator 8:
$$ -2 - \frac{9}{8} = -\frac{16}{8} - \frac{9}{8} = -\frac{25}{8} $$

The value we need is the absolute value:
$$ \left| -\frac{25}{8} \right| = \frac{25}{8} $$

Thus, $\frac{m}{n} = \frac{25}{8}$.
Here, $m = 25$ and $n = 8$.
Check if $m$ and $n$ are relatively prime:
The factors of 25 are 1, 5, 25.
The factors of 8 are 1, 2, 4, 8.
The greatest common divisor is 1, so they are relatively prime.

Finally, calculate $m + n$:
$$ m + n = 25 + 8 = 33 $$

**Answer:** 33",\boxed{033},1,0.0
"Jen enters a lottery by picking $4$ distinct numbers from $S=\{1,2,3,\cdots,9,10\}.$ $4$ numbers are randomly chosen from $S.$ She wins a prize if at least two of her numbers were $2$ of the randomly chosen numbers, and wins the grand prize if all four of her numbers were the randomly chosen numbers. The probability of her winning the grand prize given that she won a prize is $\tfrac{m}{n}$ where $m$ and $n$ are relatively prime positive integers. Find $m+n$.","To find the value of $m+n$, we need to calculate the conditional probability that Jen wins the grand prize given that she won a prize.

### Step 1: Define the Events and Sample Space

Let $S = \{1, 2, 3, \dots, 10\}$. The size of the set is $|S| = 10$.
Jen picks $4$ distinct numbers. Let her chosen set be $J$.
The lottery draws $4$ distinct numbers. Let the drawn set be $D$.
The total number of ways to choose the drawn set $D$ from $S$ is:
$$ \binom{10}{4} = \frac{10 \times 9 \times 8 \times 7}{4 \times 3 \times 2 \times 1} = 210 $$
Since Jen's choice is fixed (or we can consider the symmetry), the probability calculations depend only on the number of overlaps between $J$ and $D$. Let $k$ be the number of common elements between $J$ and $D$. Since both sets have size 4, $k$ can range from $0$ to $4$.

### Step 2: Calculate the Number of Ways for Each Outcome

The number of ways to choose the drawn set $D$ such that it shares exactly $k$ numbers with Jen's set $J$ is given by:
$$ N_k = \binom{4}{k} \times \binom{10-4}{4-k} = \binom{4}{k} \binom{6}{4-k} $$
Here, $\binom{4}{k}$ is the number of ways to choose $k$ numbers from Jen's set, and $\binom{6}{4-k}$ is the number of ways to choose the remaining $4-k$ numbers from the $6$ numbers in $S$ that Jen did not pick.

Let's calculate $N_k$ for $k = 0, 1, 2, 3, 4$:

-   **$k=0$** (No match):
    $$ N_0 = \binom{4}{0} \binom{6}{4} = 1 \times 15 = 15 $$
-   **$k=1$** (Exactly 1 match):
    $$ N_1 = \binom{4}{1} \binom{6}{3} = 4 \times 20 = 80 $$
-   **$k=2$** (Exactly 2 matches):
    $$ N_2 = \binom{4}{2} \binom{6}{2} = 6 \times 15 = 90 $$
-   **$k=3$** (Exactly 3 matches):
    $$ N_3 = \binom{4}{3} \binom{6}{1} = 4 \times 6 = 24 $$
-   **$k=4$** (Exactly 4 matches):
    $$ N_4 = \binom{4}{4} \binom{6}{0} = 1 \times 1 = 1 $$

Check the sum: $15 + 80 + 90 + 24 + 1 = 210$. This matches the total number of outcomes.

### Step 3: Define Winning Conditions

-   **Winning a prize**: Jen wins if at least two of her numbers are in the drawn set. This corresponds to $k \ge 2$.
    The favorable outcomes for winning a prize are $k \in \{2, 3, 4\}$.
    Let $E$ be the event of winning a prize.
    $$ |E| = N_2 + N_3 + N_4 = 90 + 24 + 1 = 115 $$

-   **Winning the grand prize**: Jen wins the grand prize if all four of her numbers are in the drawn set. This corresponds to $k = 4$.
    Let $G$ be the event of winning the grand prize.
    $$ |G| = N_4 = 1 $$

### Step 4: Calculate the Conditional Probability

We need to find $P(G | E)$, which is defined as:
$$ P(G | E) = \frac{P(G \cap E)}{P(E)} = \frac{|G \cap E|}{|E|} $$
Since winning the grand prize ($k=4$) implies winning a prize ($k \ge 2$), $G \subseteq E$, so $G \cap E = G$.
$$ P(G | E) = \frac{|G|}{|E|} = \frac{1}{115} $$

### Step 5: Determine $m$ and $n$

The probability is $\frac{1}{115}$.
Here, $m = 1$ and $n = 115$.
We check if they are relatively prime:
The factors of $1$ are just $1$.
The factors of $115$ are $1, 5, 23, 115$.
The greatest common divisor $\gcd(1, 115) = 1$.
Thus, $m$ and $n$ are relatively prime positive integers.

### Step 6: Calculate $m+n$

$$ m + n = 1 + 115 = 116 $$

**Answer:** 116",\boxed{116},1,0.0
"Alice and Bob play the following game. A stack of $n$ tokens lies before them. The players take turns with Alice going first. On each turn, the player removes either $1$ token or $4$ tokens from the stack. Whoever removes the last token wins. Find the number of positive integers $n$ less than or equal to $2024$ for which there exists a strategy for Bob that guarantees that Bob will win the game regardless of Alice's play.","To solve this problem, we need to analyze the game using the concept of winning and losing positions (also known as P-positions and N-positions) in combinatorial game theory.

### 1. Game Rules and Definitions
- **Game**: A stack of $n$ tokens.
- **Moves**: A player can remove $1$ or $4$ tokens.
- **Winning Condition**: The player who removes the last token wins (Normal Play convention).
- **Positions**:
  - A position $n$ is a **Winning position (N-position)** if there exists at least one move to a Losing position.
  - A position $n$ is a **Losing position (P-position)** if every possible move leads to a Winning position.
- **Goal**: We need to find the number of integers $n \le 2024$ such that the starting position $n$ is a **Losing position** for the first player (Alice). If $n$ is a Losing position, then the second player (Bob) has a winning strategy regardless of Alice's moves.

### 2. Analyzing Small Values of $n$
Let's determine the status (W for Winning, L for Losing) for small values of $n$:

- **$n = 0$**: No tokens left. The previous player took the last token, so the current player has already lost. However, the game starts with $n \ge 1$. Let's define the base case for recursion: if you cannot move, you lose. So $n=0$ is a **Losing (L)** position.
- **$n = 1$**: Alice can remove 1 token, leaving 0. Since 0 is L, 1 is **Winning (W)**.
- **$n = 2$**: Alice can remove 1 token, leaving 1 (W). She cannot remove 4. Since the only move leads to a W position, 2 is **Losing (L)**.
- **$n = 3$**: Alice can remove 1 token, leaving 2 (L). Since there is a move to an L position, 3 is **Winning (W)**.
- **$n = 4$**:
  - Remove 1 $\to$ 3 (W).
  - Remove 4 $\to$ 0 (L).
  - Since there is a move to 0 (L), 4 is **Winning (W)**.
- **$n = 5$**:
  - Remove 1 $\to$ 4 (W).
  - Remove 4 $\to$ 1 (W).
  - All moves lead to W positions, so 5 is **Losing (L)**.
- **$n = 6$**:
  - Remove 1 $\to$ 5 (L).
  - Move to L exists, so 6 is **Winning (W)**.
- **$n = 7$**:
  - Remove 1 $\to$ 6 (W).
  - Remove 4 $\to$ 3 (W).
  - All moves lead to W, so 7 is **Losing (L)**.
- **$n = 8$**:
  - Remove 1 $\to$ 7 (L).
  - Move to L exists, so 8 is **Winning (W)**.
- **$n = 9$**:
  - Remove 1 $\to$ 8 (W).
  - Remove 4 $\to$ 5 (L).
  - Move to L exists, so 9 is **Winning (W)**.
- **$n = 10$**:
  - Remove 1 $\to$ 9 (W).
  - Remove 4 $\to$ 6 (W).
  - All moves lead to W, so 10 is **Losing (L)**.

### 3. Identifying the Pattern
Let's list the statuses for $n = 0$ to $10$:
- $0$: L
- $1$: W
- $2$: L
- $3$: W
- $4$: W
- $5$: L
- $6$: W
- $7$: L
- $8$: W
- $9$: W
- $10$: L

The sequence of statuses (L=0, W=1) is:
$0, 1, 0, 1, 1, 0, 1, 0, 1, 1, 0, \dots$

Let's check the pattern length.
The sequence of L positions found so far is: $0, 2, 5, 7, 10, \dots$
Differences between consecutive L positions:
$2 - 0 = 2$
$5 - 2 = 3$
$7 - 5 = 2$
$10 - 7 = 3$

It appears the pattern of L positions repeats every $2+3=5$ steps.
Let's verify the next few terms based on the hypothesis that the period is 5.
If the pattern of W/L repeats every 5, the cycle is: L, W, L, W, W.
Let's check $n=11$ to $15$:
- $n=11$: Moves to 10 (L) or 7 (L). Since it can reach L, 11 is **W**. (Matches cycle: 1st in cycle is L? Wait, let's re-index).

Let's look at $n \pmod 5$:
- $n \equiv 0 \pmod 5$: $0 \to$ L, $5 \to$ L, $10 \to$ L. **Always L**.
- $n \equiv 1 \pmod 5$: $1 \to$ W, $6 \to$ W, $11 \to$ W. **Always W**.
- $n \equiv 2 \pmod 5$: $2 \to$ L, $7 \to$ L, $12 \to$ L. **Always L**.
- $n \equiv 3 \pmod 5$: $3 \to$ W, $8 \to$ W, $13 \to$ W. **Always W**.
- $n \equiv 4 \pmod 5$: $4 \to$ W, $9 \to$ W, $14 \to$ W. **Always W**.

Let's rigorously prove this pattern holds for all $n$.
Hypothesis: $n$ is a Losing position if and only if $n \equiv 0 \pmod 5$ or $n \equiv 2 \pmod 5$.
Equivalently, $n$ is a Winning position if $n \equiv 1, 3, 4 \pmod 5$.

**Proof by Induction**:
Base cases ($0 \le n \le 4$) are verified above.
Assume the hypothesis holds for all $k < n$. Consider $n$.

**Case 1: $n \equiv 0 \pmod 5$ or $n \equiv 2 \pmod 5$ (Claim: L)**
Possible moves lead to $n-1$ and $n-4$.
- If $n \equiv 0 \pmod 5$:
  - $n-1 \equiv 4 \pmod 5$ (Winning by hypothesis).
  - $n-4 \equiv 1 \pmod 5$ (Winning by hypothesis).
  - All moves lead to Winning positions. Thus, $n$ is **Losing**.
- If $n \equiv 2 \pmod 5$:
  - $n-1 \equiv 1 \pmod 5$ (Winning).
  - $n-4 \equiv 3 \pmod 5$ (Winning).
  - All moves lead to Winning positions. Thus, $n$ is **Losing**.

**Case 2: $n \equiv 1, 3, 4 \pmod 5$ (Claim: W)**
We need to show there exists at least one move to a Losing position ($0$ or $2 \pmod 5$).
- If $n \equiv 1 \pmod 5$:
  - Move $n-4 \implies 1-4 \equiv -3 \equiv 2 \pmod 5$. This is a Losing position. So $n$ is **Winning**.
- If $n \equiv 3 \pmod 5$:
  - Move $n-1 \implies 3-1 \equiv 2 \pmod 5$. This is a Losing position. So $n$ is **Winning**.
- If $n \equiv 4 \pmod 5$:
  - Move $n-1 \implies 4-1 \equiv 3 \pmod 5$ (Winning).
  - Move $n-4 \implies 4-4 \equiv 0 \pmod 5$. This is a Losing position. So $n$ is **Winning**.

The pattern holds for all $n$.

### 4. Counting the Winning Strategies for Bob
Bob wins if the starting number $n$ is a Losing position.
Based on our analysis, Bob wins if:
$$n \equiv 0 \pmod 5 \quad \text{or} \quad n \equiv 2 \pmod 5$$

We need to count the number of positive integers $n$ such that $1 \le n \le 2024$ satisfying this condition.

The total number of integers is $2024$.
The period is $5$. In every block of 5 consecutive integers, there are exactly 2 such numbers (those congruent to 0 and 2 modulo 5).

Let's calculate the number of full blocks of 5 in 2024:
$$2024 = 5 \times 404 + 4$$
So there are 404 full blocks.
Number of favorable integers in full blocks:
$$404 \times 2 = 808$$

Now consider the remaining 4 integers: $2021, 2022, 2023, 2024$.
Their values modulo 5 correspond to the residues $1, 2, 3, 4$ (since $2020$ is divisible by 5).
- $2021 \equiv 1 \pmod 5$ (Not favorable)
- $2022 \equiv 2 \pmod 5$ (**Favorable**)
- $2023 \equiv 3 \pmod 5$ (Not favorable)
- $2024 \equiv 4 \pmod 5$ (Not favorable)

There is 1 favorable integer in the remainder.

Total count = $808 + 1 = 809$.

### Conclusion
The number of positive integers $n \le 2024$ for which Bob has a winning strategy is 809.

**Answer:** 809",\boxed{809},1,0.0
"Let $N$ be the number of ways to place the integers $1$ through $12$ in the $12$ cells of a $2 \times 6$ grid so that for any two cells sharing a side, the difference between the numbers in those cells is not divisible by $3.$ One way to do this is shown below. Find the number of positive integer divisors of $N.$
\[\begin{array}{|c|c|c|c|c|c|} \hline \,1\, & \,3\, & \,5\, & \,7\, & \,9\, & 11 \\ \hline \,2\, & \,4\, & \,6\, & \,8\, & 10 & 12 \\ \hline \end{array}\]","To find the number of ways to place the integers $1$ through $12$ in a $2 \times 6$ grid such that the difference between any two adjacent cells is not divisible by $3$, we proceed with the following logical steps:

### Step 1: Analyze the Condition Modulo 3
The condition states that for any two adjacent cells, the difference of their numbers is not divisible by $3$.
Let the numbers in the grid be $x$ and $y$. The condition is $x - y \not\equiv 0 \pmod 3$, which implies $x \not\equiv y \pmod 3$.
This means that no two adjacent cells can contain numbers that are congruent modulo $3$.

The set of numbers $\{1, 2, \dots, 12\}$ can be partitioned into three sets based on their remainder modulo $3$:
- $S_0 = \{3, 6, 9, 12\}$ (4 numbers, remainder 0)
- $S_1 = \{1, 4, 7, 10\}$ (4 numbers, remainder 1)
- $S_2 = \{2, 5, 8, 11\}$ (4 numbers, remainder 2)

Each set contains exactly 4 numbers.

### Step 2: Determine the Pattern of Remainders in the Grid
Consider the grid as a bipartite graph (like a chessboard). The cells can be colored black and white such that no two cells of the same color share a side.
In a $2 \times 6$ grid, there are 12 cells.
- Number of black cells = 6
- Number of white cells = 6

Let's look at the adjacency constraint again. If cell $A$ has remainder $r_A$ and its neighbor $B$ has remainder $r_B$, then $r_A \neq r_B$.
This implies that along any path, the remainders must alternate.
However, we have three possible remainders: $0, 1, 2$.
If we assign a remainder to the top-left cell, say $r$, then its right neighbor must be in $\{0, 1, 2\} \setminus \{r\}$, and its bottom neighbor must also be in $\{0, 1, 2\} \setminus \{r\}$.

Let's test if a valid coloring exists where all cells of one color have the same remainder and all cells of the other color have the same remainder.
Suppose all black cells have remainder $a$ and all white cells have remainder $b$.
Since adjacent cells must have different remainders, we must have $a \neq b$.
Is it possible to have $a, b, c$ involved?
Consider a $2 \times 2$ subgrid:
$$
\begin{array}{|c|c|}
\hline
x & y \\
\hline
z & w \\
\hline
\end{array}
$$
$x$ is adjacent to $y$ and $z$. So $x \not\equiv y$ and $x \not\equiv z$.
$y$ is adjacent to $x$ and $w$. So $y \not\equiv w$.
$z$ is adjacent to $x$ and $w$. So $z \not\equiv w$.
If we try to use only two remainders, say $0$ and $1$:
$x=0 \implies y=1, z=1$.
Then $y=1 \implies w=0$.
$z=1 \implies w=0$.
This works:
$$
\begin{array}{|c|c|}
\hline
0 & 1 \\
\hline
1 & 0 \\
\hline
\end{array}
$$
This is a valid pattern. In this pattern, the grid is a checkerboard of two specific remainders.
Can we use three remainders?
Suppose $x=0$. Then $y, z \in \{1, 2\}$.
If $y=1$, then $w$ must be $\neq 1$. Also $z$ must be $\neq 0$.
If $z=1$, then $w$ must be $\neq 1$. So $w=0$ or $w=2$.
If $w=0$, we have the pattern above.
If $w=2$, then $y=1$ (ok), $z=1$ (ok). But $w=2$ is adjacent to $y=1$ and $z=1$. This is fine.
However, consider the global structure. The grid is bipartite. Let the two sets of vertices be $V_{black}$ and $V_{white}$.
Every edge connects a vertex in $V_{black}$ to a vertex in $V_{white}$.
The condition is that for every edge $(u, v)$, $color(u) \neq color(v)$.
This does not force all vertices in $V_{black}$ to have the same color.
BUT, let's look at the counts. We have 4 numbers of each remainder type. Total 12 numbers.
The grid has 6 black and 6 white cells.
If we assign remainders such that some black cells are $0$ and some are $1$, then their white neighbors must be non-$0$ and non-$1$ respectively.
Let's reconsider the constraint strictly.
Actually, the standard solution for this type of problem on a grid often relies on the fact that the graph is bipartite and the constraints force a specific distribution if the counts are tight.
Let's try to construct a valid assignment with 3 remainders.
Suppose we have a $2 \times 2$ block:
$0, 1$
$2, 0$
Here $0$ is adjacent to $1$ and $2$. $1$ adjacent to $0$ and $0$ (bad, $1 \not\equiv 0$ is ok, but $1$ adjacent to $0$ twice? No, distinct cells).
Wait, in $2 \times 2$:
Top-left (0) adj Top-right (1), Bot-left (2).
Top-right (1) adj Top-left (0), Bot-right (?).
Bot-left (2) adj Top-left (0), Bot-right (?).
Bot-right must be $\neq 1$ and $\neq 2$. So Bot-right must be $0$.
So the $2 \times 2$ must be:
0 1
2 0
Or permutations.
Now extend to $2 \times 6$.
Row 1: $c_1, c_2, c_3, c_4, c_5, c_6$
Row 2: $d_1, d_2, d_3, d_4, d_5, d_6$
Constraints:
$c_i \neq c_{i+1}$
$d_i \neq d_{i+1}$
$c_i \neq d_i$
$c_i \neq d_{i+1}$ (vertical adjacency? No, vertical is $c_i$ and $d_i$. Horizontal is $c_i$ and $c_{i+1}$).
Wait, the problem says ""sharing a side"".
So $c_i$ is adjacent to $c_{i+1}$ and $d_i$.
$d_i$ is adjacent to $d_{i+1}$ and $c_i$.
Also $c_i$ is NOT adjacent to $d_{i+1}$.
So the constraints are:
1. $c_i \not\equiv c_{i+1} \pmod 3$
2. $d_i \not\equiv d_{i+1} \pmod 3$
3. $c_i \not\equiv d_i \pmod 3$

Let's analyze the sequence $c_1, c_2, \dots, c_6$.
Since $c_i \not\equiv c_{i+1}$, the sequence alternates between two values? Not necessarily, it could be $0, 1, 0, 2, \dots$?
If $c_1 = 0$, then $c_2 \in \{1, 2\}$.
If $c_2 = 1$, then $c_3 \in \{0, 2\}$.
If $c_3 = 2$, then $c_4 \in \{0, 1\}$.
This allows mixing.
However, consider the counts. We have exactly 4 of each remainder.
Total cells = 12.
If we mix remainders in the rows, can we satisfy the column constraints?
Let's try to prove that the remainders must be constant on the rows or follow a specific pattern.
Actually, there is a known result for this specific problem (AIME II 2012 Problem 12). The key insight is that the graph is bipartite, but the constraint $x \not\equiv y \pmod 3$ combined with the limited supply of each residue class forces the residues to be arranged in a specific way.
Let's re-evaluate the $2 \times 2$ deduction.
$c_1, c_2$
$d_1, d_2$
$c_1 \neq c_2, c_1 \neq d_1$.
$c_2 \neq d_2, c_2 \neq d_1$ (since $d_1$ is adj to $c_1$ and $d_2$? No, $d_1$ adj $c_1, d_2$. $c_2$ adj $c_1, d_2$).
So $c_2 \neq d_2$ and $c_2 \neq d_1$? No, $c_2$ is not adjacent to $d_1$.
Adjacencies:
$c_1 - c_2$
$c_1 - d_1$
$c_2 - d_2$
$d_1 - d_2$
So $c_2$ is NOT adjacent to $d_1$.
My previous $2 \times 2$ deduction was wrong.
Correct constraints for $2 \times 2$:
$c_1 \neq c_2$
$c_1 \neq d_1$
$c_2 \neq d_2$
$d_1 \neq d_2$
Let's try to assign residues.
Suppose $c_1 = 0$.
Then $c_2 \in \{1, 2\}$, $d_1 \in \{1, 2\}$.
Case A: $c_2 = 1, d_1 = 1$.
Then $d_2 \neq 1$ and $d_2 \neq d_1=1$. So $d_2 \in \{0, 2\}$.
If $d_2 = 0$, we have:
0 1
1 0
This uses two 0s and two 1s.
If $d_2 = 2$, we have:
0 1
1 2
This uses one 0, two 1s, one 2.
Now consider the next column.
If we have a column like $\begin{pmatrix} 0 \\ 1 \end{pmatrix}$, the next column $\begin{pmatrix} x \\ y \end{pmatrix}$ must satisfy $x \neq 0, y \neq 1, x \neq y$.
This seems to allow many patterns.
BUT, we have a global constraint: exactly 4 of each residue.
Let's look at the example given in the problem:
Row 1: 1, 3, 5, 7, 9, 11 (All $\equiv 1 \pmod 3$)
Row 2: 2, 4, 6, 8, 10, 12 (All $\equiv 2 \pmod 3$)
Check adjacencies:
Horizontal: $1-3= -2$ (not div by 3). $3-5=-2$. OK.
Vertical: $1-2=-1$. $3-4=-1$. OK.
This configuration works. Here, Row 1 has all 1s, Row 2 has all 2s.
Are there other configurations?
What if Row 1 has all 0s and Row 2 has all 1s?
$3, 6, 9, 12$ vs $1, 4, 7, 10$.
Horizontal: $3-6=-3$ (divisible by 3). **FAIL**.
Ah! The horizontal adjacency constraint $c_i \not\equiv c_{i+1}$ means we cannot have all cells in a row with the same remainder if the row length is $>1$.
Wait, in the example:
Row 1: 1, 3, 5, 7, 9, 11.
$1 \equiv 1$, $3 \equiv 0$, $5 \equiv 2$, $7 \equiv 1$, $9 \equiv 0$, $11 \equiv 2$.
The example provided in the problem statement is:
1 3 5 7 9 11
2 4 6 8 10 12
Let's check the remainders of the example:
Row 1: $1, 0, 2, 1, 0, 2$.
Row 2: $2, 1, 0, 2, 1, 0$.
Check horizontal:
R1: $1-0 \neq 0$, $0-2 \neq 0$, $2-1 \neq 0$, etc. OK.
R2: $2-1 \neq 0$, $1-0 \neq 0$, etc. OK.
Check vertical:
Col 1: $1-2 = -1$. OK.
Col 2: $3-4 = -1$. OK.
Col 3: $5-6 = -1$. OK.
...
This example uses a pattern where Row 1 is $1, 0, 2, 1, 0, 2$ and Row 2 is $2, 1, 0, 2, 1, 0$.
Notice that Row 2 is just Row 1 shifted or inverted?
$R1_i = r_i$. $R2_i = r_{i+1}$?
$1 \to 2$
$0 \to 1$
$2 \to 0$
It seems $R2_i = (R1_i + 1) \pmod 3$?
$1+1=2$. $0+1=1$. $2+1=0$. Yes.
And $R1$ pattern: $1, 0, 2, 1, 0, 2$.
This is a repeating pattern of length 3: $1, 0, 2$.
Since the row length is 6, it repeats twice.
Counts in R1: two 1s, two 0s, two 2s.
Counts in R2: two 2s, two 1s, two 0s.
Total counts: four 1s, four 0s, four 2s. This matches our available numbers.

Is this the ONLY pattern of remainders?
Let's analyze the constraints on the sequence of remainders $r_1, r_2, \dots, r_6$ for the top row.
Condition: $r_i \neq r_{i+1}$.
Also, let the bottom row be $s_1, s_2, \dots, s_6$.
Conditions: $s_i \neq s_{i+1}$ and $s_i \neq r_i$.
Also, we need the total count of each remainder to be 4.
Let's assume the pattern must be periodic with period 3.
Why? Because if we have a sequence of length 6 where adjacent elements are distinct, and we want to balance the counts to 2 of each per row (to sum to 4 total), the most natural way is the cycle $0, 1, 2, 0, 1, 2$ or its shifts.
Are there other sequences of length 6 with adjacent distinct elements that have exactly two of each remainder?
Total permutations of multiset $\{0,0,1,1,2,2\}$ with no adjacent identical elements.
Let's list them.
Start with 0. Next can be 1 or 2.
If 0, 1:
  Next (pos 3) can be 0 or 2.
  If 0, 1, 0:
    Next (pos 4) can be 1 or 2.
    If 1: 0, 1, 0, 1. Remaining {0, 2}. Next must be 0 or 2.
      If 0: 0, 1, 0, 1, 0. Remaining {2}. Last must be 2. -> 0, 1, 0, 1, 0, 2. (Valid)
      If 2: 0, 1, 0, 1, 2. Remaining {0}. Last must be 0. -> 0, 1, 0, 1, 2, 0. (Valid)
    If 2: 0, 1, 0, 2. Remaining {0, 1}.
      If 0: 0, 1, 0, 2, 0. Last 1. -> 0, 1, 0, 2, 0, 1. (Valid)
      If 1: 0, 1, 0, 2, 1. Last 0. -> 0, 1, 0, 2, 1, 0. (Valid)
  If 0, 1, 2:
    Next (pos 4) can be 0 or 1.
    If 0: 0, 1, 2, 0. Remaining {1, 2}.
      If 1: 0, 1, 2, 0, 1. Last 2. -> 0, 1, 2, 0, 1, 2. (Valid)
      If 2: 0, 1, 2, 0, 2. Last 1. -> 0, 1, 2, 0, 2, 1. (Valid)
    If 1: 0, 1, 2, 1. Remaining {0, 2}.
      If 0: 0, 1, 2, 1, 0. Last 2. -> 0, 1, 2, 1, 0, 2. (Valid)
      If 2: 0, 1, 2, 1, 2. Last 0. -> 0, 1, 2, 1, 2, 0. (Valid)

There are many such sequences.
However, we also need to form the second row $s_i$ such that $s_i \neq r_i$ and $s_i \neq s_{i+1}$, and the total counts match.
Let's test the example pattern: $R = (1, 0, 2, 1, 0, 2)$.
Counts: 2 of each.
We need $S$ such that $S_i \neq R_i$ and $S_i \neq S_{i+1}$.
And total counts of $S$ must be 2 of each.
Possible $S_i$ values given $R_i$:
$i=1, R_1=1 \implies S_1 \in \{0, 2\}$.
$i=2, R_2=0 \implies S_2 \in \{1, 2\}$.
$i=3, R_3=2 \implies S_3 \in \{0, 1\}$.
$i=4, R_4=1 \implies S_4 \in \{0, 2\}$.
$i=5, R_5=0 \implies S_5 \in \{1, 2\}$.
$i=6, R_6=2 \implies S_6 \in \{0, 1\}$.
We need to pick one from each set such that adjacent $S_i$ are distinct and counts are balanced.
In the example, $S = (2, 1, 0, 2, 1, 0)$.
Check: $2 \neq 1$, $1 \neq 2$, $0 \neq 1$, $2 \neq 0$, $1 \neq 2$, $0 \neq 1$. OK.
Counts: 2 of each. OK.
Is this the only choice for $S$ given $R$?
Let's try to vary $S_1$.
If $S_1 = 0$.
Then $S_2 \neq 0$. From options $\{1, 2\}$.
If $S_2 = 1$.
$S_3 \neq 1$. Options $\{0, 1\} \implies S_3 = 0$.
$S_4 \neq 0$. Options $\{0, 2\} \implies S_4 = 2$.
$S_5 \neq 2$. Options $\{1, 2\} \implies S_5 = 1$.
$S_6 \neq 1$. Options $\{0, 1\} \implies S_6 = 0$.
Result: $S = (0, 1, 0, 2, 1, 0)$.
Counts: 0s: 3, 1s: 2, 2s: 1. **Invalid** (need 2 of each).
If $S_2 = 2$ (given $S_1=0$).
$S_3 \neq 2$. Options $\{0, 1\}$.
If $S_3 = 0$.
$S_4 \neq 0 \implies 2$.
$S_5 \neq 2 \implies 1$.
$S_6 \neq 1 \implies 0$.
$S = (0, 2, 0, 2, 1, 0)$. Counts: 0s: 3, 1s: 1, 2s: 2. **Invalid**.
If $S_3 = 1$ (given $S_1=0, S_2=2$).
$S_4 \neq 1 \implies 0$ or $2$.
If $S_4 = 0$.
$S_5 \neq 0 \implies 1$ or $2$.
If $S_5 = 1$. $S_6 \neq 1 \implies 0$.
$S = (0, 2, 1, 0, 1, 0)$. Counts: 0s: 3, 1s: 2, 2s: 1. **Invalid**.
If $S_5 = 2$. $S_6 \neq 2 \implies 0$ or $1$.
If $S_6 = 0$. $S = (0, 2, 1, 0, 2, 0)$. Counts: 0s: 3, 1s: 1, 2s: 2. **Invalid**.
If $S_6 = 1$. $S = (0, 2, 1, 0, 2, 1)$. Counts: 0s: 2, 1s: 2, 2s: 2. **Valid!**
Let's check this $S$: $(0, 2, 1, 0, 2, 1)$.
$R = (1, 0, 2, 1, 0, 2)$.
Pairs $(R_i, S_i)$: $(1,0), (0,2), (2,1), (1,0), (0,2), (2,1)$.
All distinct.
$S$ adjacencies: $0-2, 2-1, 1-0, 0-2, 2-1$. All distinct.
So this is a valid second row.
Pattern:
R: 1 0 2 1 0 2
S: 0 2 1 0 2 1
Notice $S_i = (R_i - 1) \pmod 3$?
$1-1=0$. $0-1=2$. $2-1=1$. Yes.
So we have two valid patterns for the pair of rows given the sequence $1, 0, 2, 1, 0, 2$:
1. $S = R+1$ (Example)
2. $S = R-1$

What if we chose a different base sequence $R$?
Due to symmetry, any valid sequence $R$ with counts 2,2,2 will likely have exactly 2 valid completions for $S$ (one being $R+1$, one being $R-1$).
How many such sequences $R$ are there?
We listed them earlier.
Start with 0:
1. 0 1 0 1 0 2
2. 0 1 0 1 2 0
3. 0 1 0 2 0 1
4. 0 1 0 2 1 0
5. 0 1 2 0 1 2
6. 0 1 2 0 2 1
7. 0 1 2 1 0 2
8. 0 1 2 1 2 0
Start with 1: (Symmetric to starting with 0 via shift) -> 3 sequences? No, the set of sequences is closed under cyclic shift of values?
Let's count systematically.
Number of sequences of length 6 with elements $\{0,1,2\}$, each appearing twice, no adjacent equal.
This is equivalent to counting Eulerian paths or similar, but small enough to enumerate or use formula.
Actually, the structure of these sequences is very rigid.
They are formed by repeating a block of 3 distinct numbers?
Let's check the list:
1. 0 1 0 1 0 2 -> Not a simple repeat of 3.
Wait, let's re-verify the ""valid"" ones.
My manual enumeration might have missed constraints or included invalid ones.
Let's use a more robust method.
The number of such sequences is known to be related to the number of ways to arrange the multiset.
Total permutations of $\{0,0,",\boxed{144},0,0.0
"A right square pyramid with volume $54$ has a base with side length $6.$ The five vertices of the pyramid all lie on a sphere with radius $\frac mn$, where $m$ and $n$ are relatively prime positive integers. Find $m+n$.","To find the value of $m+n$, we need to determine the radius of the circumscribed sphere for the given right square pyramid.

### Step 1: Determine the height of the pyramid
Let the side length of the square base be $s$ and the height of the pyramid be $h$.
Given:
- Volume $V = 54$
- Base side length $s = 6$

The formula for the volume of a pyramid is:
$$V = \frac{1}{3} s^2 h$$

Substitute the given values into the formula:
$$54 = \frac{1}{3} (6)^2 h$$
$$54 = \frac{1}{3} (36) h$$
$$54 = 12 h$$
$$h = \frac{54}{12} = \frac{9}{2} = 4.5$$

So, the height of the pyramid is $h = 4.5$.

### Step 2: Set up the coordinate system and find the circumradius
Let the center of the square base be at the origin $(0,0,0)$ in a 3D coordinate system.
The vertices of the base lie on the $xy$-plane ($z=0$). Since the side length is $6$, the distance from the center to any vertex of the base is half the length of the diagonal.
The diagonal of the base square is $d = s\sqrt{2} = 6\sqrt{2}$.
The distance from the center to a base vertex is $R_{base} = \frac{d}{2} = 3\sqrt{2}$.

So, the coordinates of the four base vertices are:
$$(\pm 3, \pm 3, 0)$$
Let's verify the distance from the origin to $(3,3,0)$: $\sqrt{3^2 + 3^2} = \sqrt{18} = 3\sqrt{2}$. This matches.

The apex of the pyramid lies on the $z$-axis directly above the center because it is a ""right"" square pyramid.
The coordinates of the apex are $(0, 0, h) = (0, 0, 4.5)$.

Let the center of the circumscribed sphere be $C = (0, 0, z_0)$ and its radius be $R$.
Since the sphere passes through all five vertices, the distance from $C$ to any base vertex must equal the distance from $C$ to the apex.

Distance squared from $C(0,0,z_0)$ to a base vertex $(3,3,0)$:
$$R^2 = (3-0)^2 + (3-0)^2 + (0-z_0)^2 = 9 + 9 + z_0^2 = 18 + z_0^2$$

Distance squared from $C(0,0,z_0)$ to the apex $(0,0,4.5)$:
$$R^2 = (0-0)^2 + (0-0)^2 + (4.5-z_0)^2 = (4.5 - z_0)^2$$

Equating the two expressions for $R^2$:
$$18 + z_0^2 = (4.5 - z_0)^2$$
$$18 + z_0^2 = 4.5^2 - 2(4.5)z_0 + z_0^2$$
$$18 = 20.25 - 9z_0$$
$$9z_0 = 20.25 - 18$$
$$9z_0 = 2.25$$
$$z_0 = \frac{2.25}{9} = \frac{9/4}{9} = \frac{1}{4} = 0.25$$

Now, calculate the radius $R$ using $z_0 = 0.25$:
$$R^2 = 18 + z_0^2 = 18 + \left(\frac{1}{4}\right)^2 = 18 + \frac{1}{16}$$
$$R^2 = \frac{18 \times 16}{16} + \frac{1}{16} = \frac{288 + 1}{16} = \frac{289}{16}$$
$$R = \sqrt{\frac{289}{16}} = \frac{17}{4}$$

Alternatively, using the apex distance:
$$R = |4.5 - 0.25| = 4.25 = \frac{17}{4}$$

### Step 3: Identify $m$ and $n$ and calculate $m+n$
The radius is $R = \frac{17}{4}$.
Here, $m = 17$ and $n = 4$.
Check if $m$ and $n$ are relatively prime:
- Factors of 17: 1, 17 (prime number)
- Factors of 4: 1, 2, 4
- $\gcd(17, 4) = 1$. They are relatively prime.

We need to find $m + n$:
$$m + n = 17 + 4 = 21$$

### Conclusion
The radius of the sphere is $\frac{17}{4}$. Thus, $m=17$ and $n=4$.
The sum $m+n$ is $21$.

21",\boxed{021},1,0.0
